nivell_geo,codi_geo,ccaa,any,cnae,cnae_nom,locals,poblacio,locals_per_1000hab,var_interanual_pct,travessa_trencament,nota_trencament,font
espanya,00,espanya,2010,47,Comerç al detall (total CNAE 47),617548,47021031,13.133,,False,,INE DIRCE T=294 (locals); INE Padró T=29005 sumat per CCAA
espanya,00,espanya,2011,47,Comerç al detall (total CNAE 47),606131,47190493,12.844,-1.85,False,,INE DIRCE T=294 (locals); INE Padró T=29005 sumat per CCAA
espanya,00,espanya,2012,47,Comerç al detall (total CNAE 47),600595,47265321,12.707,-0.91,False,,INE DIRCE T=294 (locals); INE Padró T=29005 sumat per CCAA
espanya,00,espanya,2013,47,Comerç al detall (total CNAE 47),592172,47129783,12.565,-1.4,False,,INE DIRCE T=294 (locals); INE Padró T=29005 sumat per CCAA
espanya,00,espanya,2014,47,Comerç al detall (total CNAE 47),583908,46771341,12.484,-1.4,False,,INE DIRCE T=294 (locals); INE Padró T=29005 sumat per CCAA
espanya,00,espanya,2015,47,Comerç al detall (total CNAE 47),583796,46624382,12.521,-0.02,False,,INE DIRCE T=294 (locals); INE Padró T=29005 sumat per CCAA
espanya,00,espanya,2016,47,Comerç al detall (total CNAE 47),576211,46557008,12.376,-1.3,False,,INE DIRCE T=294 (locals); INE Padró T=29005 sumat per CCAA
espanya,00,espanya,2017,47,Comerç al detall (total CNAE 47),573676,46572132,12.318,-0.44,False,,INE DIRCE T=294 (locals); INE Padró T=29005 sumat per CCAA
espanya,00,espanya,2018,47,Comerç al detall (total CNAE 47),566822,46722980,12.132,-1.19,False,,INE DIRCE T=294 (locals); INE Padró T=29005 sumat per CCAA
espanya,00,espanya,2019,47,Comerç al detall (total CNAE 47),559301,47026208,11.893,-1.33,False,,INE DIRCE T=294 (locals); INE Padró T=29005 sumat per CCAA
espanya,00,espanya,2020,47,Comerç al detall (total CNAE 47),550310,47450795,11.597,-1.61,False,,INE DIRCE T=294 (locals); INE Padró T=29005 sumat per CCAA
espanya,00,espanya,2021,47,Comerç al detall (total CNAE 47),541464,47385107,11.427,-1.61,False,,INE DIRCE T=294 (locals); INE Padró T=29005 sumat per CCAA
espanya,00,espanya,2022,47,Comerç al detall (total CNAE 47),543658,47475420,11.451,0.41,False,,INE DIRCE T=294 (locals); INE Padró T=29005 sumat per CCAA
espanya,00,espanya,2023,47,Comerç al detall (total CNAE 47),507591,48022515,10.57,-6.63,True,La variació 2022→2023 travessa el trencament de sèrie DIRCE de 2023: no comparable.,INE DIRCE T=294 (locals); INE Padró T=29005 sumat per CCAA
espanya,00,espanya,2024,47,Comerç al detall (total CNAE 47),500340,48587813,10.298,-1.43,False,,INE DIRCE T=294 (locals); INE Padró T=29005 sumat per CCAA
espanya,00,espanya,2025,47,Comerç al detall (total CNAE 47),494302,49114494,10.064,-1.21,False,,INE DIRCE T=294 (locals); INE Padró T=29005 sumat per CCAA
espanya,00,espanya,2010,471,Establiments no especialitzats (súper i hiper),98343,47021031,2.091,,False,,INE DIRCE T=294 (locals); INE Padró T=29005 sumat per CCAA
espanya,00,espanya,2011,471,Establiments no especialitzats (súper i hiper),67904,47190493,1.439,-30.95,False,,INE DIRCE T=294 (locals); INE Padró T=29005 sumat per CCAA
espanya,00,espanya,2012,471,Establiments no especialitzats (súper i hiper),68016,47265321,1.439,0.16,False,,INE DIRCE T=294 (locals); INE Padró T=29005 sumat per CCAA
espanya,00,espanya,2013,471,Establiments no especialitzats (súper i hiper),68089,47129783,1.445,0.11,False,,INE DIRCE T=294 (locals); INE Padró T=29005 sumat per CCAA
espanya,00,espanya,2014,471,Establiments no especialitzats (súper i hiper),67904,46771341,1.452,-0.27,False,,INE DIRCE T=294 (locals); INE Padró T=29005 sumat per CCAA
espanya,00,espanya,2015,471,Establiments no especialitzats (súper i hiper),68094,46624382,1.46,0.28,False,,INE DIRCE T=294 (locals); INE Padró T=29005 sumat per CCAA
espanya,00,espanya,2016,471,Establiments no especialitzats (súper i hiper),67021,46557008,1.44,-1.58,False,,INE DIRCE T=294 (locals); INE Padró T=29005 sumat per CCAA
espanya,00,espanya,2017,471,Establiments no especialitzats (súper i hiper),66668,46572132,1.431,-0.53,False,,INE DIRCE T=294 (locals); INE Padró T=29005 sumat per CCAA
espanya,00,espanya,2018,471,Establiments no especialitzats (súper i hiper),66024,46722980,1.413,-0.97,False,,INE DIRCE T=294 (locals); INE Padró T=29005 sumat per CCAA
espanya,00,espanya,2019,471,Establiments no especialitzats (súper i hiper),66142,47026208,1.406,0.18,False,,INE DIRCE T=294 (locals); INE Padró T=29005 sumat per CCAA
espanya,00,espanya,2020,471,Establiments no especialitzats (súper i hiper),64082,47450795,1.35,-3.11,False,,INE DIRCE T=294 (locals); INE Padró T=29005 sumat per CCAA
espanya,00,espanya,2021,471,Establiments no especialitzats (súper i hiper),63723,47385107,1.345,-0.56,False,,INE DIRCE T=294 (locals); INE Padró T=29005 sumat per CCAA
espanya,00,espanya,2022,471,Establiments no especialitzats (súper i hiper),65171,47475420,1.373,2.27,False,,INE DIRCE T=294 (locals); INE Padró T=29005 sumat per CCAA
espanya,00,espanya,2023,471,Establiments no especialitzats (súper i hiper),62552,48022515,1.303,-4.02,True,La variació 2022→2023 travessa el trencament de sèrie DIRCE de 2023: no comparable.,INE DIRCE T=294 (locals); INE Padró T=29005 sumat per CCAA
espanya,00,espanya,2024,471,Establiments no especialitzats (súper i hiper),62083,48587813,1.278,-0.75,False,,INE DIRCE T=294 (locals); INE Padró T=29005 sumat per CCAA
espanya,00,espanya,2025,471,Establiments no especialitzats (súper i hiper),62255,49114494,1.268,0.28,False,,INE DIRCE T=294 (locals); INE Padró T=29005 sumat per CCAA
espanya,00,espanya,2010,472,"Aliments, begudes i tabac (especialitzat)",106059,47021031,2.256,,False,,INE DIRCE T=294 (locals); INE Padró T=29005 sumat per CCAA
espanya,00,espanya,2011,472,"Aliments, begudes i tabac (especialitzat)",119121,47190493,2.524,12.32,False,,INE DIRCE T=294 (locals); INE Padró T=29005 sumat per CCAA
espanya,00,espanya,2012,472,"Aliments, begudes i tabac (especialitzat)",118848,47265321,2.514,-0.23,False,,INE DIRCE T=294 (locals); INE Padró T=29005 sumat per CCAA
espanya,00,espanya,2013,472,"Aliments, begudes i tabac (especialitzat)",118832,47129783,2.521,-0.01,False,,INE DIRCE T=294 (locals); INE Padró T=29005 sumat per CCAA
espanya,00,espanya,2014,472,"Aliments, begudes i tabac (especialitzat)",117013,46771341,2.502,-1.53,False,,INE DIRCE T=294 (locals); INE Padró T=29005 sumat per CCAA
espanya,00,espanya,2015,472,"Aliments, begudes i tabac (especialitzat)",115890,46624382,2.486,-0.96,False,,INE DIRCE T=294 (locals); INE Padró T=29005 sumat per CCAA
espanya,00,espanya,2016,472,"Aliments, begudes i tabac (especialitzat)",113112,46557008,2.43,-2.4,False,,INE DIRCE T=294 (locals); INE Padró T=29005 sumat per CCAA
espanya,00,espanya,2017,472,"Aliments, begudes i tabac (especialitzat)",112003,46572132,2.405,-0.98,False,,INE DIRCE T=294 (locals); INE Padró T=29005 sumat per CCAA
espanya,00,espanya,2018,472,"Aliments, begudes i tabac (especialitzat)",110078,46722980,2.356,-1.72,False,,INE DIRCE T=294 (locals); INE Padró T=29005 sumat per CCAA
espanya,00,espanya,2019,472,"Aliments, begudes i tabac (especialitzat)",106616,47026208,2.267,-3.15,False,,INE DIRCE T=294 (locals); INE Padró T=29005 sumat per CCAA
espanya,00,espanya,2020,472,"Aliments, begudes i tabac (especialitzat)",105010,47450795,2.213,-1.51,False,,INE DIRCE T=294 (locals); INE Padró T=29005 sumat per CCAA
espanya,00,espanya,2021,472,"Aliments, begudes i tabac (especialitzat)",105317,47385107,2.223,0.29,False,,INE DIRCE T=294 (locals); INE Padró T=29005 sumat per CCAA
espanya,00,espanya,2022,472,"Aliments, begudes i tabac (especialitzat)",105372,47475420,2.22,0.05,False,,INE DIRCE T=294 (locals); INE Padró T=29005 sumat per CCAA
espanya,00,espanya,2023,472,"Aliments, begudes i tabac (especialitzat)",98426,48022515,2.05,-6.59,True,La variació 2022→2023 travessa el trencament de sèrie DIRCE de 2023: no comparable.,INE DIRCE T=294 (locals); INE Padró T=29005 sumat per CCAA
espanya,00,espanya,2024,472,"Aliments, begudes i tabac (especialitzat)",95653,48587813,1.969,-2.82,False,,INE DIRCE T=294 (locals); INE Padró T=29005 sumat per CCAA
espanya,00,espanya,2025,472,"Aliments, begudes i tabac (especialitzat)",93216,49114494,1.898,-2.55,False,,INE DIRCE T=294 (locals); INE Padró T=29005 sumat per CCAA
espanya,00,espanya,2010,473,Combustible (gasolineres),8393,47021031,0.178,,False,,INE DIRCE T=294 (locals); INE Padró T=29005 sumat per CCAA
espanya,00,espanya,2011,473,Combustible (gasolineres),8639,47190493,0.183,2.93,False,,INE DIRCE T=294 (locals); INE Padró T=29005 sumat per CCAA
espanya,00,espanya,2012,473,Combustible (gasolineres),8755,47265321,0.185,1.34,False,,INE DIRCE T=294 (locals); INE Padró T=29005 sumat per CCAA
espanya,00,espanya,2013,473,Combustible (gasolineres),8775,47129783,0.186,0.23,False,,INE DIRCE T=294 (locals); INE Padró T=29005 sumat per CCAA
espanya,00,espanya,2014,473,Combustible (gasolineres),8902,46771341,0.19,1.45,False,,INE DIRCE T=294 (locals); INE Padró T=29005 sumat per CCAA
espanya,00,espanya,2015,473,Combustible (gasolineres),9072,46624382,0.195,1.91,False,,INE DIRCE T=294 (locals); INE Padró T=29005 sumat per CCAA
espanya,00,espanya,2016,473,Combustible (gasolineres),9240,46557008,0.198,1.85,False,,INE DIRCE T=294 (locals); INE Padró T=29005 sumat per CCAA
espanya,00,espanya,2017,473,Combustible (gasolineres),9360,46572132,0.201,1.3,False,,INE DIRCE T=294 (locals); INE Padró T=29005 sumat per CCAA
espanya,00,espanya,2018,473,Combustible (gasolineres),9446,46722980,0.202,0.92,False,,INE DIRCE T=294 (locals); INE Padró T=29005 sumat per CCAA
espanya,00,espanya,2019,473,Combustible (gasolineres),10138,47026208,0.216,7.33,False,,INE DIRCE T=294 (locals); INE Padró T=29005 sumat per CCAA
espanya,00,espanya,2020,473,Combustible (gasolineres),10166,47450795,0.214,0.28,False,,INE DIRCE T=294 (locals); INE Padró T=29005 sumat per CCAA
espanya,00,espanya,2021,473,Combustible (gasolineres),10062,47385107,0.212,-1.02,False,,INE DIRCE T=294 (locals); INE Padró T=29005 sumat per CCAA
espanya,00,espanya,2022,473,Combustible (gasolineres),10094,47475420,0.213,0.32,False,,INE DIRCE T=294 (locals); INE Padró T=29005 sumat per CCAA
espanya,00,espanya,2023,473,Combustible (gasolineres),9948,48022515,0.207,-1.45,True,La variació 2022→2023 travessa el trencament de sèrie DIRCE de 2023: no comparable.,INE DIRCE T=294 (locals); INE Padró T=29005 sumat per CCAA
espanya,00,espanya,2024,473,Combustible (gasolineres),10214,48587813,0.21,2.67,False,,INE DIRCE T=294 (locals); INE Padró T=29005 sumat per CCAA
espanya,00,espanya,2025,473,Combustible (gasolineres),10496,49114494,0.214,2.76,False,,INE DIRCE T=294 (locals); INE Padró T=29005 sumat per CCAA
espanya,00,espanya,2010,474,Equips TIC,15055,47021031,0.32,,False,,INE DIRCE T=294 (locals); INE Padró T=29005 sumat per CCAA
espanya,00,espanya,2011,474,Equips TIC,13090,47190493,0.277,-13.05,False,,INE DIRCE T=294 (locals); INE Padró T=29005 sumat per CCAA
espanya,00,espanya,2012,474,Equips TIC,12919,47265321,0.273,-1.31,False,,INE DIRCE T=294 (locals); INE Padró T=29005 sumat per CCAA
espanya,00,espanya,2013,474,Equips TIC,12622,47129783,0.268,-2.3,False,,INE DIRCE T=294 (locals); INE Padró T=29005 sumat per CCAA
espanya,00,espanya,2014,474,Equips TIC,12266,46771341,0.262,-2.82,False,,INE DIRCE T=294 (locals); INE Padró T=29005 sumat per CCAA
espanya,00,espanya,2015,474,Equips TIC,12098,46624382,0.259,-1.37,False,,INE DIRCE T=294 (locals); INE Padró T=29005 sumat per CCAA
espanya,00,espanya,2016,474,Equips TIC,11810,46557008,0.254,-2.38,False,,INE DIRCE T=294 (locals); INE Padró T=29005 sumat per CCAA
espanya,00,espanya,2017,474,Equips TIC,11663,46572132,0.25,-1.24,False,,INE DIRCE T=294 (locals); INE Padró T=29005 sumat per CCAA
espanya,00,espanya,2018,474,Equips TIC,11723,46722980,0.251,0.51,False,,INE DIRCE T=294 (locals); INE Padró T=29005 sumat per CCAA
espanya,00,espanya,2019,474,Equips TIC,11758,47026208,0.25,0.3,False,,INE DIRCE T=294 (locals); INE Padró T=29005 sumat per CCAA
espanya,00,espanya,2020,474,Equips TIC,11484,47450795,0.242,-2.33,False,,INE DIRCE T=294 (locals); INE Padró T=29005 sumat per CCAA
espanya,00,espanya,2021,474,Equips TIC,10881,47385107,0.23,-5.25,False,,INE DIRCE T=294 (locals); INE Padró T=29005 sumat per CCAA
espanya,00,espanya,2022,474,Equips TIC,10929,47475420,0.23,0.44,False,,INE DIRCE T=294 (locals); INE Padró T=29005 sumat per CCAA
espanya,00,espanya,2023,474,Equips TIC,9789,48022515,0.204,-10.43,True,La variació 2022→2023 travessa el trencament de sèrie DIRCE de 2023: no comparable.,INE DIRCE T=294 (locals); INE Padró T=29005 sumat per CCAA
espanya,00,espanya,2024,474,Equips TIC,9378,48587813,0.193,-4.2,False,,INE DIRCE T=294 (locals); INE Padró T=29005 sumat per CCAA
espanya,00,espanya,2025,474,Equips TIC,9080,49114494,0.185,-3.18,False,,INE DIRCE T=294 (locals); INE Padró T=29005 sumat per CCAA
espanya,00,espanya,2010,475,Equipament de la llar,112788,47021031,2.399,,False,,INE DIRCE T=294 (locals); INE Padró T=29005 sumat per CCAA
espanya,00,espanya,2011,475,Equipament de la llar,119915,47190493,2.541,6.32,False,,INE DIRCE T=294 (locals); INE Padró T=29005 sumat per CCAA
espanya,00,espanya,2012,475,Equipament de la llar,116820,47265321,2.472,-2.58,False,,INE DIRCE T=294 (locals); INE Padró T=29005 sumat per CCAA
espanya,00,espanya,2013,475,Equipament de la llar,112405,47129783,2.385,-3.78,False,,INE DIRCE T=294 (locals); INE Padró T=29005 sumat per CCAA
espanya,00,espanya,2014,475,Equipament de la llar,109212,46771341,2.335,-2.84,False,,INE DIRCE T=294 (locals); INE Padró T=29005 sumat per CCAA
espanya,00,espanya,2015,475,Equipament de la llar,106663,46624382,2.288,-2.33,False,,INE DIRCE T=294 (locals); INE Padró T=29005 sumat per CCAA
espanya,00,espanya,2016,475,Equipament de la llar,103970,46557008,2.233,-2.52,False,,INE DIRCE T=294 (locals); INE Padró T=29005 sumat per CCAA
espanya,00,espanya,2017,475,Equipament de la llar,101234,46572132,2.174,-2.63,False,,INE DIRCE T=294 (locals); INE Padró T=29005 sumat per CCAA
espanya,00,espanya,2018,475,Equipament de la llar,97701,46722980,2.091,-3.49,False,,INE DIRCE T=294 (locals); INE Padró T=29005 sumat per CCAA
espanya,00,espanya,2019,475,Equipament de la llar,94023,47026208,1.999,-3.76,False,,INE DIRCE T=294 (locals); INE Padró T=29005 sumat per CCAA
espanya,00,espanya,2020,475,Equipament de la llar,91772,47450795,1.934,-2.39,False,,INE DIRCE T=294 (locals); INE Padró T=29005 sumat per CCAA
espanya,00,espanya,2021,475,Equipament de la llar,89474,47385107,1.888,-2.5,False,,INE DIRCE T=294 (locals); INE Padró T=29005 sumat per CCAA
espanya,00,espanya,2022,475,Equipament de la llar,89237,47475420,1.88,-0.26,False,,INE DIRCE T=294 (locals); INE Padró T=29005 sumat per CCAA
espanya,00,espanya,2023,475,Equipament de la llar,82691,48022515,1.722,-7.34,True,La variació 2022→2023 travessa el trencament de sèrie DIRCE de 2023: no comparable.,INE DIRCE T=294 (locals); INE Padró T=29005 sumat per CCAA
espanya,00,espanya,2024,475,Equipament de la llar,81374,48587813,1.675,-1.59,False,,INE DIRCE T=294 (locals); INE Padró T=29005 sumat per CCAA
espanya,00,espanya,2025,475,Equipament de la llar,80147,49114494,1.632,-1.51,False,,INE DIRCE T=294 (locals); INE Padró T=29005 sumat per CCAA
espanya,00,espanya,2010,476,Articles culturals i recreatius,36735,47021031,0.781,,False,,INE DIRCE T=294 (locals); INE Padró T=29005 sumat per CCAA
espanya,00,espanya,2011,476,Articles culturals i recreatius,39655,47190493,0.84,7.95,False,,INE DIRCE T=294 (locals); INE Padró T=29005 sumat per CCAA
espanya,00,espanya,2012,476,Articles culturals i recreatius,39306,47265321,0.832,-0.88,False,,INE DIRCE T=294 (locals); INE Padró T=29005 sumat per CCAA
espanya,00,espanya,2013,476,Articles culturals i recreatius,38871,47129783,0.825,-1.11,False,,INE DIRCE T=294 (locals); INE Padró T=29005 sumat per CCAA
espanya,00,espanya,2014,476,Articles culturals i recreatius,38218,46771341,0.817,-1.68,False,,INE DIRCE T=294 (locals); INE Padró T=29005 sumat per CCAA
espanya,00,espanya,2015,476,Articles culturals i recreatius,37946,46624382,0.814,-0.71,False,,INE DIRCE T=294 (locals); INE Padró T=29005 sumat per CCAA
espanya,00,espanya,2016,476,Articles culturals i recreatius,36781,46557008,0.79,-3.07,False,,INE DIRCE T=294 (locals); INE Padró T=29005 sumat per CCAA
espanya,00,espanya,2017,476,Articles culturals i recreatius,36358,46572132,0.781,-1.15,False,,INE DIRCE T=294 (locals); INE Padró T=29005 sumat per CCAA
espanya,00,espanya,2018,476,Articles culturals i recreatius,35905,46722980,0.768,-1.25,False,,INE DIRCE T=294 (locals); INE Padró T=29005 sumat per CCAA
espanya,00,espanya,2019,476,Articles culturals i recreatius,32918,47026208,0.7,-8.32,False,,INE DIRCE T=294 (locals); INE Padró T=29005 sumat per CCAA
espanya,00,espanya,2020,476,Articles culturals i recreatius,31965,47450795,0.674,-2.9,False,,INE DIRCE T=294 (locals); INE Padró T=29005 sumat per CCAA
espanya,00,espanya,2021,476,Articles culturals i recreatius,30671,47385107,0.647,-4.05,False,,INE DIRCE T=294 (locals); INE Padró T=29005 sumat per CCAA
espanya,00,espanya,2022,476,Articles culturals i recreatius,30578,47475420,0.644,-0.3,False,,INE DIRCE T=294 (locals); INE Padró T=29005 sumat per CCAA
espanya,00,espanya,2023,476,Articles culturals i recreatius,28512,48022515,0.594,-6.76,True,La variació 2022→2023 travessa el trencament de sèrie DIRCE de 2023: no comparable.,INE DIRCE T=294 (locals); INE Padró T=29005 sumat per CCAA
espanya,00,espanya,2024,476,Articles culturals i recreatius,27909,48587813,0.574,-2.11,False,,INE DIRCE T=294 (locals); INE Padró T=29005 sumat per CCAA
espanya,00,espanya,2025,476,Articles culturals i recreatius,27226,49114494,0.554,-2.45,False,,INE DIRCE T=294 (locals); INE Padró T=29005 sumat per CCAA
espanya,00,espanya,2010,477,"Altres articles (moda, calçat, etc.)",187782,47021031,3.994,,False,,INE DIRCE T=294 (locals); INE Padró T=29005 sumat per CCAA
espanya,00,espanya,2011,477,"Altres articles (moda, calçat, etc.)",187280,47190493,3.969,-0.27,False,,INE DIRCE T=294 (locals); INE Padró T=29005 sumat per CCAA
espanya,00,espanya,2012,477,"Altres articles (moda, calçat, etc.)",185974,47265321,3.935,-0.7,False,,INE DIRCE T=294 (locals); INE Padró T=29005 sumat per CCAA
espanya,00,espanya,2013,477,"Altres articles (moda, calçat, etc.)",182663,47129783,3.876,-1.78,False,,INE DIRCE T=294 (locals); INE Padró T=29005 sumat per CCAA
espanya,00,espanya,2014,477,"Altres articles (moda, calçat, etc.)",181357,46771341,3.878,-0.71,False,,INE DIRCE T=294 (locals); INE Padró T=29005 sumat per CCAA
espanya,00,espanya,2015,477,"Altres articles (moda, calçat, etc.)",182290,46624382,3.91,0.51,False,,INE DIRCE T=294 (locals); INE Padró T=29005 sumat per CCAA
espanya,00,espanya,2016,477,"Altres articles (moda, calçat, etc.)",181917,46557008,3.907,-0.2,False,,INE DIRCE T=294 (locals); INE Padró T=29005 sumat per CCAA
espanya,00,espanya,2017,477,"Altres articles (moda, calçat, etc.)",182928,46572132,3.928,0.56,False,,INE DIRCE T=294 (locals); INE Padró T=29005 sumat per CCAA
espanya,00,espanya,2018,477,"Altres articles (moda, calçat, etc.)",182455,46722980,3.905,-0.26,False,,INE DIRCE T=294 (locals); INE Padró T=29005 sumat per CCAA
espanya,00,espanya,2019,477,"Altres articles (moda, calçat, etc.)",182605,47026208,3.883,0.08,False,,INE DIRCE T=294 (locals); INE Padró T=29005 sumat per CCAA
espanya,00,espanya,2020,477,"Altres articles (moda, calçat, etc.)",178603,47450795,3.764,-2.19,False,,INE DIRCE T=294 (locals); INE Padró T=29005 sumat per CCAA
espanya,00,espanya,2021,477,"Altres articles (moda, calçat, etc.)",175067,47385107,3.695,-1.98,False,,INE DIRCE T=294 (locals); INE Padró T=29005 sumat per CCAA
espanya,00,espanya,2022,477,"Altres articles (moda, calçat, etc.)",174771,47475420,3.681,-0.17,False,,INE DIRCE T=294 (locals); INE Padró T=29005 sumat per CCAA
espanya,00,espanya,2023,477,"Altres articles (moda, calçat, etc.)",164205,48022515,3.419,-6.05,True,La variació 2022→2023 travessa el trencament de sèrie DIRCE de 2023: no comparable.,INE DIRCE T=294 (locals); INE Padró T=29005 sumat per CCAA
espanya,00,espanya,2024,477,"Altres articles (moda, calçat, etc.)",162357,48587813,3.342,-1.13,False,,INE DIRCE T=294 (locals); INE Padró T=29005 sumat per CCAA
espanya,00,espanya,2025,477,"Altres articles (moda, calçat, etc.)",160521,49114494,3.268,-1.13,False,,INE DIRCE T=294 (locals); INE Padró T=29005 sumat per CCAA
espanya,00,espanya,2010,478,Punts de venda i mercadillos,42562,47021031,0.905,,False,,INE DIRCE T=294 (locals); INE Padró T=29005 sumat per CCAA
espanya,00,espanya,2011,478,Punts de venda i mercadillos,40513,47190493,0.858,-4.81,False,,INE DIRCE T=294 (locals); INE Padró T=29005 sumat per CCAA
espanya,00,espanya,2012,478,Punts de venda i mercadillos,39718,47265321,0.84,-1.96,False,,INE DIRCE T=294 (locals); INE Padró T=29005 sumat per CCAA
espanya,00,espanya,2013,478,Punts de venda i mercadillos,39424,47129783,0.836,-0.74,False,,INE DIRCE T=294 (locals); INE Padró T=29005 sumat per CCAA
espanya,00,espanya,2014,478,Punts de venda i mercadillos,38301,46771341,0.819,-2.85,False,,INE DIRCE T=294 (locals); INE Padró T=29005 sumat per CCAA
espanya,00,espanya,2015,478,Punts de venda i mercadillos,40481,46624382,0.868,5.69,False,,INE DIRCE T=294 (locals); INE Padró T=29005 sumat per CCAA
espanya,00,espanya,2016,478,Punts de venda i mercadillos,40878,46557008,0.878,0.98,False,,INE DIRCE T=294 (locals); INE Padró T=29005 sumat per CCAA
espanya,00,espanya,2017,478,Punts de venda i mercadillos,41678,46572132,0.895,1.96,False,,INE DIRCE T=294 (locals); INE Padró T=29005 sumat per CCAA
espanya,00,espanya,2018,478,Punts de venda i mercadillos,41379,46722980,0.886,-0.72,False,,INE DIRCE T=294 (locals); INE Padró T=29005 sumat per CCAA
espanya,00,espanya,2019,478,Punts de venda i mercadillos,42499,47026208,0.904,2.71,False,,INE DIRCE T=294 (locals); INE Padró T=29005 sumat per CCAA
espanya,00,espanya,2020,478,Punts de venda i mercadillos,43535,47450795,0.917,2.44,False,,INE DIRCE T=294 (locals); INE Padró T=29005 sumat per CCAA
espanya,00,espanya,2021,478,Punts de venda i mercadillos,41143,47385107,0.868,-5.49,False,,INE DIRCE T=294 (locals); INE Padró T=29005 sumat per CCAA
espanya,00,espanya,2022,478,Punts de venda i mercadillos,41165,47475420,0.867,0.05,False,,INE DIRCE T=294 (locals); INE Padró T=29005 sumat per CCAA
espanya,00,espanya,2023,478,Punts de venda i mercadillos,36594,48022515,0.762,-11.1,True,La variació 2022→2023 travessa el trencament de sèrie DIRCE de 2023: no comparable.,INE DIRCE T=294 (locals); INE Padró T=29005 sumat per CCAA
espanya,00,espanya,2024,478,Punts de venda i mercadillos,35597,48587813,0.733,-2.72,False,,INE DIRCE T=294 (locals); INE Padró T=29005 sumat per CCAA
espanya,00,espanya,2025,478,Punts de venda i mercadillos,34818,49114494,0.709,-2.19,False,,INE DIRCE T=294 (locals); INE Padró T=29005 sumat per CCAA
espanya,00,espanya,2010,479,Comerç no en establiment (internet),9831,47021031,0.209,,False,,INE DIRCE T=294 (locals); INE Padró T=29005 sumat per CCAA
espanya,00,espanya,2011,479,Comerç no en establiment (internet),10014,47190493,0.212,1.86,False,,INE DIRCE T=294 (locals); INE Padró T=29005 sumat per CCAA
espanya,00,espanya,2012,479,Comerç no en establiment (internet),10239,47265321,0.217,2.25,False,,INE DIRCE T=294 (locals); INE Padró T=29005 sumat per CCAA
espanya,00,espanya,2013,479,Comerç no en establiment (internet),10491,47129783,0.223,2.46,False,,INE DIRCE T=294 (locals); INE Padró T=29005 sumat per CCAA
espanya,00,espanya,2014,479,Comerç no en establiment (internet),10735,46771341,0.23,2.33,False,,INE DIRCE T=294 (locals); INE Padró T=29005 sumat per CCAA
espanya,00,espanya,2015,479,Comerç no en establiment (internet),11262,46624382,0.242,4.91,False,,INE DIRCE T=294 (locals); INE Padró T=29005 sumat per CCAA
espanya,00,espanya,2016,479,Comerç no en establiment (internet),11482,46557008,0.247,1.95,False,,INE DIRCE T=294 (locals); INE Padró T=29005 sumat per CCAA
espanya,00,espanya,2017,479,Comerç no en establiment (internet),11784,46572132,0.253,2.63,False,,INE DIRCE T=294 (locals); INE Padró T=29005 sumat per CCAA
espanya,00,espanya,2018,479,Comerç no en establiment (internet),12111,46722980,0.259,2.77,False,,INE DIRCE T=294 (locals); INE Padró T=29005 sumat per CCAA
espanya,00,espanya,2019,479,Comerç no en establiment (internet),12602,47026208,0.268,4.05,False,,INE DIRCE T=294 (locals); INE Padró T=29005 sumat per CCAA
espanya,00,espanya,2020,479,Comerç no en establiment (internet),13693,47450795,0.289,8.66,False,,INE DIRCE T=294 (locals); INE Padró T=29005 sumat per CCAA
espanya,00,espanya,2021,479,Comerç no en establiment (internet),15126,47385107,0.319,10.47,False,,INE DIRCE T=294 (locals); INE Padró T=29005 sumat per CCAA
espanya,00,espanya,2022,479,Comerç no en establiment (internet),16341,47475420,0.344,8.03,False,,INE DIRCE T=294 (locals); INE Padró T=29005 sumat per CCAA
espanya,00,espanya,2023,479,Comerç no en establiment (internet),14874,48022515,0.31,-8.98,True,La variació 2022→2023 travessa el trencament de sèrie DIRCE de 2023: no comparable.,INE DIRCE T=294 (locals); INE Padró T=29005 sumat per CCAA
espanya,00,espanya,2024,479,Comerç no en establiment (internet),15775,48587813,0.325,6.06,False,,INE DIRCE T=294 (locals); INE Padró T=29005 sumat per CCAA
espanya,00,espanya,2025,479,Comerç no en establiment (internet),16543,49114494,0.337,4.87,False,,INE DIRCE T=294 (locals); INE Padró T=29005 sumat per CCAA
ccaa,01,Andalucía,2010,47,Comerç al detall (total CNAE 47),116526,8370975,13.92,,False,,INE DIRCE T=294 (locals); INE Padró T=29005 sumat per CCAA
ccaa,01,Andalucía,2011,47,Comerç al detall (total CNAE 47),114515,8424102,13.594,-1.73,False,,INE DIRCE T=294 (locals); INE Padró T=29005 sumat per CCAA
ccaa,01,Andalucía,2012,47,Comerç al detall (total CNAE 47),112861,8449985,13.356,-1.44,False,,INE DIRCE T=294 (locals); INE Padró T=29005 sumat per CCAA
ccaa,01,Andalucía,2013,47,Comerç al detall (total CNAE 47),111537,8440300,13.215,-1.17,False,,INE DIRCE T=294 (locals); INE Padró T=29005 sumat per CCAA
ccaa,01,Andalucía,2014,47,Comerç al detall (total CNAE 47),110187,8402305,13.114,-1.21,False,,INE DIRCE T=294 (locals); INE Padró T=29005 sumat per CCAA
ccaa,01,Andalucía,2015,47,Comerç al detall (total CNAE 47),110525,8399043,13.159,0.31,False,,INE DIRCE T=294 (locals); INE Padró T=29005 sumat per CCAA
ccaa,01,Andalucía,2016,47,Comerç al detall (total CNAE 47),109712,8388107,13.079,-0.74,False,,INE DIRCE T=294 (locals); INE Padró T=29005 sumat per CCAA
ccaa,01,Andalucía,2017,47,Comerç al detall (total CNAE 47),110232,8379820,13.154,0.47,False,,INE DIRCE T=294 (locals); INE Padró T=29005 sumat per CCAA
ccaa,01,Andalucía,2018,47,Comerç al detall (total CNAE 47),108675,8384408,12.962,-1.41,False,,INE DIRCE T=294 (locals); INE Padró T=29005 sumat per CCAA
ccaa,01,Andalucía,2019,47,Comerç al detall (total CNAE 47),107644,8414240,12.793,-0.95,False,,INE DIRCE T=294 (locals); INE Padró T=29005 sumat per CCAA
ccaa,01,Andalucía,2020,47,Comerç al detall (total CNAE 47),107282,8464411,12.674,-0.34,False,,INE DIRCE T=294 (locals); INE Padró T=29005 sumat per CCAA
ccaa,01,Andalucía,2021,47,Comerç al detall (total CNAE 47),106240,8472407,12.54,-0.97,False,,INE DIRCE T=294 (locals); INE Padró T=29005 sumat per CCAA
ccaa,01,Andalucía,2022,47,Comerç al detall (total CNAE 47),107225,8500187,12.614,0.93,False,,INE DIRCE T=294 (locals); INE Padró T=29005 sumat per CCAA
ccaa,01,Andalucía,2023,47,Comerç al detall (total CNAE 47),100639,8568513,11.745,-6.14,True,La variació 2022→2023 travessa el trencament de sèrie DIRCE de 2023: no comparable.,INE DIRCE T=294 (locals); INE Padró T=29005 sumat per CCAA
ccaa,01,Andalucía,2024,47,Comerç al detall (total CNAE 47),98965,8619616,11.481,-1.66,False,,INE DIRCE T=294 (locals); INE Padró T=29005 sumat per CCAA
ccaa,01,Andalucía,2025,47,Comerç al detall (total CNAE 47),97891,8666412,11.295,-1.09,False,,INE DIRCE T=294 (locals); INE Padró T=29005 sumat per CCAA
ccaa,01,Andalucía,2010,471,Establiments no especialitzats (súper i hiper),21098,8370975,2.52,,False,,INE DIRCE T=294 (locals); INE Padró T=29005 sumat per CCAA
ccaa,01,Andalucía,2011,471,Establiments no especialitzats (súper i hiper),14634,8424102,1.737,-30.64,False,,INE DIRCE T=294 (locals); INE Padró T=29005 sumat per CCAA
ccaa,01,Andalucía,2012,471,Establiments no especialitzats (súper i hiper),14362,8449985,1.7,-1.86,False,,INE DIRCE T=294 (locals); INE Padró T=29005 sumat per CCAA
ccaa,01,Andalucía,2013,471,Establiments no especialitzats (súper i hiper),14257,8440300,1.689,-0.73,False,,INE DIRCE T=294 (locals); INE Padró T=29005 sumat per CCAA
ccaa,01,Andalucía,2014,471,Establiments no especialitzats (súper i hiper),14051,8402305,1.672,-1.44,False,,INE DIRCE T=294 (locals); INE Padró T=29005 sumat per CCAA
ccaa,01,Andalucía,2015,471,Establiments no especialitzats (súper i hiper),13897,8399043,1.655,-1.1,False,,INE DIRCE T=294 (locals); INE Padró T=29005 sumat per CCAA
ccaa,01,Andalucía,2016,471,Establiments no especialitzats (súper i hiper),13719,8388107,1.636,-1.28,False,,INE DIRCE T=294 (locals); INE Padró T=29005 sumat per CCAA
ccaa,01,Andalucía,2017,471,Establiments no especialitzats (súper i hiper),13521,8379820,1.614,-1.44,False,,INE DIRCE T=294 (locals); INE Padró T=29005 sumat per CCAA
ccaa,01,Andalucía,2018,471,Establiments no especialitzats (súper i hiper),13189,8384408,1.573,-2.46,False,,INE DIRCE T=294 (locals); INE Padró T=29005 sumat per CCAA
ccaa,01,Andalucía,2019,471,Establiments no especialitzats (súper i hiper),13578,8414240,1.614,2.95,False,,INE DIRCE T=294 (locals); INE Padró T=29005 sumat per CCAA
ccaa,01,Andalucía,2020,471,Establiments no especialitzats (súper i hiper),12997,8464411,1.535,-4.28,False,,INE DIRCE T=294 (locals); INE Padró T=29005 sumat per CCAA
ccaa,01,Andalucía,2021,471,Establiments no especialitzats (súper i hiper),12879,8472407,1.52,-0.91,False,,INE DIRCE T=294 (locals); INE Padró T=29005 sumat per CCAA
ccaa,01,Andalucía,2022,471,Establiments no especialitzats (súper i hiper),12925,8500187,1.521,0.36,False,,INE DIRCE T=294 (locals); INE Padró T=29005 sumat per CCAA
ccaa,01,Andalucía,2023,471,Establiments no especialitzats (súper i hiper),12323,8568513,1.438,-4.66,True,La variació 2022→2023 travessa el trencament de sèrie DIRCE de 2023: no comparable.,INE DIRCE T=294 (locals); INE Padró T=29005 sumat per CCAA
ccaa,01,Andalucía,2024,471,Establiments no especialitzats (súper i hiper),12187,8619616,1.414,-1.1,False,,INE DIRCE T=294 (locals); INE Padró T=29005 sumat per CCAA
ccaa,01,Andalucía,2025,471,Establiments no especialitzats (súper i hiper),12166,8666412,1.404,-0.17,False,,INE DIRCE T=294 (locals); INE Padró T=29005 sumat per CCAA
ccaa,01,Andalucía,2010,472,"Aliments, begudes i tabac (especialitzat)",19750,8370975,2.359,,False,,INE DIRCE T=294 (locals); INE Padró T=29005 sumat per CCAA
ccaa,01,Andalucía,2011,472,"Aliments, begudes i tabac (especialitzat)",23140,8424102,2.747,17.16,False,,INE DIRCE T=294 (locals); INE Padró T=29005 sumat per CCAA
ccaa,01,Andalucía,2012,472,"Aliments, begudes i tabac (especialitzat)",23257,8449985,2.752,0.51,False,,INE DIRCE T=294 (locals); INE Padró T=29005 sumat per CCAA
ccaa,01,Andalucía,2013,472,"Aliments, begudes i tabac (especialitzat)",23317,8440300,2.763,0.26,False,,INE DIRCE T=294 (locals); INE Padró T=29005 sumat per CCAA
ccaa,01,Andalucía,2014,472,"Aliments, begudes i tabac (especialitzat)",23065,8402305,2.745,-1.08,False,,INE DIRCE T=294 (locals); INE Padró T=29005 sumat per CCAA
ccaa,01,Andalucía,2015,472,"Aliments, begudes i tabac (especialitzat)",22889,8399043,2.725,-0.76,False,,INE DIRCE T=294 (locals); INE Padró T=29005 sumat per CCAA
ccaa,01,Andalucía,2016,472,"Aliments, begudes i tabac (especialitzat)",22360,8388107,2.666,-2.31,False,,INE DIRCE T=294 (locals); INE Padró T=29005 sumat per CCAA
ccaa,01,Andalucía,2017,472,"Aliments, begudes i tabac (especialitzat)",22418,8379820,2.675,0.26,False,,INE DIRCE T=294 (locals); INE Padró T=29005 sumat per CCAA
ccaa,01,Andalucía,2018,472,"Aliments, begudes i tabac (especialitzat)",21802,8384408,2.6,-2.75,False,,INE DIRCE T=294 (locals); INE Padró T=29005 sumat per CCAA
ccaa,01,Andalucía,2019,472,"Aliments, begudes i tabac (especialitzat)",21004,8414240,2.496,-3.66,False,,INE DIRCE T=294 (locals); INE Padró T=29005 sumat per CCAA
ccaa,01,Andalucía,2020,472,"Aliments, begudes i tabac (especialitzat)",21107,8464411,2.494,0.49,False,,INE DIRCE T=294 (locals); INE Padró T=29005 sumat per CCAA
ccaa,01,Andalucía,2021,472,"Aliments, begudes i tabac (especialitzat)",21352,8472407,2.52,1.16,False,,INE DIRCE T=294 (locals); INE Padró T=29005 sumat per CCAA
ccaa,01,Andalucía,2022,472,"Aliments, begudes i tabac (especialitzat)",21437,8500187,2.522,0.4,False,,INE DIRCE T=294 (locals); INE Padró T=29005 sumat per CCAA
ccaa,01,Andalucía,2023,472,"Aliments, begudes i tabac (especialitzat)",19911,8568513,2.324,-7.12,True,La variació 2022→2023 travessa el trencament de sèrie DIRCE de 2023: no comparable.,INE DIRCE T=294 (locals); INE Padró T=29005 sumat per CCAA
ccaa,01,Andalucía,2024,472,"Aliments, begudes i tabac (especialitzat)",19265,8619616,2.235,-3.24,False,,INE DIRCE T=294 (locals); INE Padró T=29005 sumat per CCAA
ccaa,01,Andalucía,2025,472,"Aliments, begudes i tabac (especialitzat)",18705,8666412,2.158,-2.91,False,,INE DIRCE T=294 (locals); INE Padró T=29005 sumat per CCAA
ccaa,01,Andalucía,2010,473,Combustible (gasolineres),1577,8370975,0.188,,False,,INE DIRCE T=294 (locals); INE Padró T=29005 sumat per CCAA
ccaa,01,Andalucía,2011,473,Combustible (gasolineres),1645,8424102,0.195,4.31,False,,INE DIRCE T=294 (locals); INE Padró T=29005 sumat per CCAA
ccaa,01,Andalucía,2012,473,Combustible (gasolineres),1664,8449985,0.197,1.16,False,,INE DIRCE T=294 (locals); INE Padró T=29005 sumat per CCAA
ccaa,01,Andalucía,2013,473,Combustible (gasolineres),1666,8440300,0.197,0.12,False,,INE DIRCE T=294 (locals); INE Padró T=29005 sumat per CCAA
ccaa,01,Andalucía,2014,473,Combustible (gasolineres),1719,8402305,0.205,3.18,False,,INE DIRCE T=294 (locals); INE Padró T=29005 sumat per CCAA
ccaa,01,Andalucía,2015,473,Combustible (gasolineres),1749,8399043,0.208,1.75,False,,INE DIRCE T=294 (locals); INE Padró T=29005 sumat per CCAA
ccaa,01,Andalucía,2016,473,Combustible (gasolineres),1775,8388107,0.212,1.49,False,,INE DIRCE T=294 (locals); INE Padró T=29005 sumat per CCAA
ccaa,01,Andalucía,2017,473,Combustible (gasolineres),1819,8379820,0.217,2.48,False,,INE DIRCE T=294 (locals); INE Padró T=29005 sumat per CCAA
ccaa,01,Andalucía,2018,473,Combustible (gasolineres),1850,8384408,0.221,1.7,False,,INE DIRCE T=294 (locals); INE Padró T=29005 sumat per CCAA
ccaa,01,Andalucía,2019,473,Combustible (gasolineres),2021,8414240,0.24,9.24,False,,INE DIRCE T=294 (locals); INE Padró T=29005 sumat per CCAA
ccaa,01,Andalucía,2020,473,Combustible (gasolineres),2010,8464411,0.237,-0.54,False,,INE DIRCE T=294 (locals); INE Padró T=29005 sumat per CCAA
ccaa,01,Andalucía,2021,473,Combustible (gasolineres),1997,8472407,0.236,-0.65,False,,INE DIRCE T=294 (locals); INE Padró T=29005 sumat per CCAA
ccaa,01,Andalucía,2022,473,Combustible (gasolineres),2001,8500187,0.235,0.2,False,,INE DIRCE T=294 (locals); INE Padró T=29005 sumat per CCAA
ccaa,01,Andalucía,2023,473,Combustible (gasolineres),1923,8568513,0.224,-3.9,True,La variació 2022→2023 travessa el trencament de sèrie DIRCE de 2023: no comparable.,INE DIRCE T=294 (locals); INE Padró T=29005 sumat per CCAA
ccaa,01,Andalucía,2024,473,Combustible (gasolineres),1956,8619616,0.227,1.72,False,,INE DIRCE T=294 (locals); INE Padró T=29005 sumat per CCAA
ccaa,01,Andalucía,2025,473,Combustible (gasolineres),2003,8666412,0.231,2.4,False,,INE DIRCE T=294 (locals); INE Padró T=29005 sumat per CCAA
ccaa,01,Andalucía,2010,474,Equips TIC,3022,8370975,0.361,,False,,INE DIRCE T=294 (locals); INE Padró T=29005 sumat per CCAA
ccaa,01,Andalucía,2011,474,Equips TIC,2706,8424102,0.321,-10.46,False,,INE DIRCE T=294 (locals); INE Padró T=29005 sumat per CCAA
ccaa,01,Andalucía,2012,474,Equips TIC,2630,8449985,0.311,-2.81,False,,INE DIRCE T=294 (locals); INE Padró T=29005 sumat per CCAA
ccaa,01,Andalucía,2013,474,Equips TIC,2494,8440300,0.295,-5.17,False,,INE DIRCE T=294 (locals); INE Padró T=29005 sumat per CCAA
ccaa,01,Andalucía,2014,474,Equips TIC,2425,8402305,0.289,-2.77,False,,INE DIRCE T=294 (locals); INE Padró T=29005 sumat per CCAA
ccaa,01,Andalucía,2015,474,Equips TIC,2394,8399043,0.285,-1.28,False,,INE DIRCE T=294 (locals); INE Padró T=29005 sumat per CCAA
ccaa,01,Andalucía,2016,474,Equips TIC,2339,8388107,0.279,-2.3,False,,INE DIRCE T=294 (locals); INE Padró T=29005 sumat per CCAA
ccaa,01,Andalucía,2017,474,Equips TIC,2356,8379820,0.281,0.73,False,,INE DIRCE T=294 (locals); INE Padró T=29005 sumat per CCAA
ccaa,01,Andalucía,2018,474,Equips TIC,2319,8384408,0.277,-1.57,False,,INE DIRCE T=294 (locals); INE Padró T=29005 sumat per CCAA
ccaa,01,Andalucía,2019,474,Equips TIC,2189,8414240,0.26,-5.61,False,,INE DIRCE T=294 (locals); INE Padró T=29005 sumat per CCAA
ccaa,01,Andalucía,2020,474,Equips TIC,2184,8464411,0.258,-0.23,False,,INE DIRCE T=294 (locals); INE Padró T=29005 sumat per CCAA
ccaa,01,Andalucía,2021,474,Equips TIC,2095,8472407,0.247,-4.08,False,,INE DIRCE T=294 (locals); INE Padró T=29005 sumat per CCAA
ccaa,01,Andalucía,2022,474,Equips TIC,2107,8500187,0.248,0.57,False,,INE DIRCE T=294 (locals); INE Padró T=29005 sumat per CCAA
ccaa,01,Andalucía,2023,474,Equips TIC,1967,8568513,0.23,-6.64,True,La variació 2022→2023 travessa el trencament de sèrie DIRCE de 2023: no comparable.,INE DIRCE T=294 (locals); INE Padró T=29005 sumat per CCAA
ccaa,01,Andalucía,2024,474,Equips TIC,1880,8619616,0.218,-4.42,False,,INE DIRCE T=294 (locals); INE Padró T=29005 sumat per CCAA
ccaa,01,Andalucía,2025,474,Equips TIC,1822,8666412,0.21,-3.09,False,,INE DIRCE T=294 (locals); INE Padró T=29005 sumat per CCAA
ccaa,01,Andalucía,2010,475,Equipament de la llar,20883,8370975,2.495,,False,,INE DIRCE T=294 (locals); INE Padró T=29005 sumat per CCAA
ccaa,01,Andalucía,2011,475,Equipament de la llar,22244,8424102,2.641,6.52,False,,INE DIRCE T=294 (locals); INE Padró T=29005 sumat per CCAA
ccaa,01,Andalucía,2012,475,Equipament de la llar,21466,8449985,2.54,-3.5,False,,INE DIRCE T=294 (locals); INE Padró T=29005 sumat per CCAA
ccaa,01,Andalucía,2013,475,Equipament de la llar,20686,8440300,2.451,-3.63,False,,INE DIRCE T=294 (locals); INE Padró T=29005 sumat per CCAA
ccaa,01,Andalucía,2014,475,Equipament de la llar,20262,8402305,2.411,-2.05,False,,INE DIRCE T=294 (locals); INE Padró T=29005 sumat per CCAA
ccaa,01,Andalucía,2015,475,Equipament de la llar,19757,8399043,2.352,-2.49,False,,INE DIRCE T=294 (locals); INE Padró T=29005 sumat per CCAA
ccaa,01,Andalucía,2016,475,Equipament de la llar,19519,8388107,2.327,-1.2,False,,INE DIRCE T=294 (locals); INE Padró T=29005 sumat per CCAA
ccaa,01,Andalucía,2017,475,Equipament de la llar,19158,8379820,2.286,-1.85,False,,INE DIRCE T=294 (locals); INE Padró T=29005 sumat per CCAA
ccaa,01,Andalucía,2018,475,Equipament de la llar,18547,8384408,2.212,-3.19,False,,INE DIRCE T=294 (locals); INE Padró T=29005 sumat per CCAA
ccaa,01,Andalucía,2019,475,Equipament de la llar,18156,8414240,2.158,-2.11,False,,INE DIRCE T=294 (locals); INE Padró T=29005 sumat per CCAA
ccaa,01,Andalucía,2020,475,Equipament de la llar,17797,8464411,2.103,-1.98,False,,INE DIRCE T=294 (locals); INE Padró T=29005 sumat per CCAA
ccaa,01,Andalucía,2021,475,Equipament de la llar,17390,8472407,2.053,-2.29,False,,INE DIRCE T=294 (locals); INE Padró T=29005 sumat per CCAA
ccaa,01,Andalucía,2022,475,Equipament de la llar,17432,8500187,2.051,0.24,False,,INE DIRCE T=294 (locals); INE Padró T=29005 sumat per CCAA
ccaa,01,Andalucía,2023,475,Equipament de la llar,16494,8568513,1.925,-5.38,True,La variació 2022→2023 travessa el trencament de sèrie DIRCE de 2023: no comparable.,INE DIRCE T=294 (locals); INE Padró T=29005 sumat per CCAA
ccaa,01,Andalucía,2024,475,Equipament de la llar,16135,8619616,1.872,-2.18,False,,INE DIRCE T=294 (locals); INE Padró T=29005 sumat per CCAA
ccaa,01,Andalucía,2025,475,Equipament de la llar,16021,8666412,1.849,-0.71,False,,INE DIRCE T=294 (locals); INE Padró T=29005 sumat per CCAA
ccaa,01,Andalucía,2010,476,Articles culturals i recreatius,6513,8370975,0.778,,False,,INE DIRCE T=294 (locals); INE Padró T=29005 sumat per CCAA
ccaa,01,Andalucía,2011,476,Articles culturals i recreatius,7129,8424102,0.846,9.46,False,,INE DIRCE T=294 (locals); INE Padró T=29005 sumat per CCAA
ccaa,01,Andalucía,2012,476,Articles culturals i recreatius,7110,8449985,0.841,-0.27,False,,INE DIRCE T=294 (locals); INE Padró T=29005 sumat per CCAA
ccaa,01,Andalucía,2013,476,Articles culturals i recreatius,7093,8440300,0.84,-0.24,False,,INE DIRCE T=294 (locals); INE Padró T=29005 sumat per CCAA
ccaa,01,Andalucía,2014,476,Articles culturals i recreatius,7024,8402305,0.836,-0.97,False,,INE DIRCE T=294 (locals); INE Padró T=29005 sumat per CCAA
ccaa,01,Andalucía,2015,476,Articles culturals i recreatius,7047,8399043,0.839,0.33,False,,INE DIRCE T=294 (locals); INE Padró T=29005 sumat per CCAA
ccaa,01,Andalucía,2016,476,Articles culturals i recreatius,6840,8388107,0.815,-2.94,False,,INE DIRCE T=294 (locals); INE Padró T=29005 sumat per CCAA
ccaa,01,Andalucía,2017,476,Articles culturals i recreatius,6830,8379820,0.815,-0.15,False,,INE DIRCE T=294 (locals); INE Padró T=29005 sumat per CCAA
ccaa,01,Andalucía,2018,476,Articles culturals i recreatius,6828,8384408,0.814,-0.03,False,,INE DIRCE T=294 (locals); INE Padró T=29005 sumat per CCAA
ccaa,01,Andalucía,2019,476,Articles culturals i recreatius,6212,8414240,0.738,-9.02,False,,INE DIRCE T=294 (locals); INE Padró T=29005 sumat per CCAA
ccaa,01,Andalucía,2020,476,Articles culturals i recreatius,6035,8464411,0.713,-2.85,False,,INE DIRCE T=294 (locals); INE Padró T=29005 sumat per CCAA
ccaa,01,Andalucía,2021,476,Articles culturals i recreatius,5788,8472407,0.683,-4.09,False,,INE DIRCE T=294 (locals); INE Padró T=29005 sumat per CCAA
ccaa,01,Andalucía,2022,476,Articles culturals i recreatius,5813,8500187,0.684,0.43,False,,INE DIRCE T=294 (locals); INE Padró T=29005 sumat per CCAA
ccaa,01,Andalucía,2023,476,Articles culturals i recreatius,5513,8568513,0.643,-5.16,True,La variació 2022→2023 travessa el trencament de sèrie DIRCE de 2023: no comparable.,INE DIRCE T=294 (locals); INE Padró T=29005 sumat per CCAA
ccaa,01,Andalucía,2024,476,Articles culturals i recreatius,5361,8619616,0.622,-2.76,False,,INE DIRCE T=294 (locals); INE Padró T=29005 sumat per CCAA
ccaa,01,Andalucía,2025,476,Articles culturals i recreatius,5239,8666412,0.605,-2.28,False,,INE DIRCE T=294 (locals); INE Padró T=29005 sumat per CCAA
ccaa,01,Andalucía,2010,477,"Altres articles (moda, calçat, etc.)",33687,8370975,4.024,,False,,INE DIRCE T=294 (locals); INE Padró T=29005 sumat per CCAA
ccaa,01,Andalucía,2011,477,"Altres articles (moda, calçat, etc.)",33689,8424102,3.999,0.01,False,,INE DIRCE T=294 (locals); INE Padró T=29005 sumat per CCAA
ccaa,01,Andalucía,2012,477,"Altres articles (moda, calçat, etc.)",33349,8449985,3.947,-1.01,False,,INE DIRCE T=294 (locals); INE Padró T=29005 sumat per CCAA
ccaa,01,Andalucía,2013,477,"Altres articles (moda, calçat, etc.)",32864,8440300,3.894,-1.45,False,,INE DIRCE T=294 (locals); INE Padró T=29005 sumat per CCAA
ccaa,01,Andalucía,2014,477,"Altres articles (moda, calçat, etc.)",32663,8402305,3.887,-0.61,False,,INE DIRCE T=294 (locals); INE Padró T=29005 sumat per CCAA
ccaa,01,Andalucía,2015,477,"Altres articles (moda, calçat, etc.)",33175,8399043,3.95,1.57,False,,INE DIRCE T=294 (locals); INE Padró T=29005 sumat per CCAA
ccaa,01,Andalucía,2016,477,"Altres articles (moda, calçat, etc.)",33426,8388107,3.985,0.76,False,,INE DIRCE T=294 (locals); INE Padró T=29005 sumat per CCAA
ccaa,01,Andalucía,2017,477,"Altres articles (moda, calçat, etc.)",34086,8379820,4.068,1.97,False,,INE DIRCE T=294 (locals); INE Padró T=29005 sumat per CCAA
ccaa,01,Andalucía,2018,477,"Altres articles (moda, calçat, etc.)",34122,8384408,4.07,0.11,False,,INE DIRCE T=294 (locals); INE Padró T=29005 sumat per CCAA
ccaa,01,Andalucía,2019,477,"Altres articles (moda, calçat, etc.)",34050,8414240,4.047,-0.21,False,,INE DIRCE T=294 (locals); INE Padró T=29005 sumat per CCAA
ccaa,01,Andalucía,2020,477,"Altres articles (moda, calçat, etc.)",33810,8464411,3.994,-0.7,False,,INE DIRCE T=294 (locals); INE Padró T=29005 sumat per CCAA
ccaa,01,Andalucía,2021,477,"Altres articles (moda, calçat, etc.)",33506,8472407,3.955,-0.9,False,,INE DIRCE T=294 (locals); INE Padró T=29005 sumat per CCAA
ccaa,01,Andalucía,2022,477,"Altres articles (moda, calçat, etc.)",34082,8500187,4.01,1.72,False,,INE DIRCE T=294 (locals); INE Padró T=29005 sumat per CCAA
ccaa,01,Andalucía,2023,477,"Altres articles (moda, calçat, etc.)",32250,8568513,3.764,-5.38,True,La variació 2022→2023 travessa el trencament de sèrie DIRCE de 2023: no comparable.,INE DIRCE T=294 (locals); INE Padró T=29005 sumat per CCAA
ccaa,01,Andalucía,2024,477,"Altres articles (moda, calçat, etc.)",32123,8619616,3.727,-0.39,False,,INE DIRCE T=294 (locals); INE Padró T=29005 sumat per CCAA
ccaa,01,Andalucía,2025,477,"Altres articles (moda, calçat, etc.)",31920,8666412,3.683,-0.63,False,,INE DIRCE T=294 (locals); INE Padró T=29005 sumat per CCAA
ccaa,01,Andalucía,2010,478,Punts de venda i mercadillos,8594,8370975,1.027,,False,,INE DIRCE T=294 (locals); INE Padró T=29005 sumat per CCAA
ccaa,01,Andalucía,2011,478,Punts de venda i mercadillos,7882,8424102,0.936,-8.28,False,,INE DIRCE T=294 (locals); INE Padró T=29005 sumat per CCAA
ccaa,01,Andalucía,2012,478,Punts de venda i mercadillos,7537,8449985,0.892,-4.38,False,,INE DIRCE T=294 (locals); INE Padró T=29005 sumat per CCAA
ccaa,01,Andalucía,2013,478,Punts de venda i mercadillos,7624,8440300,0.903,1.15,False,,INE DIRCE T=294 (locals); INE Padró T=29005 sumat per CCAA
ccaa,01,Andalucía,2014,478,Punts de venda i mercadillos,7446,8402305,0.886,-2.33,False,,INE DIRCE T=294 (locals); INE Padró T=29005 sumat per CCAA
ccaa,01,Andalucía,2015,478,Punts de venda i mercadillos,8018,8399043,0.955,7.68,False,,INE DIRCE T=294 (locals); INE Padró T=29005 sumat per CCAA
ccaa,01,Andalucía,2016,478,Punts de venda i mercadillos,8112,8388107,0.967,1.17,False,,INE DIRCE T=294 (locals); INE Padró T=29005 sumat per CCAA
ccaa,01,Andalucía,2017,478,Punts de venda i mercadillos,8336,8379820,0.995,2.76,False,,INE DIRCE T=294 (locals); INE Padró T=29005 sumat per CCAA
ccaa,01,Andalucía,2018,478,Punts de venda i mercadillos,8290,8384408,0.989,-0.55,False,,INE DIRCE T=294 (locals); INE Padró T=29005 sumat per CCAA
ccaa,01,Andalucía,2019,478,Punts de venda i mercadillos,8660,8414240,1.029,4.46,False,,INE DIRCE T=294 (locals); INE Padró T=29005 sumat per CCAA
ccaa,01,Andalucía,2020,478,Punts de venda i mercadillos,9471,8464411,1.119,9.36,False,,INE DIRCE T=294 (locals); INE Padró T=29005 sumat per CCAA
ccaa,01,Andalucía,2021,478,Punts de venda i mercadillos,8928,8472407,1.054,-5.73,False,,INE DIRCE T=294 (locals); INE Padró T=29005 sumat per CCAA
ccaa,01,Andalucía,2022,478,Punts de venda i mercadillos,8998,8500187,1.059,0.78,False,,INE DIRCE T=294 (locals); INE Padró T=29005 sumat per CCAA
ccaa,01,Andalucía,2023,478,Punts de venda i mercadillos,7931,8568513,0.926,-11.86,True,La variació 2022→2023 travessa el trencament de sèrie DIRCE de 2023: no comparable.,INE DIRCE T=294 (locals); INE Padró T=29005 sumat per CCAA
ccaa,01,Andalucía,2024,478,Punts de venda i mercadillos,7570,8619616,0.878,-4.55,False,,INE DIRCE T=294 (locals); INE Padró T=29005 sumat per CCAA
ccaa,01,Andalucía,2025,478,Punts de venda i mercadillos,7304,8666412,0.843,-3.51,False,,INE DIRCE T=294 (locals); INE Padró T=29005 sumat per CCAA
ccaa,01,Andalucía,2010,479,Comerç no en establiment (internet),1402,8370975,0.167,,False,,INE DIRCE T=294 (locals); INE Padró T=29005 sumat per CCAA
ccaa,01,Andalucía,2011,479,Comerç no en establiment (internet),1446,8424102,0.172,3.14,False,,INE DIRCE T=294 (locals); INE Padró T=29005 sumat per CCAA
ccaa,01,Andalucía,2012,479,Comerç no en establiment (internet),1486,8449985,0.176,2.77,False,,INE DIRCE T=294 (locals); INE Padró T=29005 sumat per CCAA
ccaa,01,Andalucía,2013,479,Comerç no en establiment (internet),1536,8440300,0.182,3.36,False,,INE DIRCE T=294 (locals); INE Padró T=29005 sumat per CCAA
ccaa,01,Andalucía,2014,479,Comerç no en establiment (internet),1532,8402305,0.182,-0.26,False,,INE DIRCE T=294 (locals); INE Padró T=29005 sumat per CCAA
ccaa,01,Andalucía,2015,479,Comerç no en establiment (internet),1599,8399043,0.19,4.37,False,,INE DIRCE T=294 (locals); INE Padró T=29005 sumat per CCAA
ccaa,01,Andalucía,2016,479,Comerç no en establiment (internet),1622,8388107,0.193,1.44,False,,INE DIRCE T=294 (locals); INE Padró T=29005 sumat per CCAA
ccaa,01,Andalucía,2017,479,Comerç no en establiment (internet),1708,8379820,0.204,5.3,False,,INE DIRCE T=294 (locals); INE Padró T=29005 sumat per CCAA
ccaa,01,Andalucía,2018,479,Comerç no en establiment (internet),1728,8384408,0.206,1.17,False,,INE DIRCE T=294 (locals); INE Padró T=29005 sumat per CCAA
ccaa,01,Andalucía,2019,479,Comerç no en establiment (internet),1774,8414240,0.211,2.66,False,,INE DIRCE T=294 (locals); INE Padró T=29005 sumat per CCAA
ccaa,01,Andalucía,2020,479,Comerç no en establiment (internet),1871,8464411,0.221,5.47,False,,INE DIRCE T=294 (locals); INE Padró T=29005 sumat per CCAA
ccaa,01,Andalucía,2021,479,Comerç no en establiment (internet),2305,8472407,0.272,23.2,False,,INE DIRCE T=294 (locals); INE Padró T=29005 sumat per CCAA
ccaa,01,Andalucía,2022,479,Comerç no en establiment (internet),2430,8500187,0.286,5.42,False,,INE DIRCE T=294 (locals); INE Padró T=29005 sumat per CCAA
ccaa,01,Andalucía,2023,479,Comerç no en establiment (internet),2327,8568513,0.272,-4.24,True,La variació 2022→2023 travessa el trencament de sèrie DIRCE de 2023: no comparable.,INE DIRCE T=294 (locals); INE Padró T=29005 sumat per CCAA
ccaa,01,Andalucía,2024,479,Comerç no en establiment (internet),2488,8619616,0.289,6.92,False,,INE DIRCE T=294 (locals); INE Padró T=29005 sumat per CCAA
ccaa,01,Andalucía,2025,479,Comerç no en establiment (internet),2711,8666412,0.313,8.96,False,,INE DIRCE T=294 (locals); INE Padró T=29005 sumat per CCAA
ccaa,02,Aragón,2010,47,Comerç al detall (total CNAE 47),16497,1347095,12.246,,False,,INE DIRCE T=294 (locals); INE Padró T=29005 sumat per CCAA
ccaa,02,Aragón,2011,47,Comerç al detall (total CNAE 47),16244,1346293,12.066,-1.53,False,,INE DIRCE T=294 (locals); INE Padró T=29005 sumat per CCAA
ccaa,02,Aragón,2012,47,Comerç al detall (total CNAE 47),15969,1349467,11.834,-1.69,False,,INE DIRCE T=294 (locals); INE Padró T=29005 sumat per CCAA
ccaa,02,Aragón,2013,47,Comerç al detall (total CNAE 47),15790,1347150,11.721,-1.12,False,,INE DIRCE T=294 (locals); INE Padró T=29005 sumat per CCAA
ccaa,02,Aragón,2014,47,Comerç al detall (total CNAE 47),15741,1325385,11.877,-0.31,False,,INE DIRCE T=294 (locals); INE Padró T=29005 sumat per CCAA
ccaa,02,Aragón,2015,47,Comerç al detall (total CNAE 47),15689,1317847,11.905,-0.33,False,,INE DIRCE T=294 (locals); INE Padró T=29005 sumat per CCAA
ccaa,02,Aragón,2016,47,Comerç al detall (total CNAE 47),15419,1308563,11.783,-1.72,False,,INE DIRCE T=294 (locals); INE Padró T=29005 sumat per CCAA
ccaa,02,Aragón,2017,47,Comerç al detall (total CNAE 47),15220,1308750,11.629,-1.29,False,,INE DIRCE T=294 (locals); INE Padró T=29005 sumat per CCAA
ccaa,02,Aragón,2018,47,Comerç al detall (total CNAE 47),14820,1308728,11.324,-2.63,False,,INE DIRCE T=294 (locals); INE Padró T=29005 sumat per CCAA
ccaa,02,Aragón,2019,47,Comerç al detall (total CNAE 47),14359,1319291,10.884,-3.11,False,,INE DIRCE T=294 (locals); INE Padró T=29005 sumat per CCAA
ccaa,02,Aragón,2020,47,Comerç al detall (total CNAE 47),13876,1329391,10.438,-3.36,False,,INE DIRCE T=294 (locals); INE Padró T=29005 sumat per CCAA
ccaa,02,Aragón,2021,47,Comerç al detall (total CNAE 47),13611,1326261,10.263,-1.91,False,,INE DIRCE T=294 (locals); INE Padró T=29005 sumat per CCAA
ccaa,02,Aragón,2022,47,Comerç al detall (total CNAE 47),13705,1326315,10.333,0.69,False,,INE DIRCE T=294 (locals); INE Padró T=29005 sumat per CCAA
ccaa,02,Aragón,2023,47,Comerç al detall (total CNAE 47),12898,1339727,9.627,-5.89,True,La variació 2022→2023 travessa el trencament de sèrie DIRCE de 2023: no comparable.,INE DIRCE T=294 (locals); INE Padró T=29005 sumat per CCAA
ccaa,02,Aragón,2024,47,Comerç al detall (total CNAE 47),12729,1347834,9.444,-1.31,False,,INE DIRCE T=294 (locals); INE Padró T=29005 sumat per CCAA
ccaa,02,Aragón,2025,47,Comerç al detall (total CNAE 47),12616,1358812,9.285,-0.89,False,,INE DIRCE T=294 (locals); INE Padró T=29005 sumat per CCAA
ccaa,02,Aragón,2010,471,Establiments no especialitzats (súper i hiper),2791,1347095,2.072,,False,,INE DIRCE T=294 (locals); INE Padró T=29005 sumat per CCAA
ccaa,02,Aragón,2011,471,Establiments no especialitzats (súper i hiper),1874,1346293,1.392,-32.86,False,,INE DIRCE T=294 (locals); INE Padró T=29005 sumat per CCAA
ccaa,02,Aragón,2012,471,Establiments no especialitzats (súper i hiper),1896,1349467,1.405,1.17,False,,INE DIRCE T=294 (locals); INE Padró T=29005 sumat per CCAA
ccaa,02,Aragón,2013,471,Establiments no especialitzats (súper i hiper),1941,1347150,1.441,2.37,False,,INE DIRCE T=294 (locals); INE Padró T=29005 sumat per CCAA
ccaa,02,Aragón,2014,471,Establiments no especialitzats (súper i hiper),1992,1325385,1.503,2.63,False,,INE DIRCE T=294 (locals); INE Padró T=29005 sumat per CCAA
ccaa,02,Aragón,2015,471,Establiments no especialitzats (súper i hiper),1984,1317847,1.505,-0.4,False,,INE DIRCE T=294 (locals); INE Padró T=29005 sumat per CCAA
ccaa,02,Aragón,2016,471,Establiments no especialitzats (súper i hiper),1943,1308563,1.485,-2.07,False,,INE DIRCE T=294 (locals); INE Padró T=29005 sumat per CCAA
ccaa,02,Aragón,2017,471,Establiments no especialitzats (súper i hiper),1899,1308750,1.451,-2.26,False,,INE DIRCE T=294 (locals); INE Padró T=29005 sumat per CCAA
ccaa,02,Aragón,2018,471,Establiments no especialitzats (súper i hiper),1892,1308728,1.446,-0.37,False,,INE DIRCE T=294 (locals); INE Padró T=29005 sumat per CCAA
ccaa,02,Aragón,2019,471,Establiments no especialitzats (súper i hiper),1795,1319291,1.361,-5.13,False,,INE DIRCE T=294 (locals); INE Padró T=29005 sumat per CCAA
ccaa,02,Aragón,2020,471,Establiments no especialitzats (súper i hiper),1698,1329391,1.277,-5.4,False,,INE DIRCE T=294 (locals); INE Padró T=29005 sumat per CCAA
ccaa,02,Aragón,2021,471,Establiments no especialitzats (súper i hiper),1721,1326261,1.298,1.35,False,,INE DIRCE T=294 (locals); INE Padró T=29005 sumat per CCAA
ccaa,02,Aragón,2022,471,Establiments no especialitzats (súper i hiper),1802,1326315,1.359,4.71,False,,INE DIRCE T=294 (locals); INE Padró T=29005 sumat per CCAA
ccaa,02,Aragón,2023,471,Establiments no especialitzats (súper i hiper),1791,1339727,1.337,-0.61,True,La variació 2022→2023 travessa el trencament de sèrie DIRCE de 2023: no comparable.,INE DIRCE T=294 (locals); INE Padró T=29005 sumat per CCAA
ccaa,02,Aragón,2024,471,Establiments no especialitzats (súper i hiper),1762,1347834,1.307,-1.62,False,,INE DIRCE T=294 (locals); INE Padró T=29005 sumat per CCAA
ccaa,02,Aragón,2025,471,Establiments no especialitzats (súper i hiper),1731,1358812,1.274,-1.76,False,,INE DIRCE T=294 (locals); INE Padró T=29005 sumat per CCAA
ccaa,02,Aragón,2010,472,"Aliments, begudes i tabac (especialitzat)",3188,1347095,2.367,,False,,INE DIRCE T=294 (locals); INE Padró T=29005 sumat per CCAA
ccaa,02,Aragón,2011,472,"Aliments, begudes i tabac (especialitzat)",3392,1346293,2.52,6.4,False,,INE DIRCE T=294 (locals); INE Padró T=29005 sumat per CCAA
ccaa,02,Aragón,2012,472,"Aliments, begudes i tabac (especialitzat)",3340,1349467,2.475,-1.53,False,,INE DIRCE T=294 (locals); INE Padró T=29005 sumat per CCAA
ccaa,02,Aragón,2013,472,"Aliments, begudes i tabac (especialitzat)",3370,1347150,2.502,0.9,False,,INE DIRCE T=294 (locals); INE Padró T=29005 sumat per CCAA
ccaa,02,Aragón,2014,472,"Aliments, begudes i tabac (especialitzat)",3374,1325385,2.546,0.12,False,,INE DIRCE T=294 (locals); INE Padró T=29005 sumat per CCAA
ccaa,02,Aragón,2015,472,"Aliments, begudes i tabac (especialitzat)",3303,1317847,2.506,-2.1,False,,INE DIRCE T=294 (locals); INE Padró T=29005 sumat per CCAA
ccaa,02,Aragón,2016,472,"Aliments, begudes i tabac (especialitzat)",3225,1308563,2.465,-2.36,False,,INE DIRCE T=294 (locals); INE Padró T=29005 sumat per CCAA
ccaa,02,Aragón,2017,472,"Aliments, begudes i tabac (especialitzat)",3207,1308750,2.45,-0.56,False,,INE DIRCE T=294 (locals); INE Padró T=29005 sumat per CCAA
ccaa,02,Aragón,2018,472,"Aliments, begudes i tabac (especialitzat)",3071,1308728,2.347,-4.24,False,,INE DIRCE T=294 (locals); INE Padró T=29005 sumat per CCAA
ccaa,02,Aragón,2019,472,"Aliments, begudes i tabac (especialitzat)",3038,1319291,2.303,-1.07,False,,INE DIRCE T=294 (locals); INE Padró T=29005 sumat per CCAA
ccaa,02,Aragón,2020,472,"Aliments, begudes i tabac (especialitzat)",2902,1329391,2.183,-4.48,False,,INE DIRCE T=294 (locals); INE Padró T=29005 sumat per CCAA
ccaa,02,Aragón,2021,472,"Aliments, begudes i tabac (especialitzat)",2899,1326261,2.186,-0.1,False,,INE DIRCE T=294 (locals); INE Padró T=29005 sumat per CCAA
ccaa,02,Aragón,2022,472,"Aliments, begudes i tabac (especialitzat)",2942,1326315,2.218,1.48,False,,INE DIRCE T=294 (locals); INE Padró T=29005 sumat per CCAA
ccaa,02,Aragón,2023,472,"Aliments, begudes i tabac (especialitzat)",2764,1339727,2.063,-6.05,True,La variació 2022→2023 travessa el trencament de sèrie DIRCE de 2023: no comparable.,INE DIRCE T=294 (locals); INE Padró T=29005 sumat per CCAA
ccaa,02,Aragón,2024,472,"Aliments, begudes i tabac (especialitzat)",2673,1347834,1.983,-3.29,False,,INE DIRCE T=294 (locals); INE Padró T=29005 sumat per CCAA
ccaa,02,Aragón,2025,472,"Aliments, begudes i tabac (especialitzat)",2631,1358812,1.936,-1.57,False,,INE DIRCE T=294 (locals); INE Padró T=29005 sumat per CCAA
ccaa,02,Aragón,2010,473,Combustible (gasolineres),311,1347095,0.231,,False,,INE DIRCE T=294 (locals); INE Padró T=29005 sumat per CCAA
ccaa,02,Aragón,2011,473,Combustible (gasolineres),316,1346293,0.235,1.61,False,,INE DIRCE T=294 (locals); INE Padró T=29005 sumat per CCAA
ccaa,02,Aragón,2012,473,Combustible (gasolineres),312,1349467,0.231,-1.27,False,,INE DIRCE T=294 (locals); INE Padró T=29005 sumat per CCAA
ccaa,02,Aragón,2013,473,Combustible (gasolineres),314,1347150,0.233,0.64,False,,INE DIRCE T=294 (locals); INE Padró T=29005 sumat per CCAA
ccaa,02,Aragón,2014,473,Combustible (gasolineres),312,1325385,0.235,-0.64,False,,INE DIRCE T=294 (locals); INE Padró T=29005 sumat per CCAA
ccaa,02,Aragón,2015,473,Combustible (gasolineres),320,1317847,0.243,2.56,False,,INE DIRCE T=294 (locals); INE Padró T=29005 sumat per CCAA
ccaa,02,Aragón,2016,473,Combustible (gasolineres),326,1308563,0.249,1.88,False,,INE DIRCE T=294 (locals); INE Padró T=29005 sumat per CCAA
ccaa,02,Aragón,2017,473,Combustible (gasolineres),335,1308750,0.256,2.76,False,,INE DIRCE T=294 (locals); INE Padró T=29005 sumat per CCAA
ccaa,02,Aragón,2018,473,Combustible (gasolineres),356,1308728,0.272,6.27,False,,INE DIRCE T=294 (locals); INE Padró T=29005 sumat per CCAA
ccaa,02,Aragón,2019,473,Combustible (gasolineres),353,1319291,0.268,-0.84,False,,INE DIRCE T=294 (locals); INE Padró T=29005 sumat per CCAA
ccaa,02,Aragón,2020,473,Combustible (gasolineres),361,1329391,0.272,2.27,False,,INE DIRCE T=294 (locals); INE Padró T=29005 sumat per CCAA
ccaa,02,Aragón,2021,473,Combustible (gasolineres),356,1326261,0.268,-1.39,False,,INE DIRCE T=294 (locals); INE Padró T=29005 sumat per CCAA
ccaa,02,Aragón,2022,473,Combustible (gasolineres),355,1326315,0.268,-0.28,False,,INE DIRCE T=294 (locals); INE Padró T=29005 sumat per CCAA
ccaa,02,Aragón,2023,473,Combustible (gasolineres),336,1339727,0.251,-5.35,True,La variació 2022→2023 travessa el trencament de sèrie DIRCE de 2023: no comparable.,INE DIRCE T=294 (locals); INE Padró T=29005 sumat per CCAA
ccaa,02,Aragón,2024,473,Combustible (gasolineres),333,1347834,0.247,-0.89,False,,INE DIRCE T=294 (locals); INE Padró T=29005 sumat per CCAA
ccaa,02,Aragón,2025,473,Combustible (gasolineres),341,1358812,0.251,2.4,False,,INE DIRCE T=294 (locals); INE Padró T=29005 sumat per CCAA
ccaa,02,Aragón,2010,474,Equips TIC,723,1347095,0.537,,False,,INE DIRCE T=294 (locals); INE Padró T=29005 sumat per CCAA
ccaa,02,Aragón,2011,474,Equips TIC,680,1346293,0.505,-5.95,False,,INE DIRCE T=294 (locals); INE Padró T=29005 sumat per CCAA
ccaa,02,Aragón,2012,474,Equips TIC,660,1349467,0.489,-2.94,False,,INE DIRCE T=294 (locals); INE Padró T=29005 sumat per CCAA
ccaa,02,Aragón,2013,474,Equips TIC,580,1347150,0.431,-12.12,False,,INE DIRCE T=294 (locals); INE Padró T=29005 sumat per CCAA
ccaa,02,Aragón,2014,474,Equips TIC,523,1325385,0.395,-9.83,False,,INE DIRCE T=294 (locals); INE Padró T=29005 sumat per CCAA
ccaa,02,Aragón,2015,474,Equips TIC,508,1317847,0.385,-2.87,False,,INE DIRCE T=294 (locals); INE Padró T=29005 sumat per CCAA
ccaa,02,Aragón,2016,474,Equips TIC,470,1308563,0.359,-7.48,False,,INE DIRCE T=294 (locals); INE Padró T=29005 sumat per CCAA
ccaa,02,Aragón,2017,474,Equips TIC,446,1308750,0.341,-5.11,False,,INE DIRCE T=294 (locals); INE Padró T=29005 sumat per CCAA
ccaa,02,Aragón,2018,474,Equips TIC,416,1308728,0.318,-6.73,False,,INE DIRCE T=294 (locals); INE Padró T=29005 sumat per CCAA
ccaa,02,Aragón,2019,474,Equips TIC,333,1319291,0.252,-19.95,False,,INE DIRCE T=294 (locals); INE Padró T=29005 sumat per CCAA
ccaa,02,Aragón,2020,474,Equips TIC,350,1329391,0.263,5.11,False,,INE DIRCE T=294 (locals); INE Padró T=29005 sumat per CCAA
ccaa,02,Aragón,2021,474,Equips TIC,333,1326261,0.251,-4.86,False,,INE DIRCE T=294 (locals); INE Padró T=29005 sumat per CCAA
ccaa,02,Aragón,2022,474,Equips TIC,332,1326315,0.25,-0.3,False,,INE DIRCE T=294 (locals); INE Padró T=29005 sumat per CCAA
ccaa,02,Aragón,2023,474,Equips TIC,289,1339727,0.216,-12.95,True,La variació 2022→2023 travessa el trencament de sèrie DIRCE de 2023: no comparable.,INE DIRCE T=294 (locals); INE Padró T=29005 sumat per CCAA
ccaa,02,Aragón,2024,474,Equips TIC,261,1347834,0.194,-9.69,False,,INE DIRCE T=294 (locals); INE Padró T=29005 sumat per CCAA
ccaa,02,Aragón,2025,474,Equips TIC,255,1358812,0.188,-2.3,False,,INE DIRCE T=294 (locals); INE Padró T=29005 sumat per CCAA
ccaa,02,Aragón,2010,475,Equipament de la llar,2558,1347095,1.899,,False,,INE DIRCE T=294 (locals); INE Padró T=29005 sumat per CCAA
ccaa,02,Aragón,2011,475,Equipament de la llar,2862,1346293,2.126,11.88,False,,INE DIRCE T=294 (locals); INE Padró T=29005 sumat per CCAA
ccaa,02,Aragón,2012,475,Equipament de la llar,2822,1349467,2.091,-1.4,False,,INE DIRCE T=294 (locals); INE Padró T=29005 sumat per CCAA
ccaa,02,Aragón,2013,475,Equipament de la llar,2778,1347150,2.062,-1.56,False,,INE DIRCE T=294 (locals); INE Padró T=29005 sumat per CCAA
ccaa,02,Aragón,2014,475,Equipament de la llar,2735,1325385,2.064,-1.55,False,,INE DIRCE T=294 (locals); INE Padró T=29005 sumat per CCAA
ccaa,02,Aragón,2015,475,Equipament de la llar,2706,1317847,2.053,-1.06,False,,INE DIRCE T=294 (locals); INE Padró T=29005 sumat per CCAA
ccaa,02,Aragón,2016,475,Equipament de la llar,2627,1308563,2.008,-2.92,False,,INE DIRCE T=294 (locals); INE Padró T=29005 sumat per CCAA
ccaa,02,Aragón,2017,475,Equipament de la llar,2575,1308750,1.968,-1.98,False,,INE DIRCE T=294 (locals); INE Padró T=29005 sumat per CCAA
ccaa,02,Aragón,2018,475,Equipament de la llar,2453,1308728,1.874,-4.74,False,,INE DIRCE T=294 (locals); INE Padró T=29005 sumat per CCAA
ccaa,02,Aragón,2019,475,Equipament de la llar,2395,1319291,1.815,-2.36,False,,INE DIRCE T=294 (locals); INE Padró T=29005 sumat per CCAA
ccaa,02,Aragón,2020,475,Equipament de la llar,2276,1329391,1.712,-4.97,False,,INE DIRCE T=294 (locals); INE Padró T=29005 sumat per CCAA
ccaa,02,Aragón,2021,475,Equipament de la llar,2232,1326261,1.683,-1.93,False,,INE DIRCE T=294 (locals); INE Padró T=29005 sumat per CCAA
ccaa,02,Aragón,2022,475,Equipament de la llar,2217,1326315,1.672,-0.67,False,,INE DIRCE T=294 (locals); INE Padró T=29005 sumat per CCAA
ccaa,02,Aragón,2023,475,Equipament de la llar,2058,1339727,1.536,-7.17,True,La variació 2022→2023 travessa el trencament de sèrie DIRCE de 2023: no comparable.,INE DIRCE T=294 (locals); INE Padró T=29005 sumat per CCAA
ccaa,02,Aragón,2024,475,Equipament de la llar,2067,1347834,1.534,0.44,False,,INE DIRCE T=294 (locals); INE Padró T=29005 sumat per CCAA
ccaa,02,Aragón,2025,475,Equipament de la llar,2051,1358812,1.509,-0.77,False,,INE DIRCE T=294 (locals); INE Padró T=29005 sumat per CCAA
ccaa,02,Aragón,2010,476,Articles culturals i recreatius,920,1347095,0.683,,False,,INE DIRCE T=294 (locals); INE Padró T=29005 sumat per CCAA
ccaa,02,Aragón,2011,476,Articles culturals i recreatius,1058,1346293,0.786,15.0,False,,INE DIRCE T=294 (locals); INE Padró T=29005 sumat per CCAA
ccaa,02,Aragón,2012,476,Articles culturals i recreatius,1065,1349467,0.789,0.66,False,,INE DIRCE T=294 (locals); INE Padró T=29005 sumat per CCAA
ccaa,02,Aragón,2013,476,Articles culturals i recreatius,1025,1347150,0.761,-3.76,False,,INE DIRCE T=294 (locals); INE Padró T=29005 sumat per CCAA
ccaa,02,Aragón,2014,476,Articles culturals i recreatius,1021,1325385,0.77,-0.39,False,,INE DIRCE T=294 (locals); INE Padró T=29005 sumat per CCAA
ccaa,02,Aragón,2015,476,Articles culturals i recreatius,1022,1317847,0.776,0.1,False,,INE DIRCE T=294 (locals); INE Padró T=29005 sumat per CCAA
ccaa,02,Aragón,2016,476,Articles culturals i recreatius,1005,1308563,0.768,-1.66,False,,INE DIRCE T=294 (locals); INE Padró T=29005 sumat per CCAA
ccaa,02,Aragón,2017,476,Articles culturals i recreatius,992,1308750,0.758,-1.29,False,,INE DIRCE T=294 (locals); INE Padró T=29005 sumat per CCAA
ccaa,02,Aragón,2018,476,Articles culturals i recreatius,961,1308728,0.734,-3.12,False,,INE DIRCE T=294 (locals); INE Padró T=29005 sumat per CCAA
ccaa,02,Aragón,2019,476,Articles culturals i recreatius,867,1319291,0.657,-9.78,False,,INE DIRCE T=294 (locals); INE Padró T=29005 sumat per CCAA
ccaa,02,Aragón,2020,476,Articles culturals i recreatius,854,1329391,0.642,-1.5,False,,INE DIRCE T=294 (locals); INE Padró T=29005 sumat per CCAA
ccaa,02,Aragón,2021,476,Articles culturals i recreatius,821,1326261,0.619,-3.86,False,,INE DIRCE T=294 (locals); INE Padró T=29005 sumat per CCAA
ccaa,02,Aragón,2022,476,Articles culturals i recreatius,800,1326315,0.603,-2.56,False,,INE DIRCE T=294 (locals); INE Padró T=29005 sumat per CCAA
ccaa,02,Aragón,2023,476,Articles culturals i recreatius,746,1339727,0.557,-6.75,True,La variació 2022→2023 travessa el trencament de sèrie DIRCE de 2023: no comparable.,INE DIRCE T=294 (locals); INE Padró T=29005 sumat per CCAA
ccaa,02,Aragón,2024,476,Articles culturals i recreatius,714,1347834,0.53,-4.29,False,,INE DIRCE T=294 (locals); INE Padró T=29005 sumat per CCAA
ccaa,02,Aragón,2025,476,Articles culturals i recreatius,701,1358812,0.516,-1.82,False,,INE DIRCE T=294 (locals); INE Padró T=29005 sumat per CCAA
ccaa,02,Aragón,2010,477,"Altres articles (moda, calçat, etc.)",4912,1347095,3.646,,False,,INE DIRCE T=294 (locals); INE Padró T=29005 sumat per CCAA
ccaa,02,Aragón,2011,477,"Altres articles (moda, calçat, etc.)",4969,1346293,3.691,1.16,False,,INE DIRCE T=294 (locals); INE Padró T=29005 sumat per CCAA
ccaa,02,Aragón,2012,477,"Altres articles (moda, calçat, etc.)",4834,1349467,3.582,-2.72,False,,INE DIRCE T=294 (locals); INE Padró T=29005 sumat per CCAA
ccaa,02,Aragón,2013,477,"Altres articles (moda, calçat, etc.)",4788,1347150,3.554,-0.95,False,,INE DIRCE T=294 (locals); INE Padró T=29005 sumat per CCAA
ccaa,02,Aragón,2014,477,"Altres articles (moda, calçat, etc.)",4768,1325385,3.597,-0.42,False,,INE DIRCE T=294 (locals); INE Padró T=29005 sumat per CCAA
ccaa,02,Aragón,2015,477,"Altres articles (moda, calçat, etc.)",4681,1317847,3.552,-1.82,False,,INE DIRCE T=294 (locals); INE Padró T=29005 sumat per CCAA
ccaa,02,Aragón,2016,477,"Altres articles (moda, calçat, etc.)",4673,1308563,3.571,-0.17,False,,INE DIRCE T=294 (locals); INE Padró T=29005 sumat per CCAA
ccaa,02,Aragón,2017,477,"Altres articles (moda, calçat, etc.)",4620,1308750,3.53,-1.13,False,,INE DIRCE T=294 (locals); INE Padró T=29005 sumat per CCAA
ccaa,02,Aragón,2018,477,"Altres articles (moda, calçat, etc.)",4562,1308728,3.486,-1.26,False,,INE DIRCE T=294 (locals); INE Padró T=29005 sumat per CCAA
ccaa,02,Aragón,2019,477,"Altres articles (moda, calçat, etc.)",4487,1319291,3.401,-1.64,False,,INE DIRCE T=294 (locals); INE Padró T=29005 sumat per CCAA
ccaa,02,Aragón,2020,477,"Altres articles (moda, calçat, etc.)",4322,1329391,3.251,-3.68,False,,INE DIRCE T=294 (locals); INE Padró T=29005 sumat per CCAA
ccaa,02,Aragón,2021,477,"Altres articles (moda, calçat, etc.)",4189,1326261,3.159,-3.08,False,,INE DIRCE T=294 (locals); INE Padró T=29005 sumat per CCAA
ccaa,02,Aragón,2022,477,"Altres articles (moda, calçat, etc.)",4167,1326315,3.142,-0.53,False,,INE DIRCE T=294 (locals); INE Padró T=29005 sumat per CCAA
ccaa,02,Aragón,2023,477,"Altres articles (moda, calçat, etc.)",3977,1339727,2.969,-4.56,True,La variació 2022→2023 travessa el trencament de sèrie DIRCE de 2023: no comparable.,INE DIRCE T=294 (locals); INE Padró T=29005 sumat per CCAA
ccaa,02,Aragón,2024,477,"Altres articles (moda, calçat, etc.)",3977,1347834,2.951,0.0,False,,INE DIRCE T=294 (locals); INE Padró T=29005 sumat per CCAA
ccaa,02,Aragón,2025,477,"Altres articles (moda, calçat, etc.)",3948,1358812,2.905,-0.73,False,,INE DIRCE T=294 (locals); INE Padró T=29005 sumat per CCAA
ccaa,02,Aragón,2010,478,Punts de venda i mercadillos,595,1347095,0.442,,False,,INE DIRCE T=294 (locals); INE Padró T=29005 sumat per CCAA
ccaa,02,Aragón,2011,478,Punts de venda i mercadillos,643,1346293,0.478,8.07,False,,INE DIRCE T=294 (locals); INE Padró T=29005 sumat per CCAA
ccaa,02,Aragón,2012,478,Punts de venda i mercadillos,607,1349467,0.45,-5.6,False,,INE DIRCE T=294 (locals); INE Padró T=29005 sumat per CCAA
ccaa,02,Aragón,2013,478,Punts de venda i mercadillos,576,1347150,0.428,-5.11,False,,INE DIRCE T=294 (locals); INE Padró T=29005 sumat per CCAA
ccaa,02,Aragón,2014,478,Punts de venda i mercadillos,597,1325385,0.45,3.65,False,,INE DIRCE T=294 (locals); INE Padró T=29005 sumat per CCAA
ccaa,02,Aragón,2015,478,Punts de venda i mercadillos,702,1317847,0.533,17.59,False,,INE DIRCE T=294 (locals); INE Padró T=29005 sumat per CCAA
ccaa,02,Aragón,2016,478,Punts de venda i mercadillos,699,1308563,0.534,-0.43,False,,INE DIRCE T=294 (locals); INE Padró T=29005 sumat per CCAA
ccaa,02,Aragón,2017,478,Punts de venda i mercadillos,700,1308750,0.535,0.14,False,,INE DIRCE T=294 (locals); INE Padró T=29005 sumat per CCAA
ccaa,02,Aragón,2018,478,Punts de venda i mercadillos,686,1308728,0.524,-2.0,False,,INE DIRCE T=294 (locals); INE Padró T=29005 sumat per CCAA
ccaa,02,Aragón,2019,478,Punts de venda i mercadillos,674,1319291,0.511,-1.75,False,,INE DIRCE T=294 (locals); INE Padró T=29005 sumat per CCAA
ccaa,02,Aragón,2020,478,Punts de venda i mercadillos,695,1329391,0.523,3.12,False,,INE DIRCE T=294 (locals); INE Padró T=29005 sumat per CCAA
ccaa,02,Aragón,2021,478,Punts de venda i mercadillos,605,1326261,0.456,-12.95,False,,INE DIRCE T=294 (locals); INE Padró T=29005 sumat per CCAA
ccaa,02,Aragón,2022,478,Punts de venda i mercadillos,626,1326315,0.472,3.47,False,,INE DIRCE T=294 (locals); INE Padró T=29005 sumat per CCAA
ccaa,02,Aragón,2023,478,Punts de venda i mercadillos,517,1339727,0.386,-17.41,True,La variació 2022→2023 travessa el trencament de sèrie DIRCE de 2023: no comparable.,INE DIRCE T=294 (locals); INE Padró T=29005 sumat per CCAA
ccaa,02,Aragón,2024,478,Punts de venda i mercadillos,502,1347834,0.372,-2.9,False,,INE DIRCE T=294 (locals); INE Padró T=29005 sumat per CCAA
ccaa,02,Aragón,2025,478,Punts de venda i mercadillos,510,1358812,0.375,1.59,False,,INE DIRCE T=294 (locals); INE Padró T=29005 sumat per CCAA
ccaa,02,Aragón,2010,479,Comerç no en establiment (internet),499,1347095,0.37,,False,,INE DIRCE T=294 (locals); INE Padró T=29005 sumat per CCAA
ccaa,02,Aragón,2011,479,Comerç no en establiment (internet),450,1346293,0.334,-9.82,False,,INE DIRCE T=294 (locals); INE Padró T=29005 sumat per CCAA
ccaa,02,Aragón,2012,479,Comerç no en establiment (internet),433,1349467,0.321,-3.78,False,,INE DIRCE T=294 (locals); INE Padró T=29005 sumat per CCAA
ccaa,02,Aragón,2013,479,Comerç no en establiment (internet),418,1347150,0.31,-3.46,False,,INE DIRCE T=294 (locals); INE Padró T=29005 sumat per CCAA
ccaa,02,Aragón,2014,479,Comerç no en establiment (internet),419,1325385,0.316,0.24,False,,INE DIRCE T=294 (locals); INE Padró T=29005 sumat per CCAA
ccaa,02,Aragón,2015,479,Comerç no en establiment (internet),463,1317847,0.351,10.5,False,,INE DIRCE T=294 (locals); INE Padró T=29005 sumat per CCAA
ccaa,02,Aragón,2016,479,Comerç no en establiment (internet),451,1308563,0.345,-2.59,False,,INE DIRCE T=294 (locals); INE Padró T=29005 sumat per CCAA
ccaa,02,Aragón,2017,479,Comerç no en establiment (internet),446,1308750,0.341,-1.11,False,,INE DIRCE T=294 (locals); INE Padró T=29005 sumat per CCAA
ccaa,02,Aragón,2018,479,Comerç no en establiment (internet),423,1308728,0.323,-5.16,False,,INE DIRCE T=294 (locals); INE Padró T=29005 sumat per CCAA
ccaa,02,Aragón,2019,479,Comerç no en establiment (internet),417,1319291,0.316,-1.42,False,,INE DIRCE T=294 (locals); INE Padró T=29005 sumat per CCAA
ccaa,02,Aragón,2020,479,Comerç no en establiment (internet),418,1329391,0.314,0.24,False,,INE DIRCE T=294 (locals); INE Padró T=29005 sumat per CCAA
ccaa,02,Aragón,2021,479,Comerç no en establiment (internet),455,1326261,0.343,8.85,False,,INE DIRCE T=294 (locals); INE Padró T=29005 sumat per CCAA
ccaa,02,Aragón,2022,479,Comerç no en establiment (internet),464,1326315,0.35,1.98,False,,INE DIRCE T=294 (locals); INE Padró T=29005 sumat per CCAA
ccaa,02,Aragón,2023,479,Comerç no en establiment (internet),420,1339727,0.313,-9.48,True,La variació 2022→2023 travessa el trencament de sèrie DIRCE de 2023: no comparable.,INE DIRCE T=294 (locals); INE Padró T=29005 sumat per CCAA
ccaa,02,Aragón,2024,479,Comerç no en establiment (internet),440,1347834,0.326,4.76,False,,INE DIRCE T=294 (locals); INE Padró T=29005 sumat per CCAA
ccaa,02,Aragón,2025,479,Comerç no en establiment (internet),448,1358812,0.33,1.82,False,,INE DIRCE T=294 (locals); INE Padró T=29005 sumat per CCAA
ccaa,03,Asturias (Principado de),2010,47,Comerç al detall (total CNAE 47),13807,1084341,12.733,,False,,INE DIRCE T=294 (locals); INE Padró T=29005 sumat per CCAA
ccaa,03,Asturias (Principado de),2011,47,Comerç al detall (total CNAE 47),13385,1081487,12.376,-3.06,False,,INE DIRCE T=294 (locals); INE Padró T=29005 sumat per CCAA
ccaa,03,Asturias (Principado de),2012,47,Comerç al detall (total CNAE 47),13352,1077360,12.393,-0.25,False,,INE DIRCE T=294 (locals); INE Padró T=29005 sumat per CCAA
ccaa,03,Asturias (Principado de),2013,47,Comerç al detall (total CNAE 47),12963,1068165,12.136,-2.91,False,,INE DIRCE T=294 (locals); INE Padró T=29005 sumat per CCAA
ccaa,03,Asturias (Principado de),2014,47,Comerç al detall (total CNAE 47),12865,1061756,12.117,-0.76,False,,INE DIRCE T=294 (locals); INE Padró T=29005 sumat per CCAA
ccaa,03,Asturias (Principado de),2015,47,Comerç al detall (total CNAE 47),12707,1051229,12.088,-1.23,False,,INE DIRCE T=294 (locals); INE Padró T=29005 sumat per CCAA
ccaa,03,Asturias (Principado de),2016,47,Comerç al detall (total CNAE 47),12486,1042608,11.976,-1.74,False,,INE DIRCE T=294 (locals); INE Padró T=29005 sumat per CCAA
ccaa,03,Asturias (Principado de),2017,47,Comerç al detall (total CNAE 47),12472,1034960,12.051,-0.11,False,,INE DIRCE T=294 (locals); INE Padró T=29005 sumat per CCAA
ccaa,03,Asturias (Principado de),2018,47,Comerç al detall (total CNAE 47),12189,1028244,11.854,-2.27,False,,INE DIRCE T=294 (locals); INE Padró T=29005 sumat per CCAA
ccaa,03,Asturias (Principado de),2019,47,Comerç al detall (total CNAE 47),11825,1022800,11.561,-2.99,False,,INE DIRCE T=294 (locals); INE Padró T=29005 sumat per CCAA
ccaa,03,Asturias (Principado de),2020,47,Comerç al detall (total CNAE 47),11534,1018784,11.321,-2.46,False,,INE DIRCE T=294 (locals); INE Padró T=29005 sumat per CCAA
ccaa,03,Asturias (Principado de),2021,47,Comerç al detall (total CNAE 47),11250,1011792,11.119,-2.46,False,,INE DIRCE T=294 (locals); INE Padró T=29005 sumat per CCAA
ccaa,03,Asturias (Principado de),2022,47,Comerç al detall (total CNAE 47),11190,1004686,11.138,-0.53,False,,INE DIRCE T=294 (locals); INE Padró T=29005 sumat per CCAA
ccaa,03,Asturias (Principado de),2023,47,Comerç al detall (total CNAE 47),10591,1005283,10.535,-5.35,True,La variació 2022→2023 travessa el trencament de sèrie DIRCE de 2023: no comparable.,INE DIRCE T=294 (locals); INE Padró T=29005 sumat per CCAA
ccaa,03,Asturias (Principado de),2024,47,Comerç al detall (total CNAE 47),10321,1008028,10.239,-2.55,False,,INE DIRCE T=294 (locals); INE Padró T=29005 sumat per CCAA
ccaa,03,Asturias (Principado de),2025,47,Comerç al detall (total CNAE 47),10063,1013529,9.929,-2.5,False,,INE DIRCE T=294 (locals); INE Padró T=29005 sumat per CCAA
ccaa,03,Asturias (Principado de),2010,471,Establiments no especialitzats (súper i hiper),2149,1084341,1.982,,False,,INE DIRCE T=294 (locals); INE Padró T=29005 sumat per CCAA
ccaa,03,Asturias (Principado de),2011,471,Establiments no especialitzats (súper i hiper),1500,1081487,1.387,-30.2,False,,INE DIRCE T=294 (locals); INE Padró T=29005 sumat per CCAA
ccaa,03,Asturias (Principado de),2012,471,Establiments no especialitzats (súper i hiper),1482,1077360,1.376,-1.2,False,,INE DIRCE T=294 (locals); INE Padró T=29005 sumat per CCAA
ccaa,03,Asturias (Principado de),2013,471,Establiments no especialitzats (súper i hiper),1435,1068165,1.343,-3.17,False,,INE DIRCE T=294 (locals); INE Padró T=29005 sumat per CCAA
ccaa,03,Asturias (Principado de),2014,471,Establiments no especialitzats (súper i hiper),1448,1061756,1.364,0.91,False,,INE DIRCE T=294 (locals); INE Padró T=29005 sumat per CCAA
ccaa,03,Asturias (Principado de),2015,471,Establiments no especialitzats (súper i hiper),1453,1051229,1.382,0.35,False,,INE DIRCE T=294 (locals); INE Padró T=29005 sumat per CCAA
ccaa,03,Asturias (Principado de),2016,471,Establiments no especialitzats (súper i hiper),1437,1042608,1.378,-1.1,False,,INE DIRCE T=294 (locals); INE Padró T=29005 sumat per CCAA
ccaa,03,Asturias (Principado de),2017,471,Establiments no especialitzats (súper i hiper),1435,1034960,1.387,-0.14,False,,INE DIRCE T=294 (locals); INE Padró T=29005 sumat per CCAA
ccaa,03,Asturias (Principado de),2018,471,Establiments no especialitzats (súper i hiper),1409,1028244,1.37,-1.81,False,,INE DIRCE T=294 (locals); INE Padró T=29005 sumat per CCAA
ccaa,03,Asturias (Principado de),2019,471,Establiments no especialitzats (súper i hiper),1427,1022800,1.395,1.28,False,,INE DIRCE T=294 (locals); INE Padró T=29005 sumat per CCAA
ccaa,03,Asturias (Principado de),2020,471,Establiments no especialitzats (súper i hiper),1361,1018784,1.336,-4.63,False,,INE DIRCE T=294 (locals); INE Padró T=29005 sumat per CCAA
ccaa,03,Asturias (Principado de),2021,471,Establiments no especialitzats (súper i hiper),1350,1011792,1.334,-0.81,False,,INE DIRCE T=294 (locals); INE Padró T=29005 sumat per CCAA
ccaa,03,Asturias (Principado de),2022,471,Establiments no especialitzats (súper i hiper),1338,1004686,1.332,-0.89,False,,INE DIRCE T=294 (locals); INE Padró T=29005 sumat per CCAA
ccaa,03,Asturias (Principado de),2023,471,Establiments no especialitzats (súper i hiper),1278,1005283,1.271,-4.48,True,La variació 2022→2023 travessa el trencament de sèrie DIRCE de 2023: no comparable.,INE DIRCE T=294 (locals); INE Padró T=29005 sumat per CCAA
ccaa,03,Asturias (Principado de),2024,471,Establiments no especialitzats (súper i hiper),1253,1008028,1.243,-1.96,False,,INE DIRCE T=294 (locals); INE Padró T=29005 sumat per CCAA
ccaa,03,Asturias (Principado de),2025,471,Establiments no especialitzats (súper i hiper),1226,1013529,1.21,-2.15,False,,INE DIRCE T=294 (locals); INE Padró T=29005 sumat per CCAA
ccaa,03,Asturias (Principado de),2010,472,"Aliments, begudes i tabac (especialitzat)",2063,1084341,1.903,,False,,INE DIRCE T=294 (locals); INE Padró T=29005 sumat per CCAA
ccaa,03,Asturias (Principado de),2011,472,"Aliments, begudes i tabac (especialitzat)",2283,1081487,2.111,10.66,False,,INE DIRCE T=294 (locals); INE Padró T=29005 sumat per CCAA
ccaa,03,Asturias (Principado de),2012,472,"Aliments, begudes i tabac (especialitzat)",2285,1077360,2.121,0.09,False,,INE DIRCE T=294 (locals); INE Padró T=29005 sumat per CCAA
ccaa,03,Asturias (Principado de),2013,472,"Aliments, begudes i tabac (especialitzat)",2282,1068165,2.136,-0.13,False,,INE DIRCE T=294 (locals); INE Padró T=29005 sumat per CCAA
ccaa,03,Asturias (Principado de),2014,472,"Aliments, begudes i tabac (especialitzat)",2273,1061756,2.141,-0.39,False,,INE DIRCE T=294 (locals); INE Padró T=29005 sumat per CCAA
ccaa,03,Asturias (Principado de),2015,472,"Aliments, begudes i tabac (especialitzat)",2221,1051229,2.113,-2.29,False,,INE DIRCE T=294 (locals); INE Padró T=29005 sumat per CCAA
ccaa,03,Asturias (Principado de),2016,472,"Aliments, begudes i tabac (especialitzat)",2174,1042608,2.085,-2.12,False,,INE DIRCE T=294 (locals); INE Padró T=29005 sumat per CCAA
ccaa,03,Asturias (Principado de),2017,472,"Aliments, begudes i tabac (especialitzat)",2161,1034960,2.088,-0.6,False,,INE DIRCE T=294 (locals); INE Padró T=29005 sumat per CCAA
ccaa,03,Asturias (Principado de),2018,472,"Aliments, begudes i tabac (especialitzat)",2093,1028244,2.036,-3.15,False,,INE DIRCE T=294 (locals); INE Padró T=29005 sumat per CCAA
ccaa,03,Asturias (Principado de),2019,472,"Aliments, begudes i tabac (especialitzat)",1982,1022800,1.938,-5.3,False,,INE DIRCE T=294 (locals); INE Padró T=29005 sumat per CCAA
ccaa,03,Asturias (Principado de),2020,472,"Aliments, begudes i tabac (especialitzat)",1987,1018784,1.95,0.25,False,,INE DIRCE T=294 (locals); INE Padró T=29005 sumat per CCAA
ccaa,03,Asturias (Principado de),2021,472,"Aliments, begudes i tabac (especialitzat)",1977,1011792,1.954,-0.5,False,,INE DIRCE T=294 (locals); INE Padró T=29005 sumat per CCAA
ccaa,03,Asturias (Principado de),2022,472,"Aliments, begudes i tabac (especialitzat)",1950,1004686,1.941,-1.37,False,,INE DIRCE T=294 (locals); INE Padró T=29005 sumat per CCAA
ccaa,03,Asturias (Principado de),2023,472,"Aliments, begudes i tabac (especialitzat)",1836,1005283,1.826,-5.85,True,La variació 2022→2023 travessa el trencament de sèrie DIRCE de 2023: no comparable.,INE DIRCE T=294 (locals); INE Padró T=29005 sumat per CCAA
ccaa,03,Asturias (Principado de),2024,472,"Aliments, begudes i tabac (especialitzat)",1801,1008028,1.787,-1.91,False,,INE DIRCE T=294 (locals); INE Padró T=29005 sumat per CCAA
ccaa,03,Asturias (Principado de),2025,472,"Aliments, begudes i tabac (especialitzat)",1778,1013529,1.754,-1.28,False,,INE DIRCE T=294 (locals); INE Padró T=29005 sumat per CCAA
ccaa,03,Asturias (Principado de),2010,473,Combustible (gasolineres),171,1084341,0.158,,False,,INE DIRCE T=294 (locals); INE Padró T=29005 sumat per CCAA
ccaa,03,Asturias (Principado de),2011,473,Combustible (gasolineres),177,1081487,0.164,3.51,False,,INE DIRCE T=294 (locals); INE Padró T=29005 sumat per CCAA
ccaa,03,Asturias (Principado de),2012,473,Combustible (gasolineres),181,1077360,0.168,2.26,False,,INE DIRCE T=294 (locals); INE Padró T=29005 sumat per CCAA
ccaa,03,Asturias (Principado de),2013,473,Combustible (gasolineres),178,1068165,0.167,-1.66,False,,INE DIRCE T=294 (locals); INE Padró T=29005 sumat per CCAA
ccaa,03,Asturias (Principado de),2014,473,Combustible (gasolineres),180,1061756,0.17,1.12,False,,INE DIRCE T=294 (locals); INE Padró T=29005 sumat per CCAA
ccaa,03,Asturias (Principado de),2015,473,Combustible (gasolineres),182,1051229,0.173,1.11,False,,INE DIRCE T=294 (locals); INE Padró T=29005 sumat per CCAA
ccaa,03,Asturias (Principado de),2016,473,Combustible (gasolineres),183,1042608,0.176,0.55,False,,INE DIRCE T=294 (locals); INE Padró T=29005 sumat per CCAA
ccaa,03,Asturias (Principado de),2017,473,Combustible (gasolineres),176,1034960,0.17,-3.83,False,,INE DIRCE T=294 (locals); INE Padró T=29005 sumat per CCAA
ccaa,03,Asturias (Principado de),2018,473,Combustible (gasolineres),186,1028244,0.181,5.68,False,,INE DIRCE T=294 (locals); INE Padró T=29005 sumat per CCAA
ccaa,03,Asturias (Principado de),2019,473,Combustible (gasolineres),179,1022800,0.175,-3.76,False,,INE DIRCE T=294 (locals); INE Padró T=29005 sumat per CCAA
ccaa,03,Asturias (Principado de),2020,473,Combustible (gasolineres),191,1018784,0.187,6.7,False,,INE DIRCE T=294 (locals); INE Padró T=29005 sumat per CCAA
ccaa,03,Asturias (Principado de),2021,473,Combustible (gasolineres),182,1011792,0.18,-4.71,False,,INE DIRCE T=294 (locals); INE Padró T=29005 sumat per CCAA
ccaa,03,Asturias (Principado de),2022,473,Combustible (gasolineres),189,1004686,0.188,3.85,False,,INE DIRCE T=294 (locals); INE Padró T=29005 sumat per CCAA
ccaa,03,Asturias (Principado de),2023,473,Combustible (gasolineres),180,1005283,0.179,-4.76,True,La variació 2022→2023 travessa el trencament de sèrie DIRCE de 2023: no comparable.,INE DIRCE T=294 (locals); INE Padró T=29005 sumat per CCAA
ccaa,03,Asturias (Principado de),2024,473,Combustible (gasolineres),181,1008028,0.18,0.56,False,,INE DIRCE T=294 (locals); INE Padró T=29005 sumat per CCAA
ccaa,03,Asturias (Principado de),2025,473,Combustible (gasolineres),184,1013529,0.182,1.66,False,,INE DIRCE T=294 (locals); INE Padró T=29005 sumat per CCAA
ccaa,03,Asturias (Principado de),2010,474,Equips TIC,418,1084341,0.385,,False,,INE DIRCE T=294 (locals); INE Padró T=29005 sumat per CCAA
ccaa,03,Asturias (Principado de),2011,474,Equips TIC,395,1081487,0.365,-5.5,False,,INE DIRCE T=294 (locals); INE Padró T=29005 sumat per CCAA
ccaa,03,Asturias (Principado de),2012,474,Equips TIC,417,1077360,0.387,5.57,False,,INE DIRCE T=294 (locals); INE Padró T=29005 sumat per CCAA
ccaa,03,Asturias (Principado de),2013,474,Equips TIC,375,1068165,0.351,-10.07,False,,INE DIRCE T=294 (locals); INE Padró T=29005 sumat per CCAA
ccaa,03,Asturias (Principado de),2014,474,Equips TIC,330,1061756,0.311,-12.0,False,,INE DIRCE T=294 (locals); INE Padró T=29005 sumat per CCAA
ccaa,03,Asturias (Principado de),2015,474,Equips TIC,311,1051229,0.296,-5.76,False,,INE DIRCE T=294 (locals); INE Padró T=29005 sumat per CCAA
ccaa,03,Asturias (Principado de),2016,474,Equips TIC,281,1042608,0.27,-9.65,False,,INE DIRCE T=294 (locals); INE Padró T=29005 sumat per CCAA
ccaa,03,Asturias (Principado de),2017,474,Equips TIC,282,1034960,0.272,0.36,False,,INE DIRCE T=294 (locals); INE Padró T=29005 sumat per CCAA
ccaa,03,Asturias (Principado de),2018,474,Equips TIC,283,1028244,0.275,0.35,False,,INE DIRCE T=294 (locals); INE Padró T=29005 sumat per CCAA
ccaa,03,Asturias (Principado de),2019,474,Equips TIC,238,1022800,0.233,-15.9,False,,INE DIRCE T=294 (locals); INE Padró T=29005 sumat per CCAA
ccaa,03,Asturias (Principado de),2020,474,Equips TIC,222,1018784,0.218,-6.72,False,,INE DIRCE T=294 (locals); INE Padró T=29005 sumat per CCAA
ccaa,03,Asturias (Principado de),2021,474,Equips TIC,208,1011792,0.206,-6.31,False,,INE DIRCE T=294 (locals); INE Padró T=29005 sumat per CCAA
ccaa,03,Asturias (Principado de),2022,474,Equips TIC,219,1004686,0.218,5.29,False,,INE DIRCE T=294 (locals); INE Padró T=29005 sumat per CCAA
ccaa,03,Asturias (Principado de),2023,474,Equips TIC,189,1005283,0.188,-13.7,True,La variació 2022→2023 travessa el trencament de sèrie DIRCE de 2023: no comparable.,INE DIRCE T=294 (locals); INE Padró T=29005 sumat per CCAA
ccaa,03,Asturias (Principado de),2024,474,Equips TIC,189,1008028,0.187,0.0,False,,INE DIRCE T=294 (locals); INE Padró T=29005 sumat per CCAA
ccaa,03,Asturias (Principado de),2025,474,Equips TIC,187,1013529,0.185,-1.06,False,,INE DIRCE T=294 (locals); INE Padró T=29005 sumat per CCAA
ccaa,03,Asturias (Principado de),2010,475,Equipament de la llar,2682,1084341,2.473,,False,,INE DIRCE T=294 (locals); INE Padró T=29005 sumat per CCAA
ccaa,03,Asturias (Principado de),2011,475,Equipament de la llar,2789,1081487,2.579,3.99,False,,INE DIRCE T=294 (locals); INE Padró T=29005 sumat per CCAA
ccaa,03,Asturias (Principado de),2012,475,Equipament de la llar,2701,1077360,2.507,-3.16,False,,INE DIRCE T=294 (locals); INE Padró T=29005 sumat per CCAA
ccaa,03,Asturias (Principado de),2013,475,Equipament de la llar,2589,1068165,2.424,-4.15,False,,INE DIRCE T=294 (locals); INE Padró T=29005 sumat per CCAA
ccaa,03,Asturias (Principado de),2014,475,Equipament de la llar,2501,1061756,2.356,-3.4,False,,INE DIRCE T=294 (locals); INE Padró T=29005 sumat per CCAA
ccaa,03,Asturias (Principado de),2015,475,Equipament de la llar,2435,1051229,2.316,-2.64,False,,INE DIRCE T=294 (locals); INE Padró T=29005 sumat per CCAA
ccaa,03,Asturias (Principado de),2016,475,Equipament de la llar,2367,1042608,2.27,-2.79,False,,INE DIRCE T=294 (locals); INE Padró T=29005 sumat per CCAA
ccaa,03,Asturias (Principado de),2017,475,Equipament de la llar,2319,1034960,2.241,-2.03,False,,INE DIRCE T=294 (locals); INE Padró T=29005 sumat per CCAA
ccaa,03,Asturias (Principado de),2018,475,Equipament de la llar,2206,1028244,2.145,-4.87,False,,INE DIRCE T=294 (locals); INE Padró T=29005 sumat per CCAA
ccaa,03,Asturias (Principado de),2019,475,Equipament de la llar,2157,1022800,2.109,-2.22,False,,INE DIRCE T=294 (locals); INE Padró T=29005 sumat per CCAA
ccaa,03,Asturias (Principado de),2020,475,Equipament de la llar,2087,1018784,2.049,-3.25,False,,INE DIRCE T=294 (locals); INE Padró T=29005 sumat per CCAA
ccaa,03,Asturias (Principado de),2021,475,Equipament de la llar,2039,1011792,2.015,-2.3,False,,INE DIRCE T=294 (locals); INE Padró T=29005 sumat per CCAA
ccaa,03,Asturias (Principado de),2022,475,Equipament de la llar,2011,1004686,2.002,-1.37,False,,INE DIRCE T=294 (locals); INE Padró T=29005 sumat per CCAA
ccaa,03,Asturias (Principado de),2023,475,Equipament de la llar,1906,1005283,1.896,-5.22,True,La variació 2022→2023 travessa el trencament de sèrie DIRCE de 2023: no comparable.,INE DIRCE T=294 (locals); INE Padró T=29005 sumat per CCAA
ccaa,03,Asturias (Principado de),2024,475,Equipament de la llar,1840,1008028,1.825,-3.46,False,,INE DIRCE T=294 (locals); INE Padró T=29005 sumat per CCAA
ccaa,03,Asturias (Principado de),2025,475,Equipament de la llar,1781,1013529,1.757,-3.21,False,,INE DIRCE T=294 (locals); INE Padró T=29005 sumat per CCAA
ccaa,03,Asturias (Principado de),2010,476,Articles culturals i recreatius,967,1084341,0.892,,False,,INE DIRCE T=294 (locals); INE Padró T=29005 sumat per CCAA
ccaa,03,Asturias (Principado de),2011,476,Articles culturals i recreatius,1018,1081487,0.941,5.27,False,,INE DIRCE T=294 (locals); INE Padró T=29005 sumat per CCAA
ccaa,03,Asturias (Principado de),2012,476,Articles culturals i recreatius,1017,1077360,0.944,-0.1,False,,INE DIRCE T=294 (locals); INE Padró T=29005 sumat per CCAA
ccaa,03,Asturias (Principado de),2013,476,Articles culturals i recreatius,1027,1068165,0.961,0.98,False,,INE DIRCE T=294 (locals); INE Padró T=29005 sumat per CCAA
ccaa,03,Asturias (Principado de),2014,476,Articles culturals i recreatius,998,1061756,0.94,-2.82,False,,INE DIRCE T=294 (locals); INE Padró T=29005 sumat per CCAA
ccaa,03,Asturias (Principado de),2015,476,Articles culturals i recreatius,1006,1051229,0.957,0.8,False,,INE DIRCE T=294 (locals); INE Padró T=29005 sumat per CCAA
ccaa,03,Asturias (Principado de),2016,476,Articles culturals i recreatius,982,1042608,0.942,-2.39,False,,INE DIRCE T=294 (locals); INE Padró T=29005 sumat per CCAA
ccaa,03,Asturias (Principado de),2017,476,Articles culturals i recreatius,982,1034960,0.949,0.0,False,,INE DIRCE T=294 (locals); INE Padró T=29005 sumat per CCAA
ccaa,03,Asturias (Principado de),2018,476,Articles culturals i recreatius,944,1028244,0.918,-3.87,False,,INE DIRCE T=294 (locals); INE Padró T=29005 sumat per CCAA
ccaa,03,Asturias (Principado de),2019,476,Articles culturals i recreatius,895,1022800,0.875,-5.19,False,,INE DIRCE T=294 (locals); INE Padró T=29005 sumat per CCAA
ccaa,03,Asturias (Principado de),2020,476,Articles culturals i recreatius,835,1018784,0.82,-6.7,False,,INE DIRCE T=294 (locals); INE Padró T=29005 sumat per CCAA
ccaa,03,Asturias (Principado de),2021,476,Articles culturals i recreatius,803,1011792,0.794,-3.83,False,,INE DIRCE T=294 (locals); INE Padró T=29005 sumat per CCAA
ccaa,03,Asturias (Principado de),2022,476,Articles culturals i recreatius,791,1004686,0.787,-1.49,False,,INE DIRCE T=294 (locals); INE Padró T=29005 sumat per CCAA
ccaa,03,Asturias (Principado de),2023,476,Articles culturals i recreatius,753,1005283,0.749,-4.8,True,La variació 2022→2023 travessa el trencament de sèrie DIRCE de 2023: no comparable.,INE DIRCE T=294 (locals); INE Padró T=29005 sumat per CCAA
ccaa,03,Asturias (Principado de),2024,476,Articles culturals i recreatius,715,1008028,0.709,-5.05,False,,INE DIRCE T=294 (locals); INE Padró T=29005 sumat per CCAA
ccaa,03,Asturias (Principado de),2025,476,Articles culturals i recreatius,672,1013529,0.663,-6.01,False,,INE DIRCE T=294 (locals); INE Padró T=29005 sumat per CCAA
ccaa,03,Asturias (Principado de),2010,477,"Altres articles (moda, calçat, etc.)",4407,1084341,4.064,,False,,INE DIRCE T=294 (locals); INE Padró T=29005 sumat per CCAA
ccaa,03,Asturias (Principado de),2011,477,"Altres articles (moda, calçat, etc.)",4314,1081487,3.989,-2.11,False,,INE DIRCE T=294 (locals); INE Padró T=29005 sumat per CCAA
ccaa,03,Asturias (Principado de),2012,477,"Altres articles (moda, calçat, etc.)",4341,1077360,4.029,0.63,False,,INE DIRCE T=294 (locals); INE Padró T=29005 sumat per CCAA
ccaa,03,Asturias (Principado de),2013,477,"Altres articles (moda, calçat, etc.)",4183,1068165,3.916,-3.64,False,,INE DIRCE T=294 (locals); INE Padró T=29005 sumat per CCAA
ccaa,03,Asturias (Principado de),2014,477,"Altres articles (moda, calçat, etc.)",4185,1061756,3.942,0.05,False,,INE DIRCE T=294 (locals); INE Padró T=29005 sumat per CCAA
ccaa,03,Asturias (Principado de),2015,477,"Altres articles (moda, calçat, etc.)",4180,1051229,3.976,-0.12,False,,INE DIRCE T=294 (locals); INE Padró T=29005 sumat per CCAA
ccaa,03,Asturias (Principado de),2016,477,"Altres articles (moda, calçat, etc.)",4137,1042608,3.968,-1.03,False,,INE DIRCE T=294 (locals); INE Padró T=29005 sumat per CCAA
ccaa,03,Asturias (Principado de),2017,477,"Altres articles (moda, calçat, etc.)",4208,1034960,4.066,1.72,False,,INE DIRCE T=294 (locals); INE Padró T=29005 sumat per CCAA
ccaa,03,Asturias (Principado de),2018,477,"Altres articles (moda, calçat, etc.)",4186,1028244,4.071,-0.52,False,,INE DIRCE T=294 (locals); INE Padró T=29005 sumat per CCAA
ccaa,03,Asturias (Principado de),2019,477,"Altres articles (moda, calçat, etc.)",4117,1022800,4.025,-1.65,False,,INE DIRCE T=294 (locals); INE Padró T=29005 sumat per CCAA
ccaa,03,Asturias (Principado de),2020,477,"Altres articles (moda, calçat, etc.)",4004,1018784,3.93,-2.74,False,,INE DIRCE T=294 (locals); INE Padró T=29005 sumat per CCAA
ccaa,03,Asturias (Principado de),2021,477,"Altres articles (moda, calçat, etc.)",3870,1011792,3.825,-3.35,False,,INE DIRCE T=294 (locals); INE Padró T=29005 sumat per CCAA
ccaa,03,Asturias (Principado de),2022,477,"Altres articles (moda, calçat, etc.)",3861,1004686,3.843,-0.23,False,,INE DIRCE T=294 (locals); INE Padró T=29005 sumat per CCAA
ccaa,03,Asturias (Principado de),2023,477,"Altres articles (moda, calçat, etc.)",3678,1005283,3.659,-4.74,True,La variació 2022→2023 travessa el trencament de sèrie DIRCE de 2023: no comparable.,INE DIRCE T=294 (locals); INE Padró T=29005 sumat per CCAA
ccaa,03,Asturias (Principado de),2024,477,"Altres articles (moda, calçat, etc.)",3573,1008028,3.545,-2.85,False,,INE DIRCE T=294 (locals); INE Padró T=29005 sumat per CCAA
ccaa,03,Asturias (Principado de),2025,477,"Altres articles (moda, calçat, etc.)",3482,1013529,3.436,-2.55,False,,INE DIRCE T=294 (locals); INE Padró T=29005 sumat per CCAA
ccaa,03,Asturias (Principado de),2010,478,Punts de venda i mercadillos,616,1084341,0.568,,False,,INE DIRCE T=294 (locals); INE Padró T=29005 sumat per CCAA
ccaa,03,Asturias (Principado de),2011,478,Punts de venda i mercadillos,585,1081487,0.541,-5.03,False,,INE DIRCE T=294 (locals); INE Padró T=29005 sumat per CCAA
ccaa,03,Asturias (Principado de),2012,478,Punts de venda i mercadillos,595,1077360,0.552,1.71,False,,INE DIRCE T=294 (locals); INE Padró T=29005 sumat per CCAA
ccaa,03,Asturias (Principado de),2013,478,Punts de venda i mercadillos,560,1068165,0.524,-5.88,False,,INE DIRCE T=294 (locals); INE Padró T=29005 sumat per CCAA
ccaa,03,Asturias (Principado de),2014,478,Punts de venda i mercadillos,601,1061756,0.566,7.32,False,,INE DIRCE T=294 (locals); INE Padró T=29005 sumat per CCAA
ccaa,03,Asturias (Principado de),2015,478,Punts de venda i mercadillos,584,1051229,0.556,-2.83,False,,INE DIRCE T=294 (locals); INE Padró T=29005 sumat per CCAA
ccaa,03,Asturias (Principado de),2016,478,Punts de venda i mercadillos,573,1042608,0.55,-1.88,False,,INE DIRCE T=294 (locals); INE Padró T=29005 sumat per CCAA
ccaa,03,Asturias (Principado de),2017,478,Punts de venda i mercadillos,560,1034960,0.541,-2.27,False,,INE DIRCE T=294 (locals); INE Padró T=29005 sumat per CCAA
ccaa,03,Asturias (Principado de),2018,478,Punts de venda i mercadillos,552,1028244,0.537,-1.43,False,,INE DIRCE T=294 (locals); INE Padró T=29005 sumat per CCAA
ccaa,03,Asturias (Principado de),2019,478,Punts de venda i mercadillos,515,1022800,0.504,-6.7,False,,INE DIRCE T=294 (locals); INE Padró T=29005 sumat per CCAA
ccaa,03,Asturias (Principado de),2020,478,Punts de venda i mercadillos,519,1018784,0.509,0.78,False,,INE DIRCE T=294 (locals); INE Padró T=29005 sumat per CCAA
ccaa,03,Asturias (Principado de),2021,478,Punts de venda i mercadillos,472,1011792,0.466,-9.06,False,,INE DIRCE T=294 (locals); INE Padró T=29005 sumat per CCAA
ccaa,03,Asturias (Principado de),2022,478,Punts de venda i mercadillos,467,1004686,0.465,-1.06,False,,INE DIRCE T=294 (locals); INE Padró T=29005 sumat per CCAA
ccaa,03,Asturias (Principado de),2023,478,Punts de venda i mercadillos,440,1005283,0.438,-5.78,True,La variació 2022→2023 travessa el trencament de sèrie DIRCE de 2023: no comparable.,INE DIRCE T=294 (locals); INE Padró T=29005 sumat per CCAA
ccaa,03,Asturias (Principado de),2024,478,Punts de venda i mercadillos,447,1008028,0.443,1.59,False,,INE DIRCE T=294 (locals); INE Padró T=29005 sumat per CCAA
ccaa,03,Asturias (Principado de),2025,478,Punts de venda i mercadillos,432,1013529,0.426,-3.36,False,,INE DIRCE T=294 (locals); INE Padró T=29005 sumat per CCAA
ccaa,03,Asturias (Principado de),2010,479,Comerç no en establiment (internet),334,1084341,0.308,,False,,INE DIRCE T=294 (locals); INE Padró T=29005 sumat per CCAA
ccaa,03,Asturias (Principado de),2011,479,Comerç no en establiment (internet),324,1081487,0.3,-2.99,False,,INE DIRCE T=294 (locals); INE Padró T=29005 sumat per CCAA
ccaa,03,Asturias (Principado de),2012,479,Comerç no en establiment (internet),333,1077360,0.309,2.78,False,,INE DIRCE T=294 (locals); INE Padró T=29005 sumat per CCAA
ccaa,03,Asturias (Principado de),2013,479,Comerç no en establiment (internet),334,1068165,0.313,0.3,False,,INE DIRCE T=294 (locals); INE Padró T=29005 sumat per CCAA
ccaa,03,Asturias (Principado de),2014,479,Comerç no en establiment (internet),349,1061756,0.329,4.49,False,,INE DIRCE T=294 (locals); INE Padró T=29005 sumat per CCAA
ccaa,03,Asturias (Principado de),2015,479,Comerç no en establiment (internet),335,1051229,0.319,-4.01,False,,INE DIRCE T=294 (locals); INE Padró T=29005 sumat per CCAA
ccaa,03,Asturias (Principado de),2016,479,Comerç no en establiment (internet),352,1042608,0.338,5.07,False,,INE DIRCE T=294 (locals); INE Padró T=29005 sumat per CCAA
ccaa,03,Asturias (Principado de),2017,479,Comerç no en establiment (internet),349,1034960,0.337,-0.85,False,,INE DIRCE T=294 (locals); INE Padró T=29005 sumat per CCAA
ccaa,03,Asturias (Principado de),2018,479,Comerç no en establiment (internet),330,1028244,0.321,-5.44,False,,INE DIRCE T=294 (locals); INE Padró T=29005 sumat per CCAA
ccaa,03,Asturias (Principado de),2019,479,Comerç no en establiment (internet),315,1022800,0.308,-4.55,False,,INE DIRCE T=294 (locals); INE Padró T=29005 sumat per CCAA
ccaa,03,Asturias (Principado de),2020,479,Comerç no en establiment (internet),328,1018784,0.322,4.13,False,,INE DIRCE T=294 (locals); INE Padró T=29005 sumat per CCAA
ccaa,03,Asturias (Principado de),2021,479,Comerç no en establiment (internet),349,1011792,0.345,6.4,False,,INE DIRCE T=294 (locals); INE Padró T=29005 sumat per CCAA
ccaa,03,Asturias (Principado de),2022,479,Comerç no en establiment (internet),364,1004686,0.362,4.3,False,,INE DIRCE T=294 (locals); INE Padró T=29005 sumat per CCAA
ccaa,03,Asturias (Principado de),2023,479,Comerç no en establiment (internet),331,1005283,0.329,-9.07,True,La variació 2022→2023 travessa el trencament de sèrie DIRCE de 2023: no comparable.,INE DIRCE T=294 (locals); INE Padró T=29005 sumat per CCAA
ccaa,03,Asturias (Principado de),2024,479,Comerç no en establiment (internet),322,1008028,0.319,-2.72,False,,INE DIRCE T=294 (locals); INE Padró T=29005 sumat per CCAA
ccaa,03,Asturias (Principado de),2025,479,Comerç no en establiment (internet),321,1013529,0.317,-0.31,False,,INE DIRCE T=294 (locals); INE Padró T=29005 sumat per CCAA
ccaa,04,Balears (Illes),2010,47,Comerç al detall (total CNAE 47),15283,1106049,13.818,,False,,INE DIRCE T=294 (locals); INE Padró T=29005 sumat per CCAA
ccaa,04,Balears (Illes),2011,47,Comerç al detall (total CNAE 47),14761,1113114,13.261,-3.42,False,,INE DIRCE T=294 (locals); INE Padró T=29005 sumat per CCAA
ccaa,04,Balears (Illes),2012,47,Comerç al detall (total CNAE 47),14604,1119439,13.046,-1.06,False,,INE DIRCE T=294 (locals); INE Padró T=29005 sumat per CCAA
ccaa,04,Balears (Illes),2013,47,Comerç al detall (total CNAE 47),14369,1111674,12.926,-1.61,False,,INE DIRCE T=294 (locals); INE Padró T=29005 sumat per CCAA
ccaa,04,Balears (Illes),2014,47,Comerç al detall (total CNAE 47),14020,1103442,12.706,-2.43,False,,INE DIRCE T=294 (locals); INE Padró T=29005 sumat per CCAA
ccaa,04,Balears (Illes),2015,47,Comerç al detall (total CNAE 47),14000,1104479,12.676,-0.14,False,,INE DIRCE T=294 (locals); INE Padró T=29005 sumat per CCAA
ccaa,04,Balears (Illes),2016,47,Comerç al detall (total CNAE 47),13932,1107220,12.583,-0.49,False,,INE DIRCE T=294 (locals); INE Padró T=29005 sumat per CCAA
ccaa,04,Balears (Illes),2017,47,Comerç al detall (total CNAE 47),14149,1115999,12.678,1.56,False,,INE DIRCE T=294 (locals); INE Padró T=29005 sumat per CCAA
ccaa,04,Balears (Illes),2018,47,Comerç al detall (total CNAE 47),14048,1128908,12.444,-0.71,False,,INE DIRCE T=294 (locals); INE Padró T=29005 sumat per CCAA
ccaa,04,Balears (Illes),2019,47,Comerç al detall (total CNAE 47),13896,1149460,12.089,-1.08,False,,INE DIRCE T=294 (locals); INE Padró T=29005 sumat per CCAA
ccaa,04,Balears (Illes),2020,47,Comerç al detall (total CNAE 47),13574,1171543,11.586,-2.32,False,,INE DIRCE T=294 (locals); INE Padró T=29005 sumat per CCAA
ccaa,04,Balears (Illes),2021,47,Comerç al detall (total CNAE 47),13231,1173008,11.28,-2.53,False,,INE DIRCE T=294 (locals); INE Padró T=29005 sumat per CCAA
ccaa,04,Balears (Illes),2022,47,Comerç al detall (total CNAE 47),13533,1176659,11.501,2.28,False,,INE DIRCE T=294 (locals); INE Padró T=29005 sumat per CCAA
ccaa,04,Balears (Illes),2023,47,Comerç al detall (total CNAE 47),12846,1197261,10.729,-5.08,True,La variació 2022→2023 travessa el trencament de sèrie DIRCE de 2023: no comparable.,INE DIRCE T=294 (locals); INE Padró T=29005 sumat per CCAA
ccaa,04,Balears (Illes),2024,47,Comerç al detall (total CNAE 47),12931,1221403,10.587,0.66,False,,INE DIRCE T=294 (locals); INE Padró T=29005 sumat per CCAA
ccaa,04,Balears (Illes),2025,47,Comerç al detall (total CNAE 47),12902,1237480,10.426,-0.22,False,,INE DIRCE T=294 (locals); INE Padró T=29005 sumat per CCAA
ccaa,04,Balears (Illes),2010,471,Establiments no especialitzats (súper i hiper),2149,1106049,1.943,,False,,INE DIRCE T=294 (locals); INE Padró T=29005 sumat per CCAA
ccaa,04,Balears (Illes),2011,471,Establiments no especialitzats (súper i hiper),1538,1113114,1.382,-28.43,False,,INE DIRCE T=294 (locals); INE Padró T=29005 sumat per CCAA
ccaa,04,Balears (Illes),2012,471,Establiments no especialitzats (súper i hiper),1549,1119439,1.384,0.72,False,,INE DIRCE T=294 (locals); INE Padró T=29005 sumat per CCAA
ccaa,04,Balears (Illes),2013,471,Establiments no especialitzats (súper i hiper),1578,1111674,1.419,1.87,False,,INE DIRCE T=294 (locals); INE Padró T=29005 sumat per CCAA
ccaa,04,Balears (Illes),2014,471,Establiments no especialitzats (súper i hiper),1543,1103442,1.398,-2.22,False,,INE DIRCE T=294 (locals); INE Padró T=29005 sumat per CCAA
ccaa,04,Balears (Illes),2015,471,Establiments no especialitzats (súper i hiper),1569,1104479,1.421,1.69,False,,INE DIRCE T=294 (locals); INE Padró T=29005 sumat per CCAA
ccaa,04,Balears (Illes),2016,471,Establiments no especialitzats (súper i hiper),1525,1107220,1.377,-2.8,False,,INE DIRCE T=294 (locals); INE Padró T=29005 sumat per CCAA
ccaa,04,Balears (Illes),2017,471,Establiments no especialitzats (súper i hiper),1567,1115999,1.404,2.75,False,,INE DIRCE T=294 (locals); INE Padró T=29005 sumat per CCAA
ccaa,04,Balears (Illes),2018,471,Establiments no especialitzats (súper i hiper),1614,1128908,1.43,3.0,False,,INE DIRCE T=294 (locals); INE Padró T=29005 sumat per CCAA
ccaa,04,Balears (Illes),2019,471,Establiments no especialitzats (súper i hiper),1620,1149460,1.409,0.37,False,,INE DIRCE T=294 (locals); INE Padró T=29005 sumat per CCAA
ccaa,04,Balears (Illes),2020,471,Establiments no especialitzats (súper i hiper),1623,1171543,1.385,0.19,False,,INE DIRCE T=294 (locals); INE Padró T=29005 sumat per CCAA
ccaa,04,Balears (Illes),2021,471,Establiments no especialitzats (súper i hiper),1572,1173008,1.34,-3.14,False,,INE DIRCE T=294 (locals); INE Padró T=29005 sumat per CCAA
ccaa,04,Balears (Illes),2022,471,Establiments no especialitzats (súper i hiper),1660,1176659,1.411,5.6,False,,INE DIRCE T=294 (locals); INE Padró T=29005 sumat per CCAA
ccaa,04,Balears (Illes),2023,471,Establiments no especialitzats (súper i hiper),1623,1197261,1.356,-2.23,True,La variació 2022→2023 travessa el trencament de sèrie DIRCE de 2023: no comparable.,INE DIRCE T=294 (locals); INE Padró T=29005 sumat per CCAA
ccaa,04,Balears (Illes),2024,471,Establiments no especialitzats (súper i hiper),1649,1221403,1.35,1.6,False,,INE DIRCE T=294 (locals); INE Padró T=29005 sumat per CCAA
ccaa,04,Balears (Illes),2025,471,Establiments no especialitzats (súper i hiper),1663,1237480,1.344,0.85,False,,INE DIRCE T=294 (locals); INE Padró T=29005 sumat per CCAA
ccaa,04,Balears (Illes),2010,472,"Aliments, begudes i tabac (especialitzat)",1831,1106049,1.655,,False,,INE DIRCE T=294 (locals); INE Padró T=29005 sumat per CCAA
ccaa,04,Balears (Illes),2011,472,"Aliments, begudes i tabac (especialitzat)",2074,1113114,1.863,13.27,False,,INE DIRCE T=294 (locals); INE Padró T=29005 sumat per CCAA
ccaa,04,Balears (Illes),2012,472,"Aliments, begudes i tabac (especialitzat)",2077,1119439,1.855,0.14,False,,INE DIRCE T=294 (locals); INE Padró T=29005 sumat per CCAA
ccaa,04,Balears (Illes),2013,472,"Aliments, begudes i tabac (especialitzat)",2048,1111674,1.842,-1.4,False,,INE DIRCE T=294 (locals); INE Padró T=29005 sumat per CCAA
ccaa,04,Balears (Illes),2014,472,"Aliments, begudes i tabac (especialitzat)",1981,1103442,1.795,-3.27,False,,INE DIRCE T=294 (locals); INE Padró T=29005 sumat per CCAA
ccaa,04,Balears (Illes),2015,472,"Aliments, begudes i tabac (especialitzat)",1986,1104479,1.798,0.25,False,,INE DIRCE T=294 (locals); INE Padró T=29005 sumat per CCAA
ccaa,04,Balears (Illes),2016,472,"Aliments, begudes i tabac (especialitzat)",1947,1107220,1.758,-1.96,False,,INE DIRCE T=294 (locals); INE Padró T=29005 sumat per CCAA
ccaa,04,Balears (Illes),2017,472,"Aliments, begudes i tabac (especialitzat)",1932,1115999,1.731,-0.77,False,,INE DIRCE T=294 (locals); INE Padró T=29005 sumat per CCAA
ccaa,04,Balears (Illes),2018,472,"Aliments, begudes i tabac (especialitzat)",1938,1128908,1.717,0.31,False,,INE DIRCE T=294 (locals); INE Padró T=29005 sumat per CCAA
ccaa,04,Balears (Illes),2019,472,"Aliments, begudes i tabac (especialitzat)",1833,1149460,1.595,-5.42,False,,INE DIRCE T=294 (locals); INE Padró T=29005 sumat per CCAA
ccaa,04,Balears (Illes),2020,472,"Aliments, begudes i tabac (especialitzat)",1805,1171543,1.541,-1.53,False,,INE DIRCE T=294 (locals); INE Padró T=29005 sumat per CCAA
ccaa,04,Balears (Illes),2021,472,"Aliments, begudes i tabac (especialitzat)",1834,1173008,1.564,1.61,False,,INE DIRCE T=294 (locals); INE Padró T=29005 sumat per CCAA
ccaa,04,Balears (Illes),2022,472,"Aliments, begudes i tabac (especialitzat)",1925,1176659,1.636,4.96,False,,INE DIRCE T=294 (locals); INE Padró T=29005 sumat per CCAA
ccaa,04,Balears (Illes),2023,472,"Aliments, begudes i tabac (especialitzat)",1775,1197261,1.483,-7.79,True,La variació 2022→2023 travessa el trencament de sèrie DIRCE de 2023: no comparable.,INE DIRCE T=294 (locals); INE Padró T=29005 sumat per CCAA
ccaa,04,Balears (Illes),2024,472,"Aliments, begudes i tabac (especialitzat)",1780,1221403,1.457,0.28,False,,INE DIRCE T=294 (locals); INE Padró T=29005 sumat per CCAA
ccaa,04,Balears (Illes),2025,472,"Aliments, begudes i tabac (especialitzat)",1778,1237480,1.437,-0.11,False,,INE DIRCE T=294 (locals); INE Padró T=29005 sumat per CCAA
ccaa,04,Balears (Illes),2010,473,Combustible (gasolineres),154,1106049,0.139,,False,,INE DIRCE T=294 (locals); INE Padró T=29005 sumat per CCAA
ccaa,04,Balears (Illes),2011,473,Combustible (gasolineres),161,1113114,0.145,4.55,False,,INE DIRCE T=294 (locals); INE Padró T=29005 sumat per CCAA
ccaa,04,Balears (Illes),2012,473,Combustible (gasolineres),149,1119439,0.133,-7.45,False,,INE DIRCE T=294 (locals); INE Padró T=29005 sumat per CCAA
ccaa,04,Balears (Illes),2013,473,Combustible (gasolineres),157,1111674,0.141,5.37,False,,INE DIRCE T=294 (locals); INE Padró T=29005 sumat per CCAA
ccaa,04,Balears (Illes),2014,473,Combustible (gasolineres),157,1103442,0.142,0.0,False,,INE DIRCE T=294 (locals); INE Padró T=29005 sumat per CCAA
ccaa,04,Balears (Illes),2015,473,Combustible (gasolineres),160,1104479,0.145,1.91,False,,INE DIRCE T=294 (locals); INE Padró T=29005 sumat per CCAA
ccaa,04,Balears (Illes),2016,473,Combustible (gasolineres),174,1107220,0.157,8.75,False,,INE DIRCE T=294 (locals); INE Padró T=29005 sumat per CCAA
ccaa,04,Balears (Illes),2017,473,Combustible (gasolineres),182,1115999,0.163,4.6,False,,INE DIRCE T=294 (locals); INE Padró T=29005 sumat per CCAA
ccaa,04,Balears (Illes),2018,473,Combustible (gasolineres),185,1128908,0.164,1.65,False,,INE DIRCE T=294 (locals); INE Padró T=29005 sumat per CCAA
ccaa,04,Balears (Illes),2019,473,Combustible (gasolineres),193,1149460,0.168,4.32,False,,INE DIRCE T=294 (locals); INE Padró T=29005 sumat per CCAA
ccaa,04,Balears (Illes),2020,473,Combustible (gasolineres),198,1171543,0.169,2.59,False,,INE DIRCE T=294 (locals); INE Padró T=29005 sumat per CCAA
ccaa,04,Balears (Illes),2021,473,Combustible (gasolineres),194,1173008,0.165,-2.02,False,,INE DIRCE T=294 (locals); INE Padró T=29005 sumat per CCAA
ccaa,04,Balears (Illes),2022,473,Combustible (gasolineres),191,1176659,0.162,-1.55,False,,INE DIRCE T=294 (locals); INE Padró T=29005 sumat per CCAA
ccaa,04,Balears (Illes),2023,473,Combustible (gasolineres),196,1197261,0.164,2.62,True,La variació 2022→2023 travessa el trencament de sèrie DIRCE de 2023: no comparable.,INE DIRCE T=294 (locals); INE Padró T=29005 sumat per CCAA
ccaa,04,Balears (Illes),2024,473,Combustible (gasolineres),208,1221403,0.17,6.12,False,,INE DIRCE T=294 (locals); INE Padró T=29005 sumat per CCAA
ccaa,04,Balears (Illes),2025,473,Combustible (gasolineres),211,1237480,0.171,1.44,False,,INE DIRCE T=294 (locals); INE Padró T=29005 sumat per CCAA
ccaa,04,Balears (Illes),2010,474,Equips TIC,256,1106049,0.231,,False,,INE DIRCE T=294 (locals); INE Padró T=29005 sumat per CCAA
ccaa,04,Balears (Illes),2011,474,Equips TIC,179,1113114,0.161,-30.08,False,,INE DIRCE T=294 (locals); INE Padró T=29005 sumat per CCAA
ccaa,04,Balears (Illes),2012,474,Equips TIC,173,1119439,0.155,-3.35,False,,INE DIRCE T=294 (locals); INE Padró T=29005 sumat per CCAA
ccaa,04,Balears (Illes),2013,474,Equips TIC,184,1111674,0.166,6.36,False,,INE DIRCE T=294 (locals); INE Padró T=29005 sumat per CCAA
ccaa,04,Balears (Illes),2014,474,Equips TIC,191,1103442,0.173,3.8,False,,INE DIRCE T=294 (locals); INE Padró T=29005 sumat per CCAA
ccaa,04,Balears (Illes),2015,474,Equips TIC,185,1104479,0.167,-3.14,False,,INE DIRCE T=294 (locals); INE Padró T=29005 sumat per CCAA
ccaa,04,Balears (Illes),2016,474,Equips TIC,179,1107220,0.162,-3.24,False,,INE DIRCE T=294 (locals); INE Padró T=29005 sumat per CCAA
ccaa,04,Balears (Illes),2017,474,Equips TIC,185,1115999,0.166,3.35,False,,INE DIRCE T=294 (locals); INE Padró T=29005 sumat per CCAA
ccaa,04,Balears (Illes),2018,474,Equips TIC,181,1128908,0.16,-2.16,False,,INE DIRCE T=294 (locals); INE Padró T=29005 sumat per CCAA
ccaa,04,Balears (Illes),2019,474,Equips TIC,218,1149460,0.19,20.44,False,,INE DIRCE T=294 (locals); INE Padró T=29005 sumat per CCAA
ccaa,04,Balears (Illes),2020,474,Equips TIC,214,1171543,0.183,-1.83,False,,INE DIRCE T=294 (locals); INE Padró T=29005 sumat per CCAA
ccaa,04,Balears (Illes),2021,474,Equips TIC,205,1173008,0.175,-4.21,False,,INE DIRCE T=294 (locals); INE Padró T=29005 sumat per CCAA
ccaa,04,Balears (Illes),2022,474,Equips TIC,178,1176659,0.151,-13.17,False,,INE DIRCE T=294 (locals); INE Padró T=29005 sumat per CCAA
ccaa,04,Balears (Illes),2023,474,Equips TIC,164,1197261,0.137,-7.87,True,La variació 2022→2023 travessa el trencament de sèrie DIRCE de 2023: no comparable.,INE DIRCE T=294 (locals); INE Padró T=29005 sumat per CCAA
ccaa,04,Balears (Illes),2024,474,Equips TIC,165,1221403,0.135,0.61,False,,INE DIRCE T=294 (locals); INE Padró T=29005 sumat per CCAA
ccaa,04,Balears (Illes),2025,474,Equips TIC,155,1237480,0.125,-6.06,False,,INE DIRCE T=294 (locals); INE Padró T=29005 sumat per CCAA
ccaa,04,Balears (Illes),2010,475,Equipament de la llar,3225,1106049,2.916,,False,,INE DIRCE T=294 (locals); INE Padró T=29005 sumat per CCAA
ccaa,04,Balears (Illes),2011,475,Equipament de la llar,3324,1113114,2.986,3.07,False,,INE DIRCE T=294 (locals); INE Padró T=29005 sumat per CCAA
ccaa,04,Balears (Illes),2012,475,Equipament de la llar,3212,1119439,2.869,-3.37,False,,INE DIRCE T=294 (locals); INE Padró T=29005 sumat per CCAA
ccaa,04,Balears (Illes),2013,475,Equipament de la llar,3012,1111674,2.709,-6.23,False,,INE DIRCE T=294 (locals); INE Padró T=29005 sumat per CCAA
ccaa,04,Balears (Illes),2014,475,Equipament de la llar,2870,1103442,2.601,-4.71,False,,INE DIRCE T=294 (locals); INE Padró T=29005 sumat per CCAA
ccaa,04,Balears (Illes),2015,475,Equipament de la llar,2742,1104479,2.483,-4.46,False,,INE DIRCE T=294 (locals); INE Padró T=29005 sumat per CCAA
ccaa,04,Balears (Illes),2016,475,Equipament de la llar,2673,1107220,2.414,-2.52,False,,INE DIRCE T=294 (locals); INE Padró T=29005 sumat per CCAA
ccaa,04,Balears (Illes),2017,475,Equipament de la llar,2653,1115999,2.377,-0.75,False,,INE DIRCE T=294 (locals); INE Padró T=29005 sumat per CCAA
ccaa,04,Balears (Illes),2018,475,Equipament de la llar,2597,1128908,2.3,-2.11,False,,INE DIRCE T=294 (locals); INE Padró T=29005 sumat per CCAA
ccaa,04,Balears (Illes),2019,475,Equipament de la llar,2486,1149460,2.163,-4.27,False,,INE DIRCE T=294 (locals); INE Padró T=29005 sumat per CCAA
ccaa,04,Balears (Illes),2020,475,Equipament de la llar,2375,1171543,2.027,-4.47,False,,INE DIRCE T=294 (locals); INE Padró T=29005 sumat per CCAA
ccaa,04,Balears (Illes),2021,475,Equipament de la llar,2323,1173008,1.98,-2.19,False,,INE DIRCE T=294 (locals); INE Padró T=29005 sumat per CCAA
ccaa,04,Balears (Illes),2022,475,Equipament de la llar,2334,1176659,1.984,0.47,False,,INE DIRCE T=294 (locals); INE Padró T=29005 sumat per CCAA
ccaa,04,Balears (Illes),2023,475,Equipament de la llar,2196,1197261,1.834,-5.91,True,La variació 2022→2023 travessa el trencament de sèrie DIRCE de 2023: no comparable.,INE DIRCE T=294 (locals); INE Padró T=29005 sumat per CCAA
ccaa,04,Balears (Illes),2024,475,Equipament de la llar,2183,1221403,1.787,-0.59,False,,INE DIRCE T=294 (locals); INE Padró T=29005 sumat per CCAA
ccaa,04,Balears (Illes),2025,475,Equipament de la llar,2183,1237480,1.764,0.0,False,,INE DIRCE T=294 (locals); INE Padró T=29005 sumat per CCAA
ccaa,04,Balears (Illes),2010,476,Articles culturals i recreatius,1106,1106049,1.0,,False,,INE DIRCE T=294 (locals); INE Padró T=29005 sumat per CCAA
ccaa,04,Balears (Illes),2011,476,Articles culturals i recreatius,1131,1113114,1.016,2.26,False,,INE DIRCE T=294 (locals); INE Padró T=29005 sumat per CCAA
ccaa,04,Balears (Illes),2012,476,Articles culturals i recreatius,1114,1119439,0.995,-1.5,False,,INE DIRCE T=294 (locals); INE Padró T=29005 sumat per CCAA
ccaa,04,Balears (Illes),2013,476,Articles culturals i recreatius,1107,1111674,0.996,-0.63,False,,INE DIRCE T=294 (locals); INE Padró T=29005 sumat per CCAA
ccaa,04,Balears (Illes),2014,476,Articles culturals i recreatius,1086,1103442,0.984,-1.9,False,,INE DIRCE T=294 (locals); INE Padró T=29005 sumat per CCAA
ccaa,04,Balears (Illes),2015,476,Articles culturals i recreatius,1047,1104479,0.948,-3.59,False,,INE DIRCE T=294 (locals); INE Padró T=29005 sumat per CCAA
ccaa,04,Balears (Illes),2016,476,Articles culturals i recreatius,1022,1107220,0.923,-2.39,False,,INE DIRCE T=294 (locals); INE Padró T=29005 sumat per CCAA
ccaa,04,Balears (Illes),2017,476,Articles culturals i recreatius,990,1115999,0.887,-3.13,False,,INE DIRCE T=294 (locals); INE Padró T=29005 sumat per CCAA
ccaa,04,Balears (Illes),2018,476,Articles culturals i recreatius,946,1128908,0.838,-4.44,False,,INE DIRCE T=294 (locals); INE Padró T=29005 sumat per CCAA
ccaa,04,Balears (Illes),2019,476,Articles culturals i recreatius,907,1149460,0.789,-4.12,False,,INE DIRCE T=294 (locals); INE Padró T=29005 sumat per CCAA
ccaa,04,Balears (Illes),2020,476,Articles culturals i recreatius,876,1171543,0.748,-3.42,False,,INE DIRCE T=294 (locals); INE Padró T=29005 sumat per CCAA
ccaa,04,Balears (Illes),2021,476,Articles culturals i recreatius,815,1173008,0.695,-6.96,False,,INE DIRCE T=294 (locals); INE Padró T=29005 sumat per CCAA
ccaa,04,Balears (Illes),2022,476,Articles culturals i recreatius,832,1176659,0.707,2.09,False,,INE DIRCE T=294 (locals); INE Padró T=29005 sumat per CCAA
ccaa,04,Balears (Illes),2023,476,Articles culturals i recreatius,764,1197261,0.638,-8.17,True,La variació 2022→2023 travessa el trencament de sèrie DIRCE de 2023: no comparable.,INE DIRCE T=294 (locals); INE Padró T=29005 sumat per CCAA
ccaa,04,Balears (Illes),2024,476,Articles culturals i recreatius,757,1221403,0.62,-0.92,False,,INE DIRCE T=294 (locals); INE Padró T=29005 sumat per CCAA
ccaa,04,Balears (Illes),2025,476,Articles culturals i recreatius,723,1237480,0.584,-4.49,False,,INE DIRCE T=294 (locals); INE Padró T=29005 sumat per CCAA
ccaa,04,Balears (Illes),2010,477,"Altres articles (moda, calçat, etc.)",5337,1106049,4.825,,False,,INE DIRCE T=294 (locals); INE Padró T=29005 sumat per CCAA
ccaa,04,Balears (Illes),2011,477,"Altres articles (moda, calçat, etc.)",5184,1113114,4.657,-2.87,False,,INE DIRCE T=294 (locals); INE Padró T=29005 sumat per CCAA
ccaa,04,Balears (Illes),2012,477,"Altres articles (moda, calçat, etc.)",5135,1119439,4.587,-0.95,False,,INE DIRCE T=294 (locals); INE Padró T=29005 sumat per CCAA
ccaa,04,Balears (Illes),2013,477,"Altres articles (moda, calçat, etc.)",5059,1111674,4.551,-1.48,False,,INE DIRCE T=294 (locals); INE Padró T=29005 sumat per CCAA
ccaa,04,Balears (Illes),2014,477,"Altres articles (moda, calçat, etc.)",4960,1103442,4.495,-1.96,False,,INE DIRCE T=294 (locals); INE Padró T=29005 sumat per CCAA
ccaa,04,Balears (Illes),2015,477,"Altres articles (moda, calçat, etc.)",4967,1104479,4.497,0.14,False,,INE DIRCE T=294 (locals); INE Padró T=29005 sumat per CCAA
ccaa,04,Balears (Illes),2016,477,"Altres articles (moda, calçat, etc.)",5029,1107220,4.542,1.25,False,,INE DIRCE T=294 (locals); INE Padró T=29005 sumat per CCAA
ccaa,04,Balears (Illes),2017,477,"Altres articles (moda, calçat, etc.)",5195,1115999,4.655,3.3,False,,INE DIRCE T=294 (locals); INE Padró T=29005 sumat per CCAA
ccaa,04,Balears (Illes),2018,477,"Altres articles (moda, calçat, etc.)",5110,1128908,4.526,-1.64,False,,INE DIRCE T=294 (locals); INE Padró T=29005 sumat per CCAA
ccaa,04,Balears (Illes),2019,477,"Altres articles (moda, calçat, etc.)",5153,1149460,4.483,0.84,False,,INE DIRCE T=294 (locals); INE Padró T=29005 sumat per CCAA
ccaa,04,Balears (Illes),2020,477,"Altres articles (moda, calçat, etc.)",4969,1171543,4.241,-3.57,False,,INE DIRCE T=294 (locals); INE Padró T=29005 sumat per CCAA
ccaa,04,Balears (Illes),2021,477,"Altres articles (moda, calçat, etc.)",4847,1173008,4.132,-2.46,False,,INE DIRCE T=294 (locals); INE Padró T=29005 sumat per CCAA
ccaa,04,Balears (Illes),2022,477,"Altres articles (moda, calçat, etc.)",4941,1176659,4.199,1.94,False,,INE DIRCE T=294 (locals); INE Padró T=29005 sumat per CCAA
ccaa,04,Balears (Illes),2023,477,"Altres articles (moda, calçat, etc.)",4731,1197261,3.952,-4.25,True,La variació 2022→2023 travessa el trencament de sèrie DIRCE de 2023: no comparable.,INE DIRCE T=294 (locals); INE Padró T=29005 sumat per CCAA
ccaa,04,Balears (Illes),2024,477,"Altres articles (moda, calçat, etc.)",4799,1221403,3.929,1.44,False,,INE DIRCE T=294 (locals); INE Padró T=29005 sumat per CCAA
ccaa,04,Balears (Illes),2025,477,"Altres articles (moda, calçat, etc.)",4776,1237480,3.859,-0.48,False,,INE DIRCE T=294 (locals); INE Padró T=29005 sumat per CCAA
ccaa,04,Balears (Illes),2010,478,Punts de venda i mercadillos,982,1106049,0.888,,False,,INE DIRCE T=294 (locals); INE Padró T=29005 sumat per CCAA
ccaa,04,Balears (Illes),2011,478,Punts de venda i mercadillos,929,1113114,0.835,-5.4,False,,INE DIRCE T=294 (locals); INE Padró T=29005 sumat per CCAA
ccaa,04,Balears (Illes),2012,478,Punts de venda i mercadillos,961,1119439,0.858,3.44,False,,INE DIRCE T=294 (locals); INE Padró T=29005 sumat per CCAA
ccaa,04,Balears (Illes),2013,478,Punts de venda i mercadillos,987,1111674,0.888,2.71,False,,INE DIRCE T=294 (locals); INE Padró T=29005 sumat per CCAA
ccaa,04,Balears (Illes),2014,478,Punts de venda i mercadillos,968,1103442,0.877,-1.93,False,,INE DIRCE T=294 (locals); INE Padró T=29005 sumat per CCAA
ccaa,04,Balears (Illes),2015,478,Punts de venda i mercadillos,1079,1104479,0.977,11.47,False,,INE DIRCE T=294 (locals); INE Padró T=29005 sumat per CCAA
ccaa,04,Balears (Illes),2016,478,Punts de venda i mercadillos,1125,1107220,1.016,4.26,False,,INE DIRCE T=294 (locals); INE Padró T=29005 sumat per CCAA
ccaa,04,Balears (Illes),2017,478,Punts de venda i mercadillos,1186,1115999,1.063,5.42,False,,INE DIRCE T=294 (locals); INE Padró T=29005 sumat per CCAA
ccaa,04,Balears (Illes),2018,478,Punts de venda i mercadillos,1224,1128908,1.084,3.2,False,,INE DIRCE T=294 (locals); INE Padró T=29005 sumat per CCAA
ccaa,04,Balears (Illes),2019,478,Punts de venda i mercadillos,1226,1149460,1.067,0.16,False,,INE DIRCE T=294 (locals); INE Padró T=29005 sumat per CCAA
ccaa,04,Balears (Illes),2020,478,Punts de venda i mercadillos,1237,1171543,1.056,0.9,False,,INE DIRCE T=294 (locals); INE Padró T=29005 sumat per CCAA
ccaa,04,Balears (Illes),2021,478,Punts de venda i mercadillos,1147,1173008,0.978,-7.28,False,,INE DIRCE T=294 (locals); INE Padró T=29005 sumat per CCAA
ccaa,04,Balears (Illes),2022,478,Punts de venda i mercadillos,1140,1176659,0.969,-0.61,False,,INE DIRCE T=294 (locals); INE Padró T=29005 sumat per CCAA
ccaa,04,Balears (Illes),2023,478,Punts de venda i mercadillos,1073,1197261,0.896,-5.88,True,La variació 2022→2023 travessa el trencament de sèrie DIRCE de 2023: no comparable.,INE DIRCE T=294 (locals); INE Padró T=29005 sumat per CCAA
ccaa,04,Balears (Illes),2024,478,Punts de venda i mercadillos,1055,1221403,0.864,-1.68,False,,INE DIRCE T=294 (locals); INE Padró T=29005 sumat per CCAA
ccaa,04,Balears (Illes),2025,478,Punts de venda i mercadillos,1043,1237480,0.843,-1.14,False,,INE DIRCE T=294 (locals); INE Padró T=29005 sumat per CCAA
ccaa,04,Balears (Illes),2010,479,Comerç no en establiment (internet),243,1106049,0.22,,False,,INE DIRCE T=294 (locals); INE Padró T=29005 sumat per CCAA
ccaa,04,Balears (Illes),2011,479,Comerç no en establiment (internet),241,1113114,0.217,-0.82,False,,INE DIRCE T=294 (locals); INE Padró T=29005 sumat per CCAA
ccaa,04,Balears (Illes),2012,479,Comerç no en establiment (internet),234,1119439,0.209,-2.9,False,,INE DIRCE T=294 (locals); INE Padró T=29005 sumat per CCAA
ccaa,04,Balears (Illes),2013,479,Comerç no en establiment (internet),237,1111674,0.213,1.28,False,,INE DIRCE T=294 (locals); INE Padró T=29005 sumat per CCAA
ccaa,04,Balears (Illes),2014,479,Comerç no en establiment (internet),264,1103442,0.239,11.39,False,,INE DIRCE T=294 (locals); INE Padró T=29005 sumat per CCAA
ccaa,04,Balears (Illes),2015,479,Comerç no en establiment (internet),265,1104479,0.24,0.38,False,,INE DIRCE T=294 (locals); INE Padró T=29005 sumat per CCAA
ccaa,04,Balears (Illes),2016,479,Comerç no en establiment (internet),258,1107220,0.233,-2.64,False,,INE DIRCE T=294 (locals); INE Padró T=29005 sumat per CCAA
ccaa,04,Balears (Illes),2017,479,Comerç no en establiment (internet),259,1115999,0.232,0.39,False,,INE DIRCE T=294 (locals); INE Padró T=29005 sumat per CCAA
ccaa,04,Balears (Illes),2018,479,Comerç no en establiment (internet),253,1128908,0.224,-2.32,False,,INE DIRCE T=294 (locals); INE Padró T=29005 sumat per CCAA
ccaa,04,Balears (Illes),2019,479,Comerç no en establiment (internet),260,1149460,0.226,2.77,False,,INE DIRCE T=294 (locals); INE Padró T=29005 sumat per CCAA
ccaa,04,Balears (Illes),2020,479,Comerç no en establiment (internet),277,1171543,0.236,6.54,False,,INE DIRCE T=294 (locals); INE Padró T=29005 sumat per CCAA
ccaa,04,Balears (Illes),2021,479,Comerç no en establiment (internet),294,1173008,0.251,6.14,False,,INE DIRCE T=294 (locals); INE Padró T=29005 sumat per CCAA
ccaa,04,Balears (Illes),2022,479,Comerç no en establiment (internet),332,1176659,0.282,12.93,False,,INE DIRCE T=294 (locals); INE Padró T=29005 sumat per CCAA
ccaa,04,Balears (Illes),2023,479,Comerç no en establiment (internet),324,1197261,0.271,-2.41,True,La variació 2022→2023 travessa el trencament de sèrie DIRCE de 2023: no comparable.,INE DIRCE T=294 (locals); INE Padró T=29005 sumat per CCAA
ccaa,04,Balears (Illes),2024,479,Comerç no en establiment (internet),335,1221403,0.274,3.4,False,,INE DIRCE T=294 (locals); INE Padró T=29005 sumat per CCAA
ccaa,04,Balears (Illes),2025,479,Comerç no en establiment (internet),370,1237480,0.299,10.45,False,,INE DIRCE T=294 (locals); INE Padró T=29005 sumat per CCAA
ccaa,05,Canarias,2010,47,Comerç al detall (total CNAE 47),29416,2118519,13.885,,False,,INE DIRCE T=294 (locals); INE Padró T=29005 sumat per CCAA
ccaa,05,Canarias,2011,47,Comerç al detall (total CNAE 47),28334,2126769,13.323,-3.68,False,,INE DIRCE T=294 (locals); INE Padró T=29005 sumat per CCAA
ccaa,05,Canarias,2012,47,Comerç al detall (total CNAE 47),28230,2118344,13.326,-0.37,False,,INE DIRCE T=294 (locals); INE Padró T=29005 sumat per CCAA
ccaa,05,Canarias,2013,47,Comerç al detall (total CNAE 47),27893,2118679,13.165,-1.19,False,,INE DIRCE T=294 (locals); INE Padró T=29005 sumat per CCAA
ccaa,05,Canarias,2014,47,Comerç al detall (total CNAE 47),27334,2104815,12.986,-2.0,False,,INE DIRCE T=294 (locals); INE Padró T=29005 sumat per CCAA
ccaa,05,Canarias,2015,47,Comerç al detall (total CNAE 47),27546,2100306,13.115,0.78,False,,INE DIRCE T=294 (locals); INE Padró T=29005 sumat per CCAA
ccaa,05,Canarias,2016,47,Comerç al detall (total CNAE 47),27348,2101924,13.011,-0.72,False,,INE DIRCE T=294 (locals); INE Padró T=29005 sumat per CCAA
ccaa,05,Canarias,2017,47,Comerç al detall (total CNAE 47),27547,2108121,13.067,0.73,False,,INE DIRCE T=294 (locals); INE Padró T=29005 sumat per CCAA
ccaa,05,Canarias,2018,47,Comerç al detall (total CNAE 47),27881,2127685,13.104,1.21,False,,INE DIRCE T=294 (locals); INE Padró T=29005 sumat per CCAA
ccaa,05,Canarias,2019,47,Comerç al detall (total CNAE 47),28016,2153389,13.01,0.48,False,,INE DIRCE T=294 (locals); INE Padró T=29005 sumat per CCAA
ccaa,05,Canarias,2020,47,Comerç al detall (total CNAE 47),27412,2175952,12.598,-2.16,False,,INE DIRCE T=294 (locals); INE Padró T=29005 sumat per CCAA
ccaa,05,Canarias,2021,47,Comerç al detall (total CNAE 47),26154,2172944,12.036,-4.59,False,,INE DIRCE T=294 (locals); INE Padró T=29005 sumat per CCAA
ccaa,05,Canarias,2022,47,Comerç al detall (total CNAE 47),26255,2177701,12.056,0.39,False,,INE DIRCE T=294 (locals); INE Padró T=29005 sumat per CCAA
ccaa,05,Canarias,2023,47,Comerç al detall (total CNAE 47),24109,2202048,10.948,-8.17,True,La variació 2022→2023 travessa el trencament de sèrie DIRCE de 2023: no comparable.,INE DIRCE T=294 (locals); INE Padró T=29005 sumat per CCAA
ccaa,05,Canarias,2024,47,Comerç al detall (total CNAE 47),23844,2228862,10.698,-1.1,False,,INE DIRCE T=294 (locals); INE Padró T=29005 sumat per CCAA
ccaa,05,Canarias,2025,47,Comerç al detall (total CNAE 47),23493,2249976,10.441,-1.47,False,,INE DIRCE T=294 (locals); INE Padró T=29005 sumat per CCAA
ccaa,05,Canarias,2010,471,Establiments no especialitzats (súper i hiper),6384,2118519,3.013,,False,,INE DIRCE T=294 (locals); INE Padró T=29005 sumat per CCAA
ccaa,05,Canarias,2011,471,Establiments no especialitzats (súper i hiper),4415,2126769,2.076,-30.84,False,,INE DIRCE T=294 (locals); INE Padró T=29005 sumat per CCAA
ccaa,05,Canarias,2012,471,Establiments no especialitzats (súper i hiper),4421,2118344,2.087,0.14,False,,INE DIRCE T=294 (locals); INE Padró T=29005 sumat per CCAA
ccaa,05,Canarias,2013,471,Establiments no especialitzats (súper i hiper),4306,2118679,2.032,-2.6,False,,INE DIRCE T=294 (locals); INE Padró T=29005 sumat per CCAA
ccaa,05,Canarias,2014,471,Establiments no especialitzats (súper i hiper),4141,2104815,1.967,-3.83,False,,INE DIRCE T=294 (locals); INE Padró T=29005 sumat per CCAA
ccaa,05,Canarias,2015,471,Establiments no especialitzats (súper i hiper),4108,2100306,1.956,-0.8,False,,INE DIRCE T=294 (locals); INE Padró T=29005 sumat per CCAA
ccaa,05,Canarias,2016,471,Establiments no especialitzats (súper i hiper),3996,2101924,1.901,-2.73,False,,INE DIRCE T=294 (locals); INE Padró T=29005 sumat per CCAA
ccaa,05,Canarias,2017,471,Establiments no especialitzats (súper i hiper),3942,2108121,1.87,-1.35,False,,INE DIRCE T=294 (locals); INE Padró T=29005 sumat per CCAA
ccaa,05,Canarias,2018,471,Establiments no especialitzats (súper i hiper),4032,2127685,1.895,2.28,False,,INE DIRCE T=294 (locals); INE Padró T=29005 sumat per CCAA
ccaa,05,Canarias,2019,471,Establiments no especialitzats (súper i hiper),4160,2153389,1.932,3.17,False,,INE DIRCE T=294 (locals); INE Padró T=29005 sumat per CCAA
ccaa,05,Canarias,2020,471,Establiments no especialitzats (súper i hiper),4079,2175952,1.875,-1.95,False,,INE DIRCE T=294 (locals); INE Padró T=29005 sumat per CCAA
ccaa,05,Canarias,2021,471,Establiments no especialitzats (súper i hiper),3878,2172944,1.785,-4.93,False,,INE DIRCE T=294 (locals); INE Padró T=29005 sumat per CCAA
ccaa,05,Canarias,2022,471,Establiments no especialitzats (súper i hiper),3988,2177701,1.831,2.84,False,,INE DIRCE T=294 (locals); INE Padró T=29005 sumat per CCAA
ccaa,05,Canarias,2023,471,Establiments no especialitzats (súper i hiper),3809,2202048,1.73,-4.49,True,La variació 2022→2023 travessa el trencament de sèrie DIRCE de 2023: no comparable.,INE DIRCE T=294 (locals); INE Padró T=29005 sumat per CCAA
ccaa,05,Canarias,2024,471,Establiments no especialitzats (súper i hiper),3744,2228862,1.68,-1.71,False,,INE DIRCE T=294 (locals); INE Padró T=29005 sumat per CCAA
ccaa,05,Canarias,2025,471,Establiments no especialitzats (súper i hiper),3754,2249976,1.668,0.27,False,,INE DIRCE T=294 (locals); INE Padró T=29005 sumat per CCAA
ccaa,05,Canarias,2010,472,"Aliments, begudes i tabac (especialitzat)",2747,2118519,1.297,,False,,INE DIRCE T=294 (locals); INE Padró T=29005 sumat per CCAA
ccaa,05,Canarias,2011,472,"Aliments, begudes i tabac (especialitzat)",3628,2126769,1.706,32.07,False,,INE DIRCE T=294 (locals); INE Padró T=29005 sumat per CCAA
ccaa,05,Canarias,2012,472,"Aliments, begudes i tabac (especialitzat)",3667,2118344,1.731,1.07,False,,INE DIRCE T=294 (locals); INE Padró T=29005 sumat per CCAA
ccaa,05,Canarias,2013,472,"Aliments, begudes i tabac (especialitzat)",3615,2118679,1.706,-1.42,False,,INE DIRCE T=294 (locals); INE Padró T=29005 sumat per CCAA
ccaa,05,Canarias,2014,472,"Aliments, begudes i tabac (especialitzat)",3569,2104815,1.696,-1.27,False,,INE DIRCE T=294 (locals); INE Padró T=29005 sumat per CCAA
ccaa,05,Canarias,2015,472,"Aliments, begudes i tabac (especialitzat)",3557,2100306,1.694,-0.34,False,,INE DIRCE T=294 (locals); INE Padró T=29005 sumat per CCAA
ccaa,05,Canarias,2016,472,"Aliments, begudes i tabac (especialitzat)",3506,2101924,1.668,-1.43,False,,INE DIRCE T=294 (locals); INE Padró T=29005 sumat per CCAA
ccaa,05,Canarias,2017,472,"Aliments, begudes i tabac (especialitzat)",3565,2108121,1.691,1.68,False,,INE DIRCE T=294 (locals); INE Padró T=29005 sumat per CCAA
ccaa,05,Canarias,2018,472,"Aliments, begudes i tabac (especialitzat)",3672,2127685,1.726,3.0,False,,INE DIRCE T=294 (locals); INE Padró T=29005 sumat per CCAA
ccaa,05,Canarias,2019,472,"Aliments, begudes i tabac (especialitzat)",3517,2153389,1.633,-4.22,False,,INE DIRCE T=294 (locals); INE Padró T=29005 sumat per CCAA
ccaa,05,Canarias,2020,472,"Aliments, begudes i tabac (especialitzat)",3512,2175952,1.614,-0.14,False,,INE DIRCE T=294 (locals); INE Padró T=29005 sumat per CCAA
ccaa,05,Canarias,2021,472,"Aliments, begudes i tabac (especialitzat)",3449,2172944,1.587,-1.79,False,,INE DIRCE T=294 (locals); INE Padró T=29005 sumat per CCAA
ccaa,05,Canarias,2022,472,"Aliments, begudes i tabac (especialitzat)",3432,2177701,1.576,-0.49,False,,INE DIRCE T=294 (locals); INE Padró T=29005 sumat per CCAA
ccaa,05,Canarias,2023,472,"Aliments, begudes i tabac (especialitzat)",3151,2202048,1.431,-8.19,True,La variació 2022→2023 travessa el trencament de sèrie DIRCE de 2023: no comparable.,INE DIRCE T=294 (locals); INE Padró T=29005 sumat per CCAA
ccaa,05,Canarias,2024,472,"Aliments, begudes i tabac (especialitzat)",3034,2228862,1.361,-3.71,False,,INE DIRCE T=294 (locals); INE Padró T=29005 sumat per CCAA
ccaa,05,Canarias,2025,472,"Aliments, begudes i tabac (especialitzat)",2936,2249976,1.305,-3.23,False,,INE DIRCE T=294 (locals); INE Padró T=29005 sumat per CCAA
ccaa,05,Canarias,2010,473,Combustible (gasolineres),331,2118519,0.156,,False,,INE DIRCE T=294 (locals); INE Padró T=29005 sumat per CCAA
ccaa,05,Canarias,2011,473,Combustible (gasolineres),354,2126769,0.166,6.95,False,,INE DIRCE T=294 (locals); INE Padró T=29005 sumat per CCAA
ccaa,05,Canarias,2012,473,Combustible (gasolineres),365,2118344,0.172,3.11,False,,INE DIRCE T=294 (locals); INE Padró T=29005 sumat per CCAA
ccaa,05,Canarias,2013,473,Combustible (gasolineres),368,2118679,0.174,0.82,False,,INE DIRCE T=294 (locals); INE Padró T=29005 sumat per CCAA
ccaa,05,Canarias,2014,473,Combustible (gasolineres),368,2104815,0.175,0.0,False,,INE DIRCE T=294 (locals); INE Padró T=29005 sumat per CCAA
ccaa,05,Canarias,2015,473,Combustible (gasolineres),361,2100306,0.172,-1.9,False,,INE DIRCE T=294 (locals); INE Padró T=29005 sumat per CCAA
ccaa,05,Canarias,2016,473,Combustible (gasolineres),356,2101924,0.169,-1.39,False,,INE DIRCE T=294 (locals); INE Padró T=29005 sumat per CCAA
ccaa,05,Canarias,2017,473,Combustible (gasolineres),322,2108121,0.153,-9.55,False,,INE DIRCE T=294 (locals); INE Padró T=29005 sumat per CCAA
ccaa,05,Canarias,2018,473,Combustible (gasolineres),315,2127685,0.148,-2.17,False,,INE DIRCE T=294 (locals); INE Padró T=29005 sumat per CCAA
ccaa,05,Canarias,2019,473,Combustible (gasolineres),372,2153389,0.173,18.1,False,,INE DIRCE T=294 (locals); INE Padró T=29005 sumat per CCAA
ccaa,05,Canarias,2020,473,Combustible (gasolineres),360,2175952,0.165,-3.23,False,,INE DIRCE T=294 (locals); INE Padró T=29005 sumat per CCAA
ccaa,05,Canarias,2021,473,Combustible (gasolineres),351,2172944,0.162,-2.5,False,,INE DIRCE T=294 (locals); INE Padró T=29005 sumat per CCAA
ccaa,05,Canarias,2022,473,Combustible (gasolineres),357,2177701,0.164,1.71,False,,INE DIRCE T=294 (locals); INE Padró T=29005 sumat per CCAA
ccaa,05,Canarias,2023,473,Combustible (gasolineres),349,2202048,0.158,-2.24,True,La variació 2022→2023 travessa el trencament de sèrie DIRCE de 2023: no comparable.,INE DIRCE T=294 (locals); INE Padró T=29005 sumat per CCAA
ccaa,05,Canarias,2024,473,Combustible (gasolineres),370,2228862,0.166,6.02,False,,INE DIRCE T=294 (locals); INE Padró T=29005 sumat per CCAA
ccaa,05,Canarias,2025,473,Combustible (gasolineres),374,2249976,0.166,1.08,False,,INE DIRCE T=294 (locals); INE Padró T=29005 sumat per CCAA
ccaa,05,Canarias,2010,474,Equips TIC,957,2118519,0.452,,False,,INE DIRCE T=294 (locals); INE Padró T=29005 sumat per CCAA
ccaa,05,Canarias,2011,474,Equips TIC,903,2126769,0.425,-5.64,False,,INE DIRCE T=294 (locals); INE Padró T=29005 sumat per CCAA
ccaa,05,Canarias,2012,474,Equips TIC,868,2118344,0.41,-3.88,False,,INE DIRCE T=294 (locals); INE Padró T=29005 sumat per CCAA
ccaa,05,Canarias,2013,474,Equips TIC,760,2118679,0.359,-12.44,False,,INE DIRCE T=294 (locals); INE Padró T=29005 sumat per CCAA
ccaa,05,Canarias,2014,474,Equips TIC,715,2104815,0.34,-5.92,False,,INE DIRCE T=294 (locals); INE Padró T=29005 sumat per CCAA
ccaa,05,Canarias,2015,474,Equips TIC,710,2100306,0.338,-0.7,False,,INE DIRCE T=294 (locals); INE Padró T=29005 sumat per CCAA
ccaa,05,Canarias,2016,474,Equips TIC,681,2101924,0.324,-4.08,False,,INE DIRCE T=294 (locals); INE Padró T=29005 sumat per CCAA
ccaa,05,Canarias,2017,474,Equips TIC,666,2108121,0.316,-2.2,False,,INE DIRCE T=294 (locals); INE Padró T=29005 sumat per CCAA
ccaa,05,Canarias,2018,474,Equips TIC,699,2127685,0.329,4.95,False,,INE DIRCE T=294 (locals); INE Padró T=29005 sumat per CCAA
ccaa,05,Canarias,2019,474,Equips TIC,640,2153389,0.297,-8.44,False,,INE DIRCE T=294 (locals); INE Padró T=29005 sumat per CCAA
ccaa,05,Canarias,2020,474,Equips TIC,578,2175952,0.266,-9.69,False,,INE DIRCE T=294 (locals); INE Padró T=29005 sumat per CCAA
ccaa,05,Canarias,2021,474,Equips TIC,557,2172944,0.256,-3.63,False,,INE DIRCE T=294 (locals); INE Padró T=29005 sumat per CCAA
ccaa,05,Canarias,2022,474,Equips TIC,580,2177701,0.266,4.13,False,,INE DIRCE T=294 (locals); INE Padró T=29005 sumat per CCAA
ccaa,05,Canarias,2023,474,Equips TIC,471,2202048,0.214,-18.79,True,La variació 2022→2023 travessa el trencament de sèrie DIRCE de 2023: no comparable.,INE DIRCE T=294 (locals); INE Padró T=29005 sumat per CCAA
ccaa,05,Canarias,2024,474,Equips TIC,447,2228862,0.201,-5.1,False,,INE DIRCE T=294 (locals); INE Padró T=29005 sumat per CCAA
ccaa,05,Canarias,2025,474,Equips TIC,433,2249976,0.192,-3.13,False,,INE DIRCE T=294 (locals); INE Padró T=29005 sumat per CCAA
ccaa,05,Canarias,2010,475,Equipament de la llar,5229,2118519,2.468,,False,,INE DIRCE T=294 (locals); INE Padró T=29005 sumat per CCAA
ccaa,05,Canarias,2011,475,Equipament de la llar,5550,2126769,2.61,6.14,False,,INE DIRCE T=294 (locals); INE Padró T=29005 sumat per CCAA
ccaa,05,Canarias,2012,475,Equipament de la llar,5421,2118344,2.559,-2.32,False,,INE DIRCE T=294 (locals); INE Padró T=29005 sumat per CCAA
ccaa,05,Canarias,2013,475,Equipament de la llar,5307,2118679,2.505,-2.1,False,,INE DIRCE T=294 (locals); INE Padró T=29005 sumat per CCAA
ccaa,05,Canarias,2014,475,Equipament de la llar,5100,2104815,2.423,-3.9,False,,INE DIRCE T=294 (locals); INE Padró T=29005 sumat per CCAA
ccaa,05,Canarias,2015,475,Equipament de la llar,5072,2100306,2.415,-0.55,False,,INE DIRCE T=294 (locals); INE Padró T=29005 sumat per CCAA
ccaa,05,Canarias,2016,475,Equipament de la llar,4927,2101924,2.344,-2.86,False,,INE DIRCE T=294 (locals); INE Padró T=29005 sumat per CCAA
ccaa,05,Canarias,2017,475,Equipament de la llar,4901,2108121,2.325,-0.53,False,,INE DIRCE T=294 (locals); INE Padró T=29005 sumat per CCAA
ccaa,05,Canarias,2018,475,Equipament de la llar,4816,2127685,2.263,-1.73,False,,INE DIRCE T=294 (locals); INE Padró T=29005 sumat per CCAA
ccaa,05,Canarias,2019,475,Equipament de la llar,4665,2153389,2.166,-3.14,False,,INE DIRCE T=294 (locals); INE Padró T=29005 sumat per CCAA
ccaa,05,Canarias,2020,475,Equipament de la llar,4567,2175952,2.099,-2.1,False,,INE DIRCE T=294 (locals); INE Padró T=29005 sumat per CCAA
ccaa,05,Canarias,2021,475,Equipament de la llar,4367,2172944,2.01,-4.38,False,,INE DIRCE T=294 (locals); INE Padró T=29005 sumat per CCAA
ccaa,05,Canarias,2022,475,Equipament de la llar,4288,2177701,1.969,-1.81,False,,INE DIRCE T=294 (locals); INE Padró T=29005 sumat per CCAA
ccaa,05,Canarias,2023,475,Equipament de la llar,3775,2202048,1.714,-11.96,True,La variació 2022→2023 travessa el trencament de sèrie DIRCE de 2023: no comparable.,INE DIRCE T=294 (locals); INE Padró T=29005 sumat per CCAA
ccaa,05,Canarias,2024,475,Equipament de la llar,3779,2228862,1.695,0.11,False,,INE DIRCE T=294 (locals); INE Padró T=29005 sumat per CCAA
ccaa,05,Canarias,2025,475,Equipament de la llar,3749,2249976,1.666,-0.79,False,,INE DIRCE T=294 (locals); INE Padró T=29005 sumat per CCAA
ccaa,05,Canarias,2010,476,Articles culturals i recreatius,1584,2118519,0.748,,False,,INE DIRCE T=294 (locals); INE Padró T=29005 sumat per CCAA
ccaa,05,Canarias,2011,476,Articles culturals i recreatius,1754,2126769,0.825,10.73,False,,INE DIRCE T=294 (locals); INE Padró T=29005 sumat per CCAA
ccaa,05,Canarias,2012,476,Articles culturals i recreatius,1778,2118344,0.839,1.37,False,,INE DIRCE T=294 (locals); INE Padró T=29005 sumat per CCAA
ccaa,05,Canarias,2013,476,Articles culturals i recreatius,1751,2118679,0.826,-1.52,False,,INE DIRCE T=294 (locals); INE Padró T=29005 sumat per CCAA
ccaa,05,Canarias,2014,476,Articles culturals i recreatius,1719,2104815,0.817,-1.83,False,,INE DIRCE T=294 (locals); INE Padró T=29005 sumat per CCAA
ccaa,05,Canarias,2015,476,Articles culturals i recreatius,1749,2100306,0.833,1.75,False,,INE DIRCE T=294 (locals); INE Padró T=29005 sumat per CCAA
ccaa,05,Canarias,2016,476,Articles culturals i recreatius,1703,2101924,0.81,-2.63,False,,INE DIRCE T=294 (locals); INE Padró T=29005 sumat per CCAA
ccaa,05,Canarias,2017,476,Articles culturals i recreatius,1742,2108121,0.826,2.29,False,,INE DIRCE T=294 (locals); INE Padró T=29005 sumat per CCAA
ccaa,05,Canarias,2018,476,Articles culturals i recreatius,1780,2127685,0.837,2.18,False,,INE DIRCE T=294 (locals); INE Padró T=29005 sumat per CCAA
ccaa,05,Canarias,2019,476,Articles culturals i recreatius,1663,2153389,0.772,-6.57,False,,INE DIRCE T=294 (locals); INE Padró T=29005 sumat per CCAA
ccaa,05,Canarias,2020,476,Articles culturals i recreatius,1659,2175952,0.762,-0.24,False,,INE DIRCE T=294 (locals); INE Padró T=29005 sumat per CCAA
ccaa,05,Canarias,2021,476,Articles culturals i recreatius,1585,2172944,0.729,-4.46,False,,INE DIRCE T=294 (locals); INE Padró T=29005 sumat per CCAA
ccaa,05,Canarias,2022,476,Articles culturals i recreatius,1574,2177701,0.723,-0.69,False,,INE DIRCE T=294 (locals); INE Padró T=29005 sumat per CCAA
ccaa,05,Canarias,2023,476,Articles culturals i recreatius,1425,2202048,0.647,-9.47,True,La variació 2022→2023 travessa el trencament de sèrie DIRCE de 2023: no comparable.,INE DIRCE T=294 (locals); INE Padró T=29005 sumat per CCAA
ccaa,05,Canarias,2024,476,Articles culturals i recreatius,1396,2228862,0.626,-2.04,False,,INE DIRCE T=294 (locals); INE Padró T=29005 sumat per CCAA
ccaa,05,Canarias,2025,476,Articles culturals i recreatius,1397,2249976,0.621,0.07,False,,INE DIRCE T=294 (locals); INE Padró T=29005 sumat per CCAA
ccaa,05,Canarias,2010,477,"Altres articles (moda, calçat, etc.)",8910,2118519,4.206,,False,,INE DIRCE T=294 (locals); INE Padró T=29005 sumat per CCAA
ccaa,05,Canarias,2011,477,"Altres articles (moda, calçat, etc.)",8841,2126769,4.157,-0.77,False,,INE DIRCE T=294 (locals); INE Padró T=29005 sumat per CCAA
ccaa,05,Canarias,2012,477,"Altres articles (moda, calçat, etc.)",8872,2118344,4.188,0.35,False,,INE DIRCE T=294 (locals); INE Padró T=29005 sumat per CCAA
ccaa,05,Canarias,2013,477,"Altres articles (moda, calçat, etc.)",8884,2118679,4.193,0.14,False,,INE DIRCE T=294 (locals); INE Padró T=29005 sumat per CCAA
ccaa,05,Canarias,2014,477,"Altres articles (moda, calçat, etc.)",8883,2104815,4.22,-0.01,False,,INE DIRCE T=294 (locals); INE Padró T=29005 sumat per CCAA
ccaa,05,Canarias,2015,477,"Altres articles (moda, calçat, etc.)",8935,2100306,4.254,0.59,False,,INE DIRCE T=294 (locals); INE Padró T=29005 sumat per CCAA
ccaa,05,Canarias,2016,477,"Altres articles (moda, calçat, etc.)",9108,2101924,4.333,1.94,False,,INE DIRCE T=294 (locals); INE Padró T=29005 sumat per CCAA
ccaa,05,Canarias,2017,477,"Altres articles (moda, calçat, etc.)",9274,2108121,4.399,1.82,False,,INE DIRCE T=294 (locals); INE Padró T=29005 sumat per CCAA
ccaa,05,Canarias,2018,477,"Altres articles (moda, calçat, etc.)",9439,2127685,4.436,1.78,False,,INE DIRCE T=294 (locals); INE Padró T=29005 sumat per CCAA
ccaa,05,Canarias,2019,477,"Altres articles (moda, calçat, etc.)",9783,2153389,4.543,3.64,False,,INE DIRCE T=294 (locals); INE Padró T=29005 sumat per CCAA
ccaa,05,Canarias,2020,477,"Altres articles (moda, calçat, etc.)",9493,2175952,4.363,-2.96,False,,INE DIRCE T=294 (locals); INE Padró T=29005 sumat per CCAA
ccaa,05,Canarias,2021,477,"Altres articles (moda, calçat, etc.)",9018,2172944,4.15,-5.0,False,,INE DIRCE T=294 (locals); INE Padró T=29005 sumat per CCAA
ccaa,05,Canarias,2022,477,"Altres articles (moda, calçat, etc.)",8894,2177701,4.084,-1.38,False,,INE DIRCE T=294 (locals); INE Padró T=29005 sumat per CCAA
ccaa,05,Canarias,2023,477,"Altres articles (moda, calçat, etc.)",8303,2202048,3.771,-6.64,True,La variació 2022→2023 travessa el trencament de sèrie DIRCE de 2023: no comparable.,INE DIRCE T=294 (locals); INE Padró T=29005 sumat per CCAA
ccaa,05,Canarias,2024,477,"Altres articles (moda, calçat, etc.)",8240,2228862,3.697,-0.76,False,,INE DIRCE T=294 (locals); INE Padró T=29005 sumat per CCAA
ccaa,05,Canarias,2025,477,"Altres articles (moda, calçat, etc.)",8139,2249976,3.617,-1.23,False,,INE DIRCE T=294 (locals); INE Padró T=29005 sumat per CCAA
ccaa,05,Canarias,2010,478,Punts de venda i mercadillos,2752,2118519,1.299,,False,,INE DIRCE T=294 (locals); INE Padró T=29005 sumat per CCAA
ccaa,05,Canarias,2011,478,Punts de venda i mercadillos,2346,2126769,1.103,-14.75,False,,INE DIRCE T=294 (locals); INE Padró T=29005 sumat per CCAA
ccaa,05,Canarias,2012,478,Punts de venda i mercadillos,2272,2118344,1.073,-3.15,False,,INE DIRCE T=294 (locals); INE Padró T=29005 sumat per CCAA
ccaa,05,Canarias,2013,478,Punts de venda i mercadillos,2347,2118679,1.108,3.3,False,,INE DIRCE T=294 (locals); INE Padró T=29005 sumat per CCAA
ccaa,05,Canarias,2014,478,Punts de venda i mercadillos,2294,2104815,1.09,-2.26,False,,INE DIRCE T=294 (locals); INE Padró T=29005 sumat per CCAA
ccaa,05,Canarias,2015,478,Punts de venda i mercadillos,2472,2100306,1.177,7.76,False,,INE DIRCE T=294 (locals); INE Padró T=29005 sumat per CCAA
ccaa,05,Canarias,2016,478,Punts de venda i mercadillos,2476,2101924,1.178,0.16,False,,INE DIRCE T=294 (locals); INE Padró T=29005 sumat per CCAA
ccaa,05,Canarias,2017,478,Punts de venda i mercadillos,2514,2108121,1.193,1.53,False,,INE DIRCE T=294 (locals); INE Padró T=29005 sumat per CCAA
ccaa,05,Canarias,2018,478,Punts de venda i mercadillos,2478,2127685,1.165,-1.43,False,,INE DIRCE T=294 (locals); INE Padró T=29005 sumat per CCAA
ccaa,05,Canarias,2019,478,Punts de venda i mercadillos,2549,2153389,1.184,2.87,False,,INE DIRCE T=294 (locals); INE Padró T=29005 sumat per CCAA
ccaa,05,Canarias,2020,478,Punts de venda i mercadillos,2500,2175952,1.149,-1.92,False,,INE DIRCE T=294 (locals); INE Padró T=29005 sumat per CCAA
ccaa,05,Canarias,2021,478,Punts de venda i mercadillos,2256,2172944,1.038,-9.76,False,,INE DIRCE T=294 (locals); INE Padró T=29005 sumat per CCAA
ccaa,05,Canarias,2022,478,Punts de venda i mercadillos,2406,2177701,1.105,6.65,False,,INE DIRCE T=294 (locals); INE Padró T=29005 sumat per CCAA
ccaa,05,Canarias,2023,478,Punts de venda i mercadillos,2186,2202048,0.993,-9.14,True,La variació 2022→2023 travessa el trencament de sèrie DIRCE de 2023: no comparable.,INE DIRCE T=294 (locals); INE Padró T=29005 sumat per CCAA
ccaa,05,Canarias,2024,478,Punts de venda i mercadillos,2166,2228862,0.972,-0.91,False,,INE DIRCE T=294 (locals); INE Padró T=29005 sumat per CCAA
ccaa,05,Canarias,2025,478,Punts de venda i mercadillos,2072,2249976,0.921,-4.34,False,,INE DIRCE T=294 (locals); INE Padró T=29005 sumat per CCAA
ccaa,05,Canarias,2010,479,Comerç no en establiment (internet),522,2118519,0.246,,False,,INE DIRCE T=294 (locals); INE Padró T=29005 sumat per CCAA
ccaa,05,Canarias,2011,479,Comerç no en establiment (internet),543,2126769,0.255,4.02,False,,INE DIRCE T=294 (locals); INE Padró T=29005 sumat per CCAA
ccaa,05,Canarias,2012,479,Comerç no en establiment (internet),566,2118344,0.267,4.24,False,,INE DIRCE T=294 (locals); INE Padró T=29005 sumat per CCAA
ccaa,05,Canarias,2013,479,Comerç no en establiment (internet),555,2118679,0.262,-1.94,False,,INE DIRCE T=294 (locals); INE Padró T=29005 sumat per CCAA
ccaa,05,Canarias,2014,479,Comerç no en establiment (internet),545,2104815,0.259,-1.8,False,,INE DIRCE T=294 (locals); INE Padró T=29005 sumat per CCAA
ccaa,05,Canarias,2015,479,Comerç no en establiment (internet),582,2100306,0.277,6.79,False,,INE DIRCE T=294 (locals); INE Padró T=29005 sumat per CCAA
ccaa,05,Canarias,2016,479,Comerç no en establiment (internet),595,2101924,0.283,2.23,False,,INE DIRCE T=294 (locals); INE Padró T=29005 sumat per CCAA
ccaa,05,Canarias,2017,479,Comerç no en establiment (internet),621,2108121,0.295,4.37,False,,INE DIRCE T=294 (locals); INE Padró T=29005 sumat per CCAA
ccaa,05,Canarias,2018,479,Comerç no en establiment (internet),650,2127685,0.305,4.67,False,,INE DIRCE T=294 (locals); INE Padró T=29005 sumat per CCAA
ccaa,05,Canarias,2019,479,Comerç no en establiment (internet),667,2153389,0.31,2.62,False,,INE DIRCE T=294 (locals); INE Padró T=29005 sumat per CCAA
ccaa,05,Canarias,2020,479,Comerç no en establiment (internet),664,2175952,0.305,-0.45,False,,INE DIRCE T=294 (locals); INE Padró T=29005 sumat per CCAA
ccaa,05,Canarias,2021,479,Comerç no en establiment (internet),693,2172944,0.319,4.37,False,,INE DIRCE T=294 (locals); INE Padró T=29005 sumat per CCAA
ccaa,05,Canarias,2022,479,Comerç no en establiment (internet),736,2177701,0.338,6.2,False,,INE DIRCE T=294 (locals); INE Padró T=29005 sumat per CCAA
ccaa,05,Canarias,2023,479,Comerç no en establiment (internet),640,2202048,0.291,-13.04,True,La variació 2022→2023 travessa el trencament de sèrie DIRCE de 2023: no comparable.,INE DIRCE T=294 (locals); INE Padró T=29005 sumat per CCAA
ccaa,05,Canarias,2024,479,Comerç no en establiment (internet),668,2228862,0.3,4.37,False,,INE DIRCE T=294 (locals); INE Padró T=29005 sumat per CCAA
ccaa,05,Canarias,2025,479,Comerç no en establiment (internet),639,2249976,0.284,-4.34,False,,INE DIRCE T=294 (locals); INE Padró T=29005 sumat per CCAA
ccaa,06,Cantabria,2010,47,Comerç al detall (total CNAE 47),7442,592250,12.566,,False,,INE DIRCE T=294 (locals); INE Padró T=29005 sumat per CCAA
ccaa,06,Cantabria,2011,47,Comerç al detall (total CNAE 47),7372,593121,12.429,-0.94,False,,INE DIRCE T=294 (locals); INE Padró T=29005 sumat per CCAA
ccaa,06,Cantabria,2012,47,Comerç al detall (total CNAE 47),7259,593861,12.223,-1.53,False,,INE DIRCE T=294 (locals); INE Padró T=29005 sumat per CCAA
ccaa,06,Cantabria,2013,47,Comerç al detall (total CNAE 47),7091,591888,11.98,-2.31,False,,INE DIRCE T=294 (locals); INE Padró T=29005 sumat per CCAA
ccaa,06,Cantabria,2014,47,Comerç al detall (total CNAE 47),6974,588656,11.847,-1.65,False,,INE DIRCE T=294 (locals); INE Padró T=29005 sumat per CCAA
ccaa,06,Cantabria,2015,47,Comerç al detall (total CNAE 47),6930,585179,11.843,-0.63,False,,INE DIRCE T=294 (locals); INE Padró T=29005 sumat per CCAA
ccaa,06,Cantabria,2016,47,Comerç al detall (total CNAE 47),6794,582206,11.669,-1.96,False,,INE DIRCE T=294 (locals); INE Padró T=29005 sumat per CCAA
ccaa,06,Cantabria,2017,47,Comerç al detall (total CNAE 47),6746,580295,11.625,-0.71,False,,INE DIRCE T=294 (locals); INE Padró T=29005 sumat per CCAA
ccaa,06,Cantabria,2018,47,Comerç al detall (total CNAE 47),6598,580229,11.371,-2.19,False,,INE DIRCE T=294 (locals); INE Padró T=29005 sumat per CCAA
ccaa,06,Cantabria,2019,47,Comerç al detall (total CNAE 47),6514,581078,11.21,-1.27,False,,INE DIRCE T=294 (locals); INE Padró T=29005 sumat per CCAA
ccaa,06,Cantabria,2020,47,Comerç al detall (total CNAE 47),6317,582905,10.837,-3.02,False,,INE DIRCE T=294 (locals); INE Padró T=29005 sumat per CCAA
ccaa,06,Cantabria,2021,47,Comerç al detall (total CNAE 47),6300,584507,10.778,-0.27,False,,INE DIRCE T=294 (locals); INE Padró T=29005 sumat per CCAA
ccaa,06,Cantabria,2022,47,Comerç al detall (total CNAE 47),6273,585402,10.716,-0.43,False,,INE DIRCE T=294 (locals); INE Padró T=29005 sumat per CCAA
ccaa,06,Cantabria,2023,47,Comerç al detall (total CNAE 47),5955,588419,10.12,-5.07,True,La variació 2022→2023 travessa el trencament de sèrie DIRCE de 2023: no comparable.,INE DIRCE T=294 (locals); INE Padró T=29005 sumat per CCAA
ccaa,06,Cantabria,2024,47,Comerç al detall (total CNAE 47),5851,591563,9.891,-1.75,False,,INE DIRCE T=294 (locals); INE Padró T=29005 sumat per CCAA
ccaa,06,Cantabria,2025,47,Comerç al detall (total CNAE 47),5770,593964,9.714,-1.38,False,,INE DIRCE T=294 (locals); INE Padró T=29005 sumat per CCAA
ccaa,06,Cantabria,2010,471,Establiments no especialitzats (súper i hiper),1210,592250,2.043,,False,,INE DIRCE T=294 (locals); INE Padró T=29005 sumat per CCAA
ccaa,06,Cantabria,2011,471,Establiments no especialitzats (súper i hiper),829,593121,1.398,-31.49,False,,INE DIRCE T=294 (locals); INE Padró T=29005 sumat per CCAA
ccaa,06,Cantabria,2012,471,Establiments no especialitzats (súper i hiper),836,593861,1.408,0.84,False,,INE DIRCE T=294 (locals); INE Padró T=29005 sumat per CCAA
ccaa,06,Cantabria,2013,471,Establiments no especialitzats (súper i hiper),838,591888,1.416,0.24,False,,INE DIRCE T=294 (locals); INE Padró T=29005 sumat per CCAA
ccaa,06,Cantabria,2014,471,Establiments no especialitzats (súper i hiper),866,588656,1.471,3.34,False,,INE DIRCE T=294 (locals); INE Padró T=29005 sumat per CCAA
ccaa,06,Cantabria,2015,471,Establiments no especialitzats (súper i hiper),861,585179,1.471,-0.58,False,,INE DIRCE T=294 (locals); INE Padró T=29005 sumat per CCAA
ccaa,06,Cantabria,2016,471,Establiments no especialitzats (súper i hiper),821,582206,1.41,-4.65,False,,INE DIRCE T=294 (locals); INE Padró T=29005 sumat per CCAA
ccaa,06,Cantabria,2017,471,Establiments no especialitzats (súper i hiper),775,580295,1.336,-5.6,False,,INE DIRCE T=294 (locals); INE Padró T=29005 sumat per CCAA
ccaa,06,Cantabria,2018,471,Establiments no especialitzats (súper i hiper),779,580229,1.343,0.52,False,,INE DIRCE T=294 (locals); INE Padró T=29005 sumat per CCAA
ccaa,06,Cantabria,2019,471,Establiments no especialitzats (súper i hiper),745,581078,1.282,-4.36,False,,INE DIRCE T=294 (locals); INE Padró T=29005 sumat per CCAA
ccaa,06,Cantabria,2020,471,Establiments no especialitzats (súper i hiper),737,582905,1.264,-1.07,False,,INE DIRCE T=294 (locals); INE Padró T=29005 sumat per CCAA
ccaa,06,Cantabria,2021,471,Establiments no especialitzats (súper i hiper),765,584507,1.309,3.8,False,,INE DIRCE T=294 (locals); INE Padró T=29005 sumat per CCAA
ccaa,06,Cantabria,2022,471,Establiments no especialitzats (súper i hiper),786,585402,1.343,2.75,False,,INE DIRCE T=294 (locals); INE Padró T=29005 sumat per CCAA
ccaa,06,Cantabria,2023,471,Establiments no especialitzats (súper i hiper),779,588419,1.324,-0.89,True,La variació 2022→2023 travessa el trencament de sèrie DIRCE de 2023: no comparable.,INE DIRCE T=294 (locals); INE Padró T=29005 sumat per CCAA
ccaa,06,Cantabria,2024,471,Establiments no especialitzats (súper i hiper),791,591563,1.337,1.54,False,,INE DIRCE T=294 (locals); INE Padró T=29005 sumat per CCAA
ccaa,06,Cantabria,2025,471,Establiments no especialitzats (súper i hiper),802,593964,1.35,1.39,False,,INE DIRCE T=294 (locals); INE Padró T=29005 sumat per CCAA
ccaa,06,Cantabria,2010,472,"Aliments, begudes i tabac (especialitzat)",1309,592250,2.21,,False,,INE DIRCE T=294 (locals); INE Padró T=29005 sumat per CCAA
ccaa,06,Cantabria,2011,472,"Aliments, begudes i tabac (especialitzat)",1487,593121,2.507,13.6,False,,INE DIRCE T=294 (locals); INE Padró T=29005 sumat per CCAA
ccaa,06,Cantabria,2012,472,"Aliments, begudes i tabac (especialitzat)",1463,593861,2.464,-1.61,False,,INE DIRCE T=294 (locals); INE Padró T=29005 sumat per CCAA
ccaa,06,Cantabria,2013,472,"Aliments, begudes i tabac (especialitzat)",1443,591888,2.438,-1.37,False,,INE DIRCE T=294 (locals); INE Padró T=29005 sumat per CCAA
ccaa,06,Cantabria,2014,472,"Aliments, begudes i tabac (especialitzat)",1401,588656,2.38,-2.91,False,,INE DIRCE T=294 (locals); INE Padró T=29005 sumat per CCAA
ccaa,06,Cantabria,2015,472,"Aliments, begudes i tabac (especialitzat)",1412,585179,2.413,0.79,False,,INE DIRCE T=294 (locals); INE Padró T=29005 sumat per CCAA
ccaa,06,Cantabria,2016,472,"Aliments, begudes i tabac (especialitzat)",1345,582206,2.31,-4.75,False,,INE DIRCE T=294 (locals); INE Padró T=29005 sumat per CCAA
ccaa,06,Cantabria,2017,472,"Aliments, begudes i tabac (especialitzat)",1370,580295,2.361,1.86,False,,INE DIRCE T=294 (locals); INE Padró T=29005 sumat per CCAA
ccaa,06,Cantabria,2018,472,"Aliments, begudes i tabac (especialitzat)",1341,580229,2.311,-2.12,False,,INE DIRCE T=294 (locals); INE Padró T=29005 sumat per CCAA
ccaa,06,Cantabria,2019,472,"Aliments, begudes i tabac (especialitzat)",1380,581078,2.375,2.91,False,,INE DIRCE T=294 (locals); INE Padró T=29005 sumat per CCAA
ccaa,06,Cantabria,2020,472,"Aliments, begudes i tabac (especialitzat)",1310,582905,2.247,-5.07,False,,INE DIRCE T=294 (locals); INE Padró T=29005 sumat per CCAA
ccaa,06,Cantabria,2021,472,"Aliments, begudes i tabac (especialitzat)",1329,584507,2.274,1.45,False,,INE DIRCE T=294 (locals); INE Padró T=29005 sumat per CCAA
ccaa,06,Cantabria,2022,472,"Aliments, begudes i tabac (especialitzat)",1333,585402,2.277,0.3,False,,INE DIRCE T=294 (locals); INE Padró T=29005 sumat per CCAA
ccaa,06,Cantabria,2023,472,"Aliments, begudes i tabac (especialitzat)",1237,588419,2.102,-7.2,True,La variació 2022→2023 travessa el trencament de sèrie DIRCE de 2023: no comparable.,INE DIRCE T=294 (locals); INE Padró T=29005 sumat per CCAA
ccaa,06,Cantabria,2024,472,"Aliments, begudes i tabac (especialitzat)",1191,591563,2.013,-3.72,False,,INE DIRCE T=294 (locals); INE Padró T=29005 sumat per CCAA
ccaa,06,Cantabria,2025,472,"Aliments, begudes i tabac (especialitzat)",1152,593964,1.94,-3.27,False,,INE DIRCE T=294 (locals); INE Padró T=29005 sumat per CCAA
ccaa,06,Cantabria,2010,473,Combustible (gasolineres),115,592250,0.194,,False,,INE DIRCE T=294 (locals); INE Padró T=29005 sumat per CCAA
ccaa,06,Cantabria,2011,473,Combustible (gasolineres),121,593121,0.204,5.22,False,,INE DIRCE T=294 (locals); INE Padró T=29005 sumat per CCAA
ccaa,06,Cantabria,2012,473,Combustible (gasolineres),122,593861,0.205,0.83,False,,INE DIRCE T=294 (locals); INE Padró T=29005 sumat per CCAA
ccaa,06,Cantabria,2013,473,Combustible (gasolineres),120,591888,0.203,-1.64,False,,INE DIRCE T=294 (locals); INE Padró T=29005 sumat per CCAA
ccaa,06,Cantabria,2014,473,Combustible (gasolineres),123,588656,0.209,2.5,False,,INE DIRCE T=294 (locals); INE Padró T=29005 sumat per CCAA
ccaa,06,Cantabria,2015,473,Combustible (gasolineres),120,585179,0.205,-2.44,False,,INE DIRCE T=294 (locals); INE Padró T=29005 sumat per CCAA
ccaa,06,Cantabria,2016,473,Combustible (gasolineres),122,582206,0.21,1.67,False,,INE DIRCE T=294 (locals); INE Padró T=29005 sumat per CCAA
ccaa,06,Cantabria,2017,473,Combustible (gasolineres),117,580295,0.202,-4.1,False,,INE DIRCE T=294 (locals); INE Padró T=29005 sumat per CCAA
ccaa,06,Cantabria,2018,473,Combustible (gasolineres),117,580229,0.202,0.0,False,,INE DIRCE T=294 (locals); INE Padró T=29005 sumat per CCAA
ccaa,06,Cantabria,2019,473,Combustible (gasolineres),135,581078,0.232,15.38,False,,INE DIRCE T=294 (locals); INE Padró T=29005 sumat per CCAA
ccaa,06,Cantabria,2020,473,Combustible (gasolineres),139,582905,0.238,2.96,False,,INE DIRCE T=294 (locals); INE Padró T=29005 sumat per CCAA
ccaa,06,Cantabria,2021,473,Combustible (gasolineres),139,584507,0.238,0.0,False,,INE DIRCE T=294 (locals); INE Padró T=29005 sumat per CCAA
ccaa,06,Cantabria,2022,473,Combustible (gasolineres),142,585402,0.243,2.16,False,,INE DIRCE T=294 (locals); INE Padró T=29005 sumat per CCAA
ccaa,06,Cantabria,2023,473,Combustible (gasolineres),145,588419,0.246,2.11,True,La variació 2022→2023 travessa el trencament de sèrie DIRCE de 2023: no comparable.,INE DIRCE T=294 (locals); INE Padró T=29005 sumat per CCAA
ccaa,06,Cantabria,2024,473,Combustible (gasolineres),140,591563,0.237,-3.45,False,,INE DIRCE T=294 (locals); INE Padró T=29005 sumat per CCAA
ccaa,06,Cantabria,2025,473,Combustible (gasolineres),139,593964,0.234,-0.71,False,,INE DIRCE T=294 (locals); INE Padró T=29005 sumat per CCAA
ccaa,06,Cantabria,2010,474,Equips TIC,380,592250,0.642,,False,,INE DIRCE T=294 (locals); INE Padró T=29005 sumat per CCAA
ccaa,06,Cantabria,2011,474,Equips TIC,333,593121,0.561,-12.37,False,,INE DIRCE T=294 (locals); INE Padró T=29005 sumat per CCAA
ccaa,06,Cantabria,2012,474,Equips TIC,321,593861,0.541,-3.6,False,,INE DIRCE T=294 (locals); INE Padró T=29005 sumat per CCAA
ccaa,06,Cantabria,2013,474,Equips TIC,276,591888,0.466,-14.02,False,,INE DIRCE T=294 (locals); INE Padró T=29005 sumat per CCAA
ccaa,06,Cantabria,2014,474,Equips TIC,265,588656,0.45,-3.99,False,,INE DIRCE T=294 (locals); INE Padró T=29005 sumat per CCAA
ccaa,06,Cantabria,2015,474,Equips TIC,238,585179,0.407,-10.19,False,,INE DIRCE T=294 (locals); INE Padró T=29005 sumat per CCAA
ccaa,06,Cantabria,2016,474,Equips TIC,215,582206,0.369,-9.66,False,,INE DIRCE T=294 (locals); INE Padró T=29005 sumat per CCAA
ccaa,06,Cantabria,2017,474,Equips TIC,206,580295,0.355,-4.19,False,,INE DIRCE T=294 (locals); INE Padró T=29005 sumat per CCAA
ccaa,06,Cantabria,2018,474,Equips TIC,193,580229,0.333,-6.31,False,,INE DIRCE T=294 (locals); INE Padró T=29005 sumat per CCAA
ccaa,06,Cantabria,2019,474,Equips TIC,161,581078,0.277,-16.58,False,,INE DIRCE T=294 (locals); INE Padró T=29005 sumat per CCAA
ccaa,06,Cantabria,2020,474,Equips TIC,157,582905,0.269,-2.48,False,,INE DIRCE T=294 (locals); INE Padró T=29005 sumat per CCAA
ccaa,06,Cantabria,2021,474,Equips TIC,150,584507,0.257,-4.46,False,,INE DIRCE T=294 (locals); INE Padró T=29005 sumat per CCAA
ccaa,06,Cantabria,2022,474,Equips TIC,163,585402,0.278,8.67,False,,INE DIRCE T=294 (locals); INE Padró T=29005 sumat per CCAA
ccaa,06,Cantabria,2023,474,Equips TIC,145,588419,0.246,-11.04,True,La variació 2022→2023 travessa el trencament de sèrie DIRCE de 2023: no comparable.,INE DIRCE T=294 (locals); INE Padró T=29005 sumat per CCAA
ccaa,06,Cantabria,2024,474,Equips TIC,132,591563,0.223,-8.97,False,,INE DIRCE T=294 (locals); INE Padró T=29005 sumat per CCAA
ccaa,06,Cantabria,2025,474,Equips TIC,127,593964,0.214,-3.79,False,,INE DIRCE T=294 (locals); INE Padró T=29005 sumat per CCAA
ccaa,06,Cantabria,2010,475,Equipament de la llar,1055,592250,1.781,,False,,INE DIRCE T=294 (locals); INE Padró T=29005 sumat per CCAA
ccaa,06,Cantabria,2011,475,Equipament de la llar,1160,593121,1.956,9.95,False,,INE DIRCE T=294 (locals); INE Padró T=29005 sumat per CCAA
ccaa,06,Cantabria,2012,475,Equipament de la llar,1118,593861,1.883,-3.62,False,,INE DIRCE T=294 (locals); INE Padró T=29005 sumat per CCAA
ccaa,06,Cantabria,2013,475,Equipament de la llar,1130,591888,1.909,1.07,False,,INE DIRCE T=294 (locals); INE Padró T=29005 sumat per CCAA
ccaa,06,Cantabria,2014,475,Equipament de la llar,1107,588656,1.881,-2.04,False,,INE DIRCE T=294 (locals); INE Padró T=29005 sumat per CCAA
ccaa,06,Cantabria,2015,475,Equipament de la llar,1081,585179,1.847,-2.35,False,,INE DIRCE T=294 (locals); INE Padró T=29005 sumat per CCAA
ccaa,06,Cantabria,2016,475,Equipament de la llar,1075,582206,1.846,-0.56,False,,INE DIRCE T=294 (locals); INE Padró T=29005 sumat per CCAA
ccaa,06,Cantabria,2017,475,Equipament de la llar,1067,580295,1.839,-0.74,False,,INE DIRCE T=294 (locals); INE Padró T=29005 sumat per CCAA
ccaa,06,Cantabria,2018,475,Equipament de la llar,1027,580229,1.77,-3.75,False,,INE DIRCE T=294 (locals); INE Padró T=29005 sumat per CCAA
ccaa,06,Cantabria,2019,475,Equipament de la llar,1035,581078,1.781,0.78,False,,INE DIRCE T=294 (locals); INE Padró T=29005 sumat per CCAA
ccaa,06,Cantabria,2020,475,Equipament de la llar,993,582905,1.704,-4.06,False,,INE DIRCE T=294 (locals); INE Padró T=29005 sumat per CCAA
ccaa,06,Cantabria,2021,475,Equipament de la llar,958,584507,1.639,-3.52,False,,INE DIRCE T=294 (locals); INE Padró T=29005 sumat per CCAA
ccaa,06,Cantabria,2022,475,Equipament de la llar,933,585402,1.594,-2.61,False,,INE DIRCE T=294 (locals); INE Padró T=29005 sumat per CCAA
ccaa,06,Cantabria,2023,475,Equipament de la llar,900,588419,1.53,-3.54,True,La variació 2022→2023 travessa el trencament de sèrie DIRCE de 2023: no comparable.,INE DIRCE T=294 (locals); INE Padró T=29005 sumat per CCAA
ccaa,06,Cantabria,2024,475,Equipament de la llar,896,591563,1.515,-0.44,False,,INE DIRCE T=294 (locals); INE Padró T=29005 sumat per CCAA
ccaa,06,Cantabria,2025,475,Equipament de la llar,897,593964,1.51,0.11,False,,INE DIRCE T=294 (locals); INE Padró T=29005 sumat per CCAA
ccaa,06,Cantabria,2010,476,Articles culturals i recreatius,548,592250,0.925,,False,,INE DIRCE T=294 (locals); INE Padró T=29005 sumat per CCAA
ccaa,06,Cantabria,2011,476,Articles culturals i recreatius,553,593121,0.932,0.91,False,,INE DIRCE T=294 (locals); INE Padró T=29005 sumat per CCAA
ccaa,06,Cantabria,2012,476,Articles culturals i recreatius,527,593861,0.887,-4.7,False,,INE DIRCE T=294 (locals); INE Padró T=29005 sumat per CCAA
ccaa,06,Cantabria,2013,476,Articles culturals i recreatius,521,591888,0.88,-1.14,False,,INE DIRCE T=294 (locals); INE Padró T=29005 sumat per CCAA
ccaa,06,Cantabria,2014,476,Articles culturals i recreatius,506,588656,0.86,-2.88,False,,INE DIRCE T=294 (locals); INE Padró T=29005 sumat per CCAA
ccaa,06,Cantabria,2015,476,Articles culturals i recreatius,509,585179,0.87,0.59,False,,INE DIRCE T=294 (locals); INE Padró T=29005 sumat per CCAA
ccaa,06,Cantabria,2016,476,Articles culturals i recreatius,480,582206,0.824,-5.7,False,,INE DIRCE T=294 (locals); INE Padró T=29005 sumat per CCAA
ccaa,06,Cantabria,2017,476,Articles culturals i recreatius,483,580295,0.832,0.63,False,,INE DIRCE T=294 (locals); INE Padró T=29005 sumat per CCAA
ccaa,06,Cantabria,2018,476,Articles culturals i recreatius,469,580229,0.808,-2.9,False,,INE DIRCE T=294 (locals); INE Padró T=29005 sumat per CCAA
ccaa,06,Cantabria,2019,476,Articles culturals i recreatius,443,581078,0.762,-5.54,False,,INE DIRCE T=294 (locals); INE Padró T=29005 sumat per CCAA
ccaa,06,Cantabria,2020,476,Articles culturals i recreatius,428,582905,0.734,-3.39,False,,INE DIRCE T=294 (locals); INE Padró T=29005 sumat per CCAA
ccaa,06,Cantabria,2021,476,Articles culturals i recreatius,409,584507,0.7,-4.44,False,,INE DIRCE T=294 (locals); INE Padró T=29005 sumat per CCAA
ccaa,06,Cantabria,2022,476,Articles culturals i recreatius,413,585402,0.705,0.98,False,,INE DIRCE T=294 (locals); INE Padró T=29005 sumat per CCAA
ccaa,06,Cantabria,2023,476,Articles culturals i recreatius,377,588419,0.641,-8.72,True,La variació 2022→2023 travessa el trencament de sèrie DIRCE de 2023: no comparable.,INE DIRCE T=294 (locals); INE Padró T=29005 sumat per CCAA
ccaa,06,Cantabria,2024,476,Articles culturals i recreatius,356,591563,0.602,-5.57,False,,INE DIRCE T=294 (locals); INE Padró T=29005 sumat per CCAA
ccaa,06,Cantabria,2025,476,Articles culturals i recreatius,344,593964,0.579,-3.37,False,,INE DIRCE T=294 (locals); INE Padró T=29005 sumat per CCAA
ccaa,06,Cantabria,2010,477,"Altres articles (moda, calçat, etc.)",2248,592250,3.796,,False,,INE DIRCE T=294 (locals); INE Padró T=29005 sumat per CCAA
ccaa,06,Cantabria,2011,477,"Altres articles (moda, calçat, etc.)",2308,593121,3.891,2.67,False,,INE DIRCE T=294 (locals); INE Padró T=29005 sumat per CCAA
ccaa,06,Cantabria,2012,477,"Altres articles (moda, calçat, etc.)",2314,593861,3.897,0.26,False,,INE DIRCE T=294 (locals); INE Padró T=29005 sumat per CCAA
ccaa,06,Cantabria,2013,477,"Altres articles (moda, calçat, etc.)",2202,591888,3.72,-4.84,False,,INE DIRCE T=294 (locals); INE Padró T=29005 sumat per CCAA
ccaa,06,Cantabria,2014,477,"Altres articles (moda, calçat, etc.)",2134,588656,3.625,-3.09,False,,INE DIRCE T=294 (locals); INE Padró T=29005 sumat per CCAA
ccaa,06,Cantabria,2015,477,"Altres articles (moda, calçat, etc.)",2139,585179,3.655,0.23,False,,INE DIRCE T=294 (locals); INE Padró T=29005 sumat per CCAA
ccaa,06,Cantabria,2016,477,"Altres articles (moda, calçat, etc.)",2144,582206,3.683,0.23,False,,INE DIRCE T=294 (locals); INE Padró T=29005 sumat per CCAA
ccaa,06,Cantabria,2017,477,"Altres articles (moda, calçat, etc.)",2131,580295,3.672,-0.61,False,,INE DIRCE T=294 (locals); INE Padró T=29005 sumat per CCAA
ccaa,06,Cantabria,2018,477,"Altres articles (moda, calçat, etc.)",2082,580229,3.588,-2.3,False,,INE DIRCE T=294 (locals); INE Padró T=29005 sumat per CCAA
ccaa,06,Cantabria,2019,477,"Altres articles (moda, calçat, etc.)",2067,581078,3.557,-0.72,False,,INE DIRCE T=294 (locals); INE Padró T=29005 sumat per CCAA
ccaa,06,Cantabria,2020,477,"Altres articles (moda, calçat, etc.)",2015,582905,3.457,-2.52,False,,INE DIRCE T=294 (locals); INE Padró T=29005 sumat per CCAA
ccaa,06,Cantabria,2021,477,"Altres articles (moda, calçat, etc.)",2025,584507,3.464,0.5,False,,INE DIRCE T=294 (locals); INE Padró T=29005 sumat per CCAA
ccaa,06,Cantabria,2022,477,"Altres articles (moda, calçat, etc.)",1986,585402,3.393,-1.93,False,,INE DIRCE T=294 (locals); INE Padró T=29005 sumat per CCAA
ccaa,06,Cantabria,2023,477,"Altres articles (moda, calçat, etc.)",1895,588419,3.22,-4.58,True,La variació 2022→2023 travessa el trencament de sèrie DIRCE de 2023: no comparable.,INE DIRCE T=294 (locals); INE Padró T=29005 sumat per CCAA
ccaa,06,Cantabria,2024,477,"Altres articles (moda, calçat, etc.)",1873,591563,3.166,-1.16,False,,INE DIRCE T=294 (locals); INE Padró T=29005 sumat per CCAA
ccaa,06,Cantabria,2025,477,"Altres articles (moda, calçat, etc.)",1829,593964,3.079,-2.35,False,,INE DIRCE T=294 (locals); INE Padró T=29005 sumat per CCAA
ccaa,06,Cantabria,2010,478,Punts de venda i mercadillos,429,592250,0.724,,False,,INE DIRCE T=294 (locals); INE Padró T=29005 sumat per CCAA
ccaa,06,Cantabria,2011,478,Punts de venda i mercadillos,430,593121,0.725,0.23,False,,INE DIRCE T=294 (locals); INE Padró T=29005 sumat per CCAA
ccaa,06,Cantabria,2012,478,Punts de venda i mercadillos,404,593861,0.68,-6.05,False,,INE DIRCE T=294 (locals); INE Padró T=29005 sumat per CCAA
ccaa,06,Cantabria,2013,478,Punts de venda i mercadillos,406,591888,0.686,0.5,False,,INE DIRCE T=294 (locals); INE Padró T=29005 sumat per CCAA
ccaa,06,Cantabria,2014,478,Punts de venda i mercadillos,418,588656,0.71,2.96,False,,INE DIRCE T=294 (locals); INE Padró T=29005 sumat per CCAA
ccaa,06,Cantabria,2015,478,Punts de venda i mercadillos,419,585179,0.716,0.24,False,,INE DIRCE T=294 (locals); INE Padró T=29005 sumat per CCAA
ccaa,06,Cantabria,2016,478,Punts de venda i mercadillos,433,582206,0.744,3.34,False,,INE DIRCE T=294 (locals); INE Padró T=29005 sumat per CCAA
ccaa,06,Cantabria,2017,478,Punts de venda i mercadillos,441,580295,0.76,1.85,False,,INE DIRCE T=294 (locals); INE Padró T=29005 sumat per CCAA
ccaa,06,Cantabria,2018,478,Punts de venda i mercadillos,429,580229,0.739,-2.72,False,,INE DIRCE T=294 (locals); INE Padró T=29005 sumat per CCAA
ccaa,06,Cantabria,2019,478,Punts de venda i mercadillos,397,581078,0.683,-7.46,False,,INE DIRCE T=294 (locals); INE Padró T=29005 sumat per CCAA
ccaa,06,Cantabria,2020,478,Punts de venda i mercadillos,387,582905,0.664,-2.52,False,,INE DIRCE T=294 (locals); INE Padró T=29005 sumat per CCAA
ccaa,06,Cantabria,2021,478,Punts de venda i mercadillos,356,584507,0.609,-8.01,False,,INE DIRCE T=294 (locals); INE Padró T=29005 sumat per CCAA
ccaa,06,Cantabria,2022,478,Punts de venda i mercadillos,348,585402,0.594,-2.25,False,,INE DIRCE T=294 (locals); INE Padró T=29005 sumat per CCAA
ccaa,06,Cantabria,2023,478,Punts de venda i mercadillos,314,588419,0.534,-9.77,True,La variació 2022→2023 travessa el trencament de sèrie DIRCE de 2023: no comparable.,INE DIRCE T=294 (locals); INE Padró T=29005 sumat per CCAA
ccaa,06,Cantabria,2024,478,Punts de venda i mercadillos,301,591563,0.509,-4.14,False,,INE DIRCE T=294 (locals); INE Padró T=29005 sumat per CCAA
ccaa,06,Cantabria,2025,478,Punts de venda i mercadillos,306,593964,0.515,1.66,False,,INE DIRCE T=294 (locals); INE Padró T=29005 sumat per CCAA
ccaa,06,Cantabria,2010,479,Comerç no en establiment (internet),148,592250,0.25,,False,,INE DIRCE T=294 (locals); INE Padró T=29005 sumat per CCAA
ccaa,06,Cantabria,2011,479,Comerç no en establiment (internet),151,593121,0.255,2.03,False,,INE DIRCE T=294 (locals); INE Padró T=29005 sumat per CCAA
ccaa,06,Cantabria,2012,479,Comerç no en establiment (internet),154,593861,0.259,1.99,False,,INE DIRCE T=294 (locals); INE Padró T=29005 sumat per CCAA
ccaa,06,Cantabria,2013,479,Comerç no en establiment (internet),155,591888,0.262,0.65,False,,INE DIRCE T=294 (locals); INE Padró T=29005 sumat per CCAA
ccaa,06,Cantabria,2014,479,Comerç no en establiment (internet),154,588656,0.262,-0.65,False,,INE DIRCE T=294 (locals); INE Padró T=29005 sumat per CCAA
ccaa,06,Cantabria,2015,479,Comerç no en establiment (internet),151,585179,0.258,-1.95,False,,INE DIRCE T=294 (locals); INE Padró T=29005 sumat per CCAA
ccaa,06,Cantabria,2016,479,Comerç no en establiment (internet),159,582206,0.273,5.3,False,,INE DIRCE T=294 (locals); INE Padró T=29005 sumat per CCAA
ccaa,06,Cantabria,2017,479,Comerç no en establiment (internet),156,580295,0.269,-1.89,False,,INE DIRCE T=294 (locals); INE Padró T=29005 sumat per CCAA
ccaa,06,Cantabria,2018,479,Comerç no en establiment (internet),161,580229,0.277,3.21,False,,INE DIRCE T=294 (locals); INE Padró T=29005 sumat per CCAA
ccaa,06,Cantabria,2019,479,Comerç no en establiment (internet),151,581078,0.26,-6.21,False,,INE DIRCE T=294 (locals); INE Padró T=29005 sumat per CCAA
ccaa,06,Cantabria,2020,479,Comerç no en establiment (internet),151,582905,0.259,0.0,False,,INE DIRCE T=294 (locals); INE Padró T=29005 sumat per CCAA
ccaa,06,Cantabria,2021,479,Comerç no en establiment (internet),169,584507,0.289,11.92,False,,INE DIRCE T=294 (locals); INE Padró T=29005 sumat per CCAA
ccaa,06,Cantabria,2022,479,Comerç no en establiment (internet),169,585402,0.289,0.0,False,,INE DIRCE T=294 (locals); INE Padró T=29005 sumat per CCAA
ccaa,06,Cantabria,2023,479,Comerç no en establiment (internet),163,588419,0.277,-3.55,True,La variació 2022→2023 travessa el trencament de sèrie DIRCE de 2023: no comparable.,INE DIRCE T=294 (locals); INE Padró T=29005 sumat per CCAA
ccaa,06,Cantabria,2024,479,Comerç no en establiment (internet),171,591563,0.289,4.91,False,,INE DIRCE T=294 (locals); INE Padró T=29005 sumat per CCAA
ccaa,06,Cantabria,2025,479,Comerç no en establiment (internet),174,593964,0.293,1.75,False,,INE DIRCE T=294 (locals); INE Padró T=29005 sumat per CCAA
ccaa,07,Castilla y León,2010,47,Comerç al detall (total CNAE 47),34519,2559515,13.487,,False,,INE DIRCE T=294 (locals); INE Padró T=29005 sumat per CCAA
ccaa,07,Castilla y León,2011,47,Comerç al detall (total CNAE 47),33685,2558463,13.166,-2.42,False,,INE DIRCE T=294 (locals); INE Padró T=29005 sumat per CCAA
ccaa,07,Castilla y León,2012,47,Comerç al detall (total CNAE 47),33457,2546078,13.141,-0.68,False,,INE DIRCE T=294 (locals); INE Padró T=29005 sumat per CCAA
ccaa,07,Castilla y León,2013,47,Comerç al detall (total CNAE 47),33155,2519875,13.157,-0.9,False,,INE DIRCE T=294 (locals); INE Padró T=29005 sumat per CCAA
ccaa,07,Castilla y León,2014,47,Comerç al detall (total CNAE 47),32353,2494790,12.968,-2.42,False,,INE DIRCE T=294 (locals); INE Padró T=29005 sumat per CCAA
ccaa,07,Castilla y León,2015,47,Comerç al detall (total CNAE 47),32062,2472052,12.97,-0.9,False,,INE DIRCE T=294 (locals); INE Padró T=29005 sumat per CCAA
ccaa,07,Castilla y León,2016,47,Comerç al detall (total CNAE 47),31384,2447519,12.823,-2.11,False,,INE DIRCE T=294 (locals); INE Padró T=29005 sumat per CCAA
ccaa,07,Castilla y León,2017,47,Comerç al detall (total CNAE 47),31098,2425801,12.82,-0.91,False,,INE DIRCE T=294 (locals); INE Padró T=29005 sumat per CCAA
ccaa,07,Castilla y León,2018,47,Comerç al detall (total CNAE 47),30215,2409164,12.542,-2.84,False,,INE DIRCE T=294 (locals); INE Padró T=29005 sumat per CCAA
ccaa,07,Castilla y León,2019,47,Comerç al detall (total CNAE 47),29592,2399548,12.332,-2.06,False,,INE DIRCE T=294 (locals); INE Padró T=29005 sumat per CCAA
ccaa,07,Castilla y León,2020,47,Comerç al detall (total CNAE 47),28717,2394918,11.991,-2.96,False,,INE DIRCE T=294 (locals); INE Padró T=29005 sumat per CCAA
ccaa,07,Castilla y León,2021,47,Comerç al detall (total CNAE 47),28121,2383139,11.8,-2.08,False,,INE DIRCE T=294 (locals); INE Padró T=29005 sumat per CCAA
ccaa,07,Castilla y León,2022,47,Comerç al detall (total CNAE 47),27891,2372640,11.755,-0.82,False,,INE DIRCE T=294 (locals); INE Padró T=29005 sumat per CCAA
ccaa,07,Castilla y León,2023,47,Comerç al detall (total CNAE 47),26413,2380149,11.097,-5.3,True,La variació 2022→2023 travessa el trencament de sèrie DIRCE de 2023: no comparable.,INE DIRCE T=294 (locals); INE Padró T=29005 sumat per CCAA
ccaa,07,Castilla y León,2024,47,Comerç al detall (total CNAE 47),25796,2388350,10.801,-2.34,False,,INE DIRCE T=294 (locals); INE Padró T=29005 sumat per CCAA
ccaa,07,Castilla y León,2025,47,Comerç al detall (total CNAE 47),25268,2398500,10.535,-2.05,False,,INE DIRCE T=294 (locals); INE Padró T=29005 sumat per CCAA
ccaa,07,Castilla y León,2010,471,Establiments no especialitzats (súper i hiper),5806,2559515,2.268,,False,,INE DIRCE T=294 (locals); INE Padró T=29005 sumat per CCAA
ccaa,07,Castilla y León,2011,471,Establiments no especialitzats (súper i hiper),3856,2558463,1.507,-33.59,False,,INE DIRCE T=294 (locals); INE Padró T=29005 sumat per CCAA
ccaa,07,Castilla y León,2012,471,Establiments no especialitzats (súper i hiper),3812,2546078,1.497,-1.14,False,,INE DIRCE T=294 (locals); INE Padró T=29005 sumat per CCAA
ccaa,07,Castilla y León,2013,471,Establiments no especialitzats (súper i hiper),3760,2519875,1.492,-1.36,False,,INE DIRCE T=294 (locals); INE Padró T=29005 sumat per CCAA
ccaa,07,Castilla y León,2014,471,Establiments no especialitzats (súper i hiper),3727,2494790,1.494,-0.88,False,,INE DIRCE T=294 (locals); INE Padró T=29005 sumat per CCAA
ccaa,07,Castilla y León,2015,471,Establiments no especialitzats (súper i hiper),3708,2472052,1.5,-0.51,False,,INE DIRCE T=294 (locals); INE Padró T=29005 sumat per CCAA
ccaa,07,Castilla y León,2016,471,Establiments no especialitzats (súper i hiper),3699,2447519,1.511,-0.24,False,,INE DIRCE T=294 (locals); INE Padró T=29005 sumat per CCAA
ccaa,07,Castilla y León,2017,471,Establiments no especialitzats (súper i hiper),3624,2425801,1.494,-2.03,False,,INE DIRCE T=294 (locals); INE Padró T=29005 sumat per CCAA
ccaa,07,Castilla y León,2018,471,Establiments no especialitzats (súper i hiper),3473,2409164,1.442,-4.17,False,,INE DIRCE T=294 (locals); INE Padró T=29005 sumat per CCAA
ccaa,07,Castilla y León,2019,471,Establiments no especialitzats (súper i hiper),3513,2399548,1.464,1.15,False,,INE DIRCE T=294 (locals); INE Padró T=29005 sumat per CCAA
ccaa,07,Castilla y León,2020,471,Establiments no especialitzats (súper i hiper),3327,2394918,1.389,-5.29,False,,INE DIRCE T=294 (locals); INE Padró T=29005 sumat per CCAA
ccaa,07,Castilla y León,2021,471,Establiments no especialitzats (súper i hiper),3330,2383139,1.397,0.09,False,,INE DIRCE T=294 (locals); INE Padró T=29005 sumat per CCAA
ccaa,07,Castilla y León,2022,471,Establiments no especialitzats (súper i hiper),3326,2372640,1.402,-0.12,False,,INE DIRCE T=294 (locals); INE Padró T=29005 sumat per CCAA
ccaa,07,Castilla y León,2023,471,Establiments no especialitzats (súper i hiper),3155,2380149,1.326,-5.14,True,La variació 2022→2023 travessa el trencament de sèrie DIRCE de 2023: no comparable.,INE DIRCE T=294 (locals); INE Padró T=29005 sumat per CCAA
ccaa,07,Castilla y León,2024,471,Establiments no especialitzats (súper i hiper),3073,2388350,1.287,-2.6,False,,INE DIRCE T=294 (locals); INE Padró T=29005 sumat per CCAA
ccaa,07,Castilla y León,2025,471,Establiments no especialitzats (súper i hiper),3070,2398500,1.28,-0.1,False,,INE DIRCE T=294 (locals); INE Padró T=29005 sumat per CCAA
ccaa,07,Castilla y León,2010,472,"Aliments, begudes i tabac (especialitzat)",6484,2559515,2.533,,False,,INE DIRCE T=294 (locals); INE Padró T=29005 sumat per CCAA
ccaa,07,Castilla y León,2011,472,"Aliments, begudes i tabac (especialitzat)",7255,2558463,2.836,11.89,False,,INE DIRCE T=294 (locals); INE Padró T=29005 sumat per CCAA
ccaa,07,Castilla y León,2012,472,"Aliments, begudes i tabac (especialitzat)",7187,2546078,2.823,-0.94,False,,INE DIRCE T=294 (locals); INE Padró T=29005 sumat per CCAA
ccaa,07,Castilla y León,2013,472,"Aliments, begudes i tabac (especialitzat)",7234,2519875,2.871,0.65,False,,INE DIRCE T=294 (locals); INE Padró T=29005 sumat per CCAA
ccaa,07,Castilla y León,2014,472,"Aliments, begudes i tabac (especialitzat)",7100,2494790,2.846,-1.85,False,,INE DIRCE T=294 (locals); INE Padró T=29005 sumat per CCAA
ccaa,07,Castilla y León,2015,472,"Aliments, begudes i tabac (especialitzat)",7000,2472052,2.832,-1.41,False,,INE DIRCE T=294 (locals); INE Padró T=29005 sumat per CCAA
ccaa,07,Castilla y León,2016,472,"Aliments, begudes i tabac (especialitzat)",6810,2447519,2.782,-2.71,False,,INE DIRCE T=294 (locals); INE Padró T=29005 sumat per CCAA
ccaa,07,Castilla y León,2017,472,"Aliments, begudes i tabac (especialitzat)",6743,2425801,2.78,-0.98,False,,INE DIRCE T=294 (locals); INE Padró T=29005 sumat per CCAA
ccaa,07,Castilla y León,2018,472,"Aliments, begudes i tabac (especialitzat)",6487,2409164,2.693,-3.8,False,,INE DIRCE T=294 (locals); INE Padró T=29005 sumat per CCAA
ccaa,07,Castilla y León,2019,472,"Aliments, begudes i tabac (especialitzat)",6394,2399548,2.665,-1.43,False,,INE DIRCE T=294 (locals); INE Padró T=29005 sumat per CCAA
ccaa,07,Castilla y León,2020,472,"Aliments, begudes i tabac (especialitzat)",6202,2394918,2.59,-3.0,False,,INE DIRCE T=294 (locals); INE Padró T=29005 sumat per CCAA
ccaa,07,Castilla y León,2021,472,"Aliments, begudes i tabac (especialitzat)",6171,2383139,2.589,-0.5,False,,INE DIRCE T=294 (locals); INE Padró T=29005 sumat per CCAA
ccaa,07,Castilla y León,2022,472,"Aliments, begudes i tabac (especialitzat)",6063,2372640,2.555,-1.75,False,,INE DIRCE T=294 (locals); INE Padró T=29005 sumat per CCAA
ccaa,07,Castilla y León,2023,472,"Aliments, begudes i tabac (especialitzat)",5663,2380149,2.379,-6.6,True,La variació 2022→2023 travessa el trencament de sèrie DIRCE de 2023: no comparable.,INE DIRCE T=294 (locals); INE Padró T=29005 sumat per CCAA
ccaa,07,Castilla y León,2024,472,"Aliments, begudes i tabac (especialitzat)",5454,2388350,2.284,-3.69,False,,INE DIRCE T=294 (locals); INE Padró T=29005 sumat per CCAA
ccaa,07,Castilla y León,2025,472,"Aliments, begudes i tabac (especialitzat)",5299,2398500,2.209,-2.84,False,,INE DIRCE T=294 (locals); INE Padró T=29005 sumat per CCAA
ccaa,07,Castilla y León,2010,473,Combustible (gasolineres),768,2559515,0.3,,False,,INE DIRCE T=294 (locals); INE Padró T=29005 sumat per CCAA
ccaa,07,Castilla y León,2011,473,Combustible (gasolineres),784,2558463,0.306,2.08,False,,INE DIRCE T=294 (locals); INE Padró T=29005 sumat per CCAA
ccaa,07,Castilla y León,2012,473,Combustible (gasolineres),783,2546078,0.308,-0.13,False,,INE DIRCE T=294 (locals); INE Padró T=29005 sumat per CCAA
ccaa,07,Castilla y León,2013,473,Combustible (gasolineres),778,2519875,0.309,-0.64,False,,INE DIRCE T=294 (locals); INE Padró T=29005 sumat per CCAA
ccaa,07,Castilla y León,2014,473,Combustible (gasolineres),774,2494790,0.31,-0.51,False,,INE DIRCE T=294 (locals); INE Padró T=29005 sumat per CCAA
ccaa,07,Castilla y León,2015,473,Combustible (gasolineres),793,2472052,0.321,2.45,False,,INE DIRCE T=294 (locals); INE Padró T=29005 sumat per CCAA
ccaa,07,Castilla y León,2016,473,Combustible (gasolineres),796,2447519,0.325,0.38,False,,INE DIRCE T=294 (locals); INE Padró T=29005 sumat per CCAA
ccaa,07,Castilla y León,2017,473,Combustible (gasolineres),799,2425801,0.329,0.38,False,,INE DIRCE T=294 (locals); INE Padró T=29005 sumat per CCAA
ccaa,07,Castilla y León,2018,473,Combustible (gasolineres),784,2409164,0.325,-1.88,False,,INE DIRCE T=294 (locals); INE Padró T=29005 sumat per CCAA
ccaa,07,Castilla y León,2019,473,Combustible (gasolineres),863,2399548,0.36,10.08,False,,INE DIRCE T=294 (locals); INE Padró T=29005 sumat per CCAA
ccaa,07,Castilla y León,2020,473,Combustible (gasolineres),881,2394918,0.368,2.09,False,,INE DIRCE T=294 (locals); INE Padró T=29005 sumat per CCAA
ccaa,07,Castilla y León,2021,473,Combustible (gasolineres),882,2383139,0.37,0.11,False,,INE DIRCE T=294 (locals); INE Padró T=29005 sumat per CCAA
ccaa,07,Castilla y León,2022,473,Combustible (gasolineres),882,2372640,0.372,0.0,False,,INE DIRCE T=294 (locals); INE Padró T=29005 sumat per CCAA
ccaa,07,Castilla y León,2023,473,Combustible (gasolineres),853,2380149,0.358,-3.29,True,La variació 2022→2023 travessa el trencament de sèrie DIRCE de 2023: no comparable.,INE DIRCE T=294 (locals); INE Padró T=29005 sumat per CCAA
ccaa,07,Castilla y León,2024,473,Combustible (gasolineres),869,2388350,0.364,1.88,False,,INE DIRCE T=294 (locals); INE Padró T=29005 sumat per CCAA
ccaa,07,Castilla y León,2025,473,Combustible (gasolineres),876,2398500,0.365,0.81,False,,INE DIRCE T=294 (locals); INE Padró T=29005 sumat per CCAA
ccaa,07,Castilla y León,2010,474,Equips TIC,791,2559515,0.309,,False,,INE DIRCE T=294 (locals); INE Padró T=29005 sumat per CCAA
ccaa,07,Castilla y León,2011,474,Equips TIC,649,2558463,0.254,-17.95,False,,INE DIRCE T=294 (locals); INE Padró T=29005 sumat per CCAA
ccaa,07,Castilla y León,2012,474,Equips TIC,634,2546078,0.249,-2.31,False,,INE DIRCE T=294 (locals); INE Padró T=29005 sumat per CCAA
ccaa,07,Castilla y León,2013,474,Equips TIC,632,2519875,0.251,-0.32,False,,INE DIRCE T=294 (locals); INE Padró T=29005 sumat per CCAA
ccaa,07,Castilla y León,2014,474,Equips TIC,644,2494790,0.258,1.9,False,,INE DIRCE T=294 (locals); INE Padró T=29005 sumat per CCAA
ccaa,07,Castilla y León,2015,474,Equips TIC,612,2472052,0.248,-4.97,False,,INE DIRCE T=294 (locals); INE Padró T=29005 sumat per CCAA
ccaa,07,Castilla y León,2016,474,Equips TIC,607,2447519,0.248,-0.82,False,,INE DIRCE T=294 (locals); INE Padró T=29005 sumat per CCAA
ccaa,07,Castilla y León,2017,474,Equips TIC,604,2425801,0.249,-0.49,False,,INE DIRCE T=294 (locals); INE Padró T=29005 sumat per CCAA
ccaa,07,Castilla y León,2018,474,Equips TIC,587,2409164,0.244,-2.81,False,,INE DIRCE T=294 (locals); INE Padró T=29005 sumat per CCAA
ccaa,07,Castilla y León,2019,474,Equips TIC,602,2399548,0.251,2.56,False,,INE DIRCE T=294 (locals); INE Padró T=29005 sumat per CCAA
ccaa,07,Castilla y León,2020,474,Equips TIC,571,2394918,0.238,-5.15,False,,INE DIRCE T=294 (locals); INE Padró T=29005 sumat per CCAA
ccaa,07,Castilla y León,2021,474,Equips TIC,571,2383139,0.24,0.0,False,,INE DIRCE T=294 (locals); INE Padró T=29005 sumat per CCAA
ccaa,07,Castilla y León,2022,474,Equips TIC,575,2372640,0.242,0.7,False,,INE DIRCE T=294 (locals); INE Padró T=29005 sumat per CCAA
ccaa,07,Castilla y León,2023,474,Equips TIC,515,2380149,0.216,-10.43,True,La variació 2022→2023 travessa el trencament de sèrie DIRCE de 2023: no comparable.,INE DIRCE T=294 (locals); INE Padró T=29005 sumat per CCAA
ccaa,07,Castilla y León,2024,474,Equips TIC,503,2388350,0.211,-2.33,False,,INE DIRCE T=294 (locals); INE Padró T=29005 sumat per CCAA
ccaa,07,Castilla y León,2025,474,Equips TIC,469,2398500,0.196,-6.76,False,,INE DIRCE T=294 (locals); INE Padró T=29005 sumat per CCAA
ccaa,07,Castilla y León,2010,475,Equipament de la llar,6344,2559515,2.479,,False,,INE DIRCE T=294 (locals); INE Padró T=29005 sumat per CCAA
ccaa,07,Castilla y León,2011,475,Equipament de la llar,6755,2558463,2.64,6.48,False,,INE DIRCE T=294 (locals); INE Padró T=29005 sumat per CCAA
ccaa,07,Castilla y León,2012,475,Equipament de la llar,6654,2546078,2.613,-1.5,False,,INE DIRCE T=294 (locals); INE Padró T=29005 sumat per CCAA
ccaa,07,Castilla y León,2013,475,Equipament de la llar,6447,2519875,2.558,-3.11,False,,INE DIRCE T=294 (locals); INE Padró T=29005 sumat per CCAA
ccaa,07,Castilla y León,2014,475,Equipament de la llar,6191,2494790,2.482,-3.97,False,,INE DIRCE T=294 (locals); INE Padró T=29005 sumat per CCAA
ccaa,07,Castilla y León,2015,475,Equipament de la llar,6047,2472052,2.446,-2.33,False,,INE DIRCE T=294 (locals); INE Padró T=29005 sumat per CCAA
ccaa,07,Castilla y León,2016,475,Equipament de la llar,5852,2447519,2.391,-3.22,False,,INE DIRCE T=294 (locals); INE Padró T=29005 sumat per CCAA
ccaa,07,Castilla y León,2017,475,Equipament de la llar,5634,2425801,2.323,-3.73,False,,INE DIRCE T=294 (locals); INE Padró T=29005 sumat per CCAA
ccaa,07,Castilla y León,2018,475,Equipament de la llar,5375,2409164,2.231,-4.6,False,,INE DIRCE T=294 (locals); INE Padró T=29005 sumat per CCAA
ccaa,07,Castilla y León,2019,475,Equipament de la llar,5133,2399548,2.139,-4.5,False,,INE DIRCE T=294 (locals); INE Padró T=29005 sumat per CCAA
ccaa,07,Castilla y León,2020,475,Equipament de la llar,5000,2394918,2.088,-2.59,False,,INE DIRCE T=294 (locals); INE Padró T=29005 sumat per CCAA
ccaa,07,Castilla y León,2021,475,Equipament de la llar,4861,2383139,2.04,-2.78,False,,INE DIRCE T=294 (locals); INE Padró T=29005 sumat per CCAA
ccaa,07,Castilla y León,2022,475,Equipament de la llar,4832,2372640,2.037,-0.6,False,,INE DIRCE T=294 (locals); INE Padró T=29005 sumat per CCAA
ccaa,07,Castilla y León,2023,475,Equipament de la llar,4639,2380149,1.949,-3.99,True,La variació 2022→2023 travessa el trencament de sèrie DIRCE de 2023: no comparable.,INE DIRCE T=294 (locals); INE Padró T=29005 sumat per CCAA
ccaa,07,Castilla y León,2024,475,Equipament de la llar,4540,2388350,1.901,-2.13,False,,INE DIRCE T=294 (locals); INE Padró T=29005 sumat per CCAA
ccaa,07,Castilla y León,2025,475,Equipament de la llar,4375,2398500,1.824,-3.63,False,,INE DIRCE T=294 (locals); INE Padró T=29005 sumat per CCAA
ccaa,07,Castilla y León,2010,476,Articles culturals i recreatius,2180,2559515,0.852,,False,,INE DIRCE T=294 (locals); INE Padró T=29005 sumat per CCAA
ccaa,07,Castilla y León,2011,476,Articles culturals i recreatius,2326,2558463,0.909,6.7,False,,INE DIRCE T=294 (locals); INE Padró T=29005 sumat per CCAA
ccaa,07,Castilla y León,2012,476,Articles culturals i recreatius,2341,2546078,0.919,0.64,False,,INE DIRCE T=294 (locals); INE Padró T=29005 sumat per CCAA
ccaa,07,Castilla y León,2013,476,Articles culturals i recreatius,2352,2519875,0.933,0.47,False,,INE DIRCE T=294 (locals); INE Padró T=29005 sumat per CCAA
ccaa,07,Castilla y León,2014,476,Articles culturals i recreatius,2282,2494790,0.915,-2.98,False,,INE DIRCE T=294 (locals); INE Padró T=29005 sumat per CCAA
ccaa,07,Castilla y León,2015,476,Articles culturals i recreatius,2222,2472052,0.899,-2.63,False,,INE DIRCE T=294 (locals); INE Padró T=29005 sumat per CCAA
ccaa,07,Castilla y León,2016,476,Articles culturals i recreatius,2132,2447519,0.871,-4.05,False,,INE DIRCE T=294 (locals); INE Padró T=29005 sumat per CCAA
ccaa,07,Castilla y León,2017,476,Articles culturals i recreatius,2128,2425801,0.877,-0.19,False,,INE DIRCE T=294 (locals); INE Padró T=29005 sumat per CCAA
ccaa,07,Castilla y León,2018,476,Articles culturals i recreatius,2077,2409164,0.862,-2.4,False,,INE DIRCE T=294 (locals); INE Padró T=29005 sumat per CCAA
ccaa,07,Castilla y León,2019,476,Articles culturals i recreatius,1889,2399548,0.787,-9.05,False,,INE DIRCE T=294 (locals); INE Padró T=29005 sumat per CCAA
ccaa,07,Castilla y León,2020,476,Articles culturals i recreatius,1837,2394918,0.767,-2.75,False,,INE DIRCE T=294 (locals); INE Padró T=29005 sumat per CCAA
ccaa,07,Castilla y León,2021,476,Articles culturals i recreatius,1746,2383139,0.733,-4.95,False,,INE DIRCE T=294 (locals); INE Padró T=29005 sumat per CCAA
ccaa,07,Castilla y León,2022,476,Articles culturals i recreatius,1682,2372640,0.709,-3.67,False,,INE DIRCE T=294 (locals); INE Padró T=29005 sumat per CCAA
ccaa,07,Castilla y León,2023,476,Articles culturals i recreatius,1595,2380149,0.67,-5.17,True,La variació 2022→2023 travessa el trencament de sèrie DIRCE de 2023: no comparable.,INE DIRCE T=294 (locals); INE Padró T=29005 sumat per CCAA
ccaa,07,Castilla y León,2024,476,Articles culturals i recreatius,1536,2388350,0.643,-3.7,False,,INE DIRCE T=294 (locals); INE Padró T=29005 sumat per CCAA
ccaa,07,Castilla y León,2025,476,Articles culturals i recreatius,1501,2398500,0.626,-2.28,False,,INE DIRCE T=294 (locals); INE Padró T=29005 sumat per CCAA
ccaa,07,Castilla y León,2010,477,"Altres articles (moda, calçat, etc.)",9823,2559515,3.838,,False,,INE DIRCE T=294 (locals); INE Padró T=29005 sumat per CCAA
ccaa,07,Castilla y León,2011,477,"Altres articles (moda, calçat, etc.)",9821,2558463,3.839,-0.02,False,,INE DIRCE T=294 (locals); INE Padró T=29005 sumat per CCAA
ccaa,07,Castilla y León,2012,477,"Altres articles (moda, calçat, etc.)",9734,2546078,3.823,-0.89,False,,INE DIRCE T=294 (locals); INE Padró T=29005 sumat per CCAA
ccaa,07,Castilla y León,2013,477,"Altres articles (moda, calçat, etc.)",9614,2519875,3.815,-1.23,False,,INE DIRCE T=294 (locals); INE Padró T=29005 sumat per CCAA
ccaa,07,Castilla y León,2014,477,"Altres articles (moda, calçat, etc.)",9357,2494790,3.751,-2.67,False,,INE DIRCE T=294 (locals); INE Padró T=29005 sumat per CCAA
ccaa,07,Castilla y León,2015,477,"Altres articles (moda, calçat, etc.)",9300,2472052,3.762,-0.61,False,,INE DIRCE T=294 (locals); INE Padró T=29005 sumat per CCAA
ccaa,07,Castilla y León,2016,477,"Altres articles (moda, calçat, etc.)",9140,2447519,3.734,-1.72,False,,INE DIRCE T=294 (locals); INE Padró T=29005 sumat per CCAA
ccaa,07,Castilla y León,2017,477,"Altres articles (moda, calçat, etc.)",9206,2425801,3.795,0.72,False,,INE DIRCE T=294 (locals); INE Padró T=29005 sumat per CCAA
ccaa,07,Castilla y León,2018,477,"Altres articles (moda, calçat, etc.)",9113,2409164,3.783,-1.01,False,,INE DIRCE T=294 (locals); INE Padró T=29005 sumat per CCAA
ccaa,07,Castilla y León,2019,477,"Altres articles (moda, calçat, etc.)",8982,2399548,3.743,-1.44,False,,INE DIRCE T=294 (locals); INE Padró T=29005 sumat per CCAA
ccaa,07,Castilla y León,2020,477,"Altres articles (moda, calçat, etc.)",8691,2394918,3.629,-3.24,False,,INE DIRCE T=294 (locals); INE Padró T=29005 sumat per CCAA
ccaa,07,Castilla y León,2021,477,"Altres articles (moda, calçat, etc.)",8419,2383139,3.533,-3.13,False,,INE DIRCE T=294 (locals); INE Padró T=29005 sumat per CCAA
ccaa,07,Castilla y León,2022,477,"Altres articles (moda, calçat, etc.)",8382,2372640,3.533,-0.44,False,,INE DIRCE T=294 (locals); INE Padró T=29005 sumat per CCAA
ccaa,07,Castilla y León,2023,477,"Altres articles (moda, calçat, etc.)",7987,2380149,3.356,-4.71,True,La variació 2022→2023 travessa el trencament de sèrie DIRCE de 2023: no comparable.,INE DIRCE T=294 (locals); INE Padró T=29005 sumat per CCAA
ccaa,07,Castilla y León,2024,477,"Altres articles (moda, calçat, etc.)",7803,2388350,3.267,-2.3,False,,INE DIRCE T=294 (locals); INE Padró T=29005 sumat per CCAA
ccaa,07,Castilla y León,2025,477,"Altres articles (moda, calçat, etc.)",7679,2398500,3.202,-1.59,False,,INE DIRCE T=294 (locals); INE Padró T=29005 sumat per CCAA
ccaa,07,Castilla y León,2010,478,Punts de venda i mercadillos,1790,2559515,0.699,,False,,INE DIRCE T=294 (locals); INE Padró T=29005 sumat per CCAA
ccaa,07,Castilla y León,2011,478,Punts de venda i mercadillos,1725,2558463,0.674,-3.63,False,,INE DIRCE T=294 (locals); INE Padró T=29005 sumat per CCAA
ccaa,07,Castilla y León,2012,478,Punts de venda i mercadillos,1766,2546078,0.694,2.38,False,,INE DIRCE T=294 (locals); INE Padró T=29005 sumat per CCAA
ccaa,07,Castilla y León,2013,478,Punts de venda i mercadillos,1774,2519875,0.704,0.45,False,,INE DIRCE T=294 (locals); INE Padró T=29005 sumat per CCAA
ccaa,07,Castilla y León,2014,478,Punts de venda i mercadillos,1730,2494790,0.693,-2.48,False,,INE DIRCE T=294 (locals); INE Padró T=29005 sumat per CCAA
ccaa,07,Castilla y León,2015,478,Punts de venda i mercadillos,1809,2472052,0.732,4.57,False,,INE DIRCE T=294 (locals); INE Padró T=29005 sumat per CCAA
ccaa,07,Castilla y León,2016,478,Punts de venda i mercadillos,1777,2447519,0.726,-1.77,False,,INE DIRCE T=294 (locals); INE Padró T=29005 sumat per CCAA
ccaa,07,Castilla y León,2017,478,Punts de venda i mercadillos,1795,2425801,0.74,1.01,False,,INE DIRCE T=294 (locals); INE Padró T=29005 sumat per CCAA
ccaa,07,Castilla y León,2018,478,Punts de venda i mercadillos,1752,2409164,0.727,-2.4,False,,INE DIRCE T=294 (locals); INE Padró T=29005 sumat per CCAA
ccaa,07,Castilla y León,2019,478,Punts de venda i mercadillos,1653,2399548,0.689,-5.65,False,,INE DIRCE T=294 (locals); INE Padró T=29005 sumat per CCAA
ccaa,07,Castilla y León,2020,478,Punts de venda i mercadillos,1608,2394918,0.671,-2.72,False,,INE DIRCE T=294 (locals); INE Padró T=29005 sumat per CCAA
ccaa,07,Castilla y León,2021,478,Punts de venda i mercadillos,1512,2383139,0.634,-5.97,False,,INE DIRCE T=294 (locals); INE Padró T=29005 sumat per CCAA
ccaa,07,Castilla y León,2022,478,Punts de venda i mercadillos,1492,2372640,0.629,-1.32,False,,INE DIRCE T=294 (locals); INE Padró T=29005 sumat per CCAA
ccaa,07,Castilla y León,2023,478,Punts de venda i mercadillos,1397,2380149,0.587,-6.37,True,La variació 2022→2023 travessa el trencament de sèrie DIRCE de 2023: no comparable.,INE DIRCE T=294 (locals); INE Padró T=29005 sumat per CCAA
ccaa,07,Castilla y León,2024,478,Punts de venda i mercadillos,1363,2388350,0.571,-2.43,False,,INE DIRCE T=294 (locals); INE Padró T=29005 sumat per CCAA
ccaa,07,Castilla y León,2025,478,Punts de venda i mercadillos,1308,2398500,0.545,-4.04,False,,INE DIRCE T=294 (locals); INE Padró T=29005 sumat per CCAA
ccaa,07,Castilla y León,2010,479,Comerç no en establiment (internet),533,2559515,0.208,,False,,INE DIRCE T=294 (locals); INE Padró T=29005 sumat per CCAA
ccaa,07,Castilla y León,2011,479,Comerç no en establiment (internet),514,2558463,0.201,-3.56,False,,INE DIRCE T=294 (locals); INE Padró T=29005 sumat per CCAA
ccaa,07,Castilla y León,2012,479,Comerç no en establiment (internet),546,2546078,0.214,6.23,False,,INE DIRCE T=294 (locals); INE Padró T=29005 sumat per CCAA
ccaa,07,Castilla y León,2013,479,Comerç no en establiment (internet),564,2519875,0.224,3.3,False,,INE DIRCE T=294 (locals); INE Padró T=29005 sumat per CCAA
ccaa,07,Castilla y León,2014,479,Comerç no en establiment (internet),548,2494790,0.22,-2.84,False,,INE DIRCE T=294 (locals); INE Padró T=29005 sumat per CCAA
ccaa,07,Castilla y León,2015,479,Comerç no en establiment (internet),571,2472052,0.231,4.2,False,,INE DIRCE T=294 (locals); INE Padró T=29005 sumat per CCAA
ccaa,07,Castilla y León,2016,479,Comerç no en establiment (internet),571,2447519,0.233,0.0,False,,INE DIRCE T=294 (locals); INE Padró T=29005 sumat per CCAA
ccaa,07,Castilla y León,2017,479,Comerç no en establiment (internet),565,2425801,0.233,-1.05,False,,INE DIRCE T=294 (locals); INE Padró T=29005 sumat per CCAA
ccaa,07,Castilla y León,2018,479,Comerç no en establiment (internet),567,2409164,0.235,0.35,False,,INE DIRCE T=294 (locals); INE Padró T=29005 sumat per CCAA
ccaa,07,Castilla y León,2019,479,Comerç no en establiment (internet),563,2399548,0.235,-0.71,False,,INE DIRCE T=294 (locals); INE Padró T=29005 sumat per CCAA
ccaa,07,Castilla y León,2020,479,Comerç no en establiment (internet),600,2394918,0.251,6.57,False,,INE DIRCE T=294 (locals); INE Padró T=29005 sumat per CCAA
ccaa,07,Castilla y León,2021,479,Comerç no en establiment (internet),629,2383139,0.264,4.83,False,,INE DIRCE T=294 (locals); INE Padró T=29005 sumat per CCAA
ccaa,07,Castilla y León,2022,479,Comerç no en establiment (internet),657,2372640,0.277,4.45,False,,INE DIRCE T=294 (locals); INE Padró T=29005 sumat per CCAA
ccaa,07,Castilla y León,2023,479,Comerç no en establiment (internet),609,2380149,0.256,-7.31,True,La variació 2022→2023 travessa el trencament de sèrie DIRCE de 2023: no comparable.,INE DIRCE T=294 (locals); INE Padró T=29005 sumat per CCAA
ccaa,07,Castilla y León,2024,479,Comerç no en establiment (internet),655,2388350,0.274,7.55,False,,INE DIRCE T=294 (locals); INE Padró T=29005 sumat per CCAA
ccaa,07,Castilla y León,2025,479,Comerç no en establiment (internet),691,2398500,0.288,5.5,False,,INE DIRCE T=294 (locals); INE Padró T=29005 sumat per CCAA
ccaa,08,Castilla - La Mancha,2010,47,Comerç al detall (total CNAE 47),27106,2098373,12.918,,False,,INE DIRCE T=294 (locals); INE Padró T=29005 sumat per CCAA
ccaa,08,Castilla - La Mancha,2011,47,Comerç al detall (total CNAE 47),26802,2115334,12.67,-1.12,False,,INE DIRCE T=294 (locals); INE Padró T=29005 sumat per CCAA
ccaa,08,Castilla - La Mancha,2012,47,Comerç al detall (total CNAE 47),26711,2121888,12.588,-0.34,False,,INE DIRCE T=294 (locals); INE Padró T=29005 sumat per CCAA
ccaa,08,Castilla - La Mancha,2013,47,Comerç al detall (total CNAE 47),26490,2100998,12.608,-0.83,False,,INE DIRCE T=294 (locals); INE Padró T=29005 sumat per CCAA
ccaa,08,Castilla - La Mancha,2014,47,Comerç al detall (total CNAE 47),26137,2078611,12.574,-1.33,False,,INE DIRCE T=294 (locals); INE Padró T=29005 sumat per CCAA
ccaa,08,Castilla - La Mancha,2015,47,Comerç al detall (total CNAE 47),26162,2059191,12.705,0.1,False,,INE DIRCE T=294 (locals); INE Padró T=29005 sumat per CCAA
ccaa,08,Castilla - La Mancha,2016,47,Comerç al detall (total CNAE 47),25610,2041631,12.544,-2.11,False,,INE DIRCE T=294 (locals); INE Padró T=29005 sumat per CCAA
ccaa,08,Castilla - La Mancha,2017,47,Comerç al detall (total CNAE 47),25174,2031479,12.392,-1.7,False,,INE DIRCE T=294 (locals); INE Padró T=29005 sumat per CCAA
ccaa,08,Castilla - La Mancha,2018,47,Comerç al detall (total CNAE 47),24683,2026807,12.178,-1.95,False,,INE DIRCE T=294 (locals); INE Padró T=29005 sumat per CCAA
ccaa,08,Castilla - La Mancha,2019,47,Comerç al detall (total CNAE 47),24339,2032863,11.973,-1.39,False,,INE DIRCE T=294 (locals); INE Padró T=29005 sumat per CCAA
ccaa,08,Castilla - La Mancha,2020,47,Comerç al detall (total CNAE 47),23714,2045221,11.595,-2.57,False,,INE DIRCE T=294 (locals); INE Padró T=29005 sumat per CCAA
ccaa,08,Castilla - La Mancha,2021,47,Comerç al detall (total CNAE 47),23447,2049562,11.44,-1.13,False,,INE DIRCE T=294 (locals); INE Padró T=29005 sumat per CCAA
ccaa,08,Castilla - La Mancha,2022,47,Comerç al detall (total CNAE 47),23442,2053328,11.417,-0.02,False,,INE DIRCE T=294 (locals); INE Padró T=29005 sumat per CCAA
ccaa,08,Castilla - La Mancha,2023,47,Comerç al detall (total CNAE 47),22026,2078534,10.597,-6.04,True,La variació 2022→2023 travessa el trencament de sèrie DIRCE de 2023: no comparable.,INE DIRCE T=294 (locals); INE Padró T=29005 sumat per CCAA
ccaa,08,Castilla - La Mancha,2024,47,Comerç al detall (total CNAE 47),21628,2098853,10.305,-1.81,False,,INE DIRCE T=294 (locals); INE Padró T=29005 sumat per CCAA
ccaa,08,Castilla - La Mancha,2025,47,Comerç al detall (total CNAE 47),21201,2119234,10.004,-1.97,False,,INE DIRCE T=294 (locals); INE Padró T=29005 sumat per CCAA
ccaa,08,Castilla - La Mancha,2010,471,Establiments no especialitzats (súper i hiper),5345,2098373,2.547,,False,,INE DIRCE T=294 (locals); INE Padró T=29005 sumat per CCAA
ccaa,08,Castilla - La Mancha,2011,471,Establiments no especialitzats (súper i hiper),3609,2115334,1.706,-32.48,False,,INE DIRCE T=294 (locals); INE Padró T=29005 sumat per CCAA
ccaa,08,Castilla - La Mancha,2012,471,Establiments no especialitzats (súper i hiper),3596,2121888,1.695,-0.36,False,,INE DIRCE T=294 (locals); INE Padró T=29005 sumat per CCAA
ccaa,08,Castilla - La Mancha,2013,471,Establiments no especialitzats (súper i hiper),3631,2100998,1.728,0.97,False,,INE DIRCE T=294 (locals); INE Padró T=29005 sumat per CCAA
ccaa,08,Castilla - La Mancha,2014,471,Establiments no especialitzats (súper i hiper),3645,2078611,1.754,0.39,False,,INE DIRCE T=294 (locals); INE Padró T=29005 sumat per CCAA
ccaa,08,Castilla - La Mancha,2015,471,Establiments no especialitzats (súper i hiper),3669,2059191,1.782,0.66,False,,INE DIRCE T=294 (locals); INE Padró T=29005 sumat per CCAA
ccaa,08,Castilla - La Mancha,2016,471,Establiments no especialitzats (súper i hiper),3488,2041631,1.708,-4.93,False,,INE DIRCE T=294 (locals); INE Padró T=29005 sumat per CCAA
ccaa,08,Castilla - La Mancha,2017,471,Establiments no especialitzats (súper i hiper),3439,2031479,1.693,-1.4,False,,INE DIRCE T=294 (locals); INE Padró T=29005 sumat per CCAA
ccaa,08,Castilla - La Mancha,2018,471,Establiments no especialitzats (súper i hiper),3341,2026807,1.648,-2.85,False,,INE DIRCE T=294 (locals); INE Padró T=29005 sumat per CCAA
ccaa,08,Castilla - La Mancha,2019,471,Establiments no especialitzats (súper i hiper),3417,2032863,1.681,2.27,False,,INE DIRCE T=294 (locals); INE Padró T=29005 sumat per CCAA
ccaa,08,Castilla - La Mancha,2020,471,Establiments no especialitzats (súper i hiper),3193,2045221,1.561,-6.56,False,,INE DIRCE T=294 (locals); INE Padró T=29005 sumat per CCAA
ccaa,08,Castilla - La Mancha,2021,471,Establiments no especialitzats (súper i hiper),3151,2049562,1.537,-1.32,False,,INE DIRCE T=294 (locals); INE Padró T=29005 sumat per CCAA
ccaa,08,Castilla - La Mancha,2022,471,Establiments no especialitzats (súper i hiper),3146,2053328,1.532,-0.16,False,,INE DIRCE T=294 (locals); INE Padró T=29005 sumat per CCAA
ccaa,08,Castilla - La Mancha,2023,471,Establiments no especialitzats (súper i hiper),3020,2078534,1.453,-4.01,True,La variació 2022→2023 travessa el trencament de sèrie DIRCE de 2023: no comparable.,INE DIRCE T=294 (locals); INE Padró T=29005 sumat per CCAA
ccaa,08,Castilla - La Mancha,2024,471,Establiments no especialitzats (súper i hiper),2981,2098853,1.42,-1.29,False,,INE DIRCE T=294 (locals); INE Padró T=29005 sumat per CCAA
ccaa,08,Castilla - La Mancha,2025,471,Establiments no especialitzats (súper i hiper),2999,2119234,1.415,0.6,False,,INE DIRCE T=294 (locals); INE Padró T=29005 sumat per CCAA
ccaa,08,Castilla - La Mancha,2010,472,"Aliments, begudes i tabac (especialitzat)",4256,2098373,2.028,,False,,INE DIRCE T=294 (locals); INE Padró T=29005 sumat per CCAA
ccaa,08,Castilla - La Mancha,2011,472,"Aliments, begudes i tabac (especialitzat)",5064,2115334,2.394,18.98,False,,INE DIRCE T=294 (locals); INE Padró T=29005 sumat per CCAA
ccaa,08,Castilla - La Mancha,2012,472,"Aliments, begudes i tabac (especialitzat)",5085,2121888,2.396,0.41,False,,INE DIRCE T=294 (locals); INE Padró T=29005 sumat per CCAA
ccaa,08,Castilla - La Mancha,2013,472,"Aliments, begudes i tabac (especialitzat)",5087,2100998,2.421,0.04,False,,INE DIRCE T=294 (locals); INE Padró T=29005 sumat per CCAA
ccaa,08,Castilla - La Mancha,2014,472,"Aliments, begudes i tabac (especialitzat)",4974,2078611,2.393,-2.22,False,,INE DIRCE T=294 (locals); INE Padró T=29005 sumat per CCAA
ccaa,08,Castilla - La Mancha,2015,472,"Aliments, begudes i tabac (especialitzat)",4952,2059191,2.405,-0.44,False,,INE DIRCE T=294 (locals); INE Padró T=29005 sumat per CCAA
ccaa,08,Castilla - La Mancha,2016,472,"Aliments, begudes i tabac (especialitzat)",4853,2041631,2.377,-2.0,False,,INE DIRCE T=294 (locals); INE Padró T=29005 sumat per CCAA
ccaa,08,Castilla - La Mancha,2017,472,"Aliments, begudes i tabac (especialitzat)",4783,2031479,2.354,-1.44,False,,INE DIRCE T=294 (locals); INE Padró T=29005 sumat per CCAA
ccaa,08,Castilla - La Mancha,2018,472,"Aliments, begudes i tabac (especialitzat)",4675,2026807,2.307,-2.26,False,,INE DIRCE T=294 (locals); INE Padró T=29005 sumat per CCAA
ccaa,08,Castilla - La Mancha,2019,472,"Aliments, begudes i tabac (especialitzat)",4516,2032863,2.221,-3.4,False,,INE DIRCE T=294 (locals); INE Padró T=29005 sumat per CCAA
ccaa,08,Castilla - La Mancha,2020,472,"Aliments, begudes i tabac (especialitzat)",4369,2045221,2.136,-3.26,False,,INE DIRCE T=294 (locals); INE Padró T=29005 sumat per CCAA
ccaa,08,Castilla - La Mancha,2021,472,"Aliments, begudes i tabac (especialitzat)",4446,2049562,2.169,1.76,False,,INE DIRCE T=294 (locals); INE Padró T=29005 sumat per CCAA
ccaa,08,Castilla - La Mancha,2022,472,"Aliments, begudes i tabac (especialitzat)",4399,2053328,2.142,-1.06,False,,INE DIRCE T=294 (locals); INE Padró T=29005 sumat per CCAA
ccaa,08,Castilla - La Mancha,2023,472,"Aliments, begudes i tabac (especialitzat)",4079,2078534,1.962,-7.27,True,La variació 2022→2023 travessa el trencament de sèrie DIRCE de 2023: no comparable.,INE DIRCE T=294 (locals); INE Padró T=29005 sumat per CCAA
ccaa,08,Castilla - La Mancha,2024,472,"Aliments, begudes i tabac (especialitzat)",3959,2098853,1.886,-2.94,False,,INE DIRCE T=294 (locals); INE Padró T=29005 sumat per CCAA
ccaa,08,Castilla - La Mancha,2025,472,"Aliments, begudes i tabac (especialitzat)",3816,2119234,1.801,-3.61,False,,INE DIRCE T=294 (locals); INE Padró T=29005 sumat per CCAA
ccaa,08,Castilla - La Mancha,2010,473,Combustible (gasolineres),721,2098373,0.344,,False,,INE DIRCE T=294 (locals); INE Padró T=29005 sumat per CCAA
ccaa,08,Castilla - La Mancha,2011,473,Combustible (gasolineres),749,2115334,0.354,3.88,False,,INE DIRCE T=294 (locals); INE Padró T=29005 sumat per CCAA
ccaa,08,Castilla - La Mancha,2012,473,Combustible (gasolineres),770,2121888,0.363,2.8,False,,INE DIRCE T=294 (locals); INE Padró T=29005 sumat per CCAA
ccaa,08,Castilla - La Mancha,2013,473,Combustible (gasolineres),785,2100998,0.374,1.95,False,,INE DIRCE T=294 (locals); INE Padró T=29005 sumat per CCAA
ccaa,08,Castilla - La Mancha,2014,473,Combustible (gasolineres),783,2078611,0.377,-0.25,False,,INE DIRCE T=294 (locals); INE Padró T=29005 sumat per CCAA
ccaa,08,Castilla - La Mancha,2015,473,Combustible (gasolineres),791,2059191,0.384,1.02,False,,INE DIRCE T=294 (locals); INE Padró T=29005 sumat per CCAA
ccaa,08,Castilla - La Mancha,2016,473,Combustible (gasolineres),780,2041631,0.382,-1.39,False,,INE DIRCE T=294 (locals); INE Padró T=29005 sumat per CCAA
ccaa,08,Castilla - La Mancha,2017,473,Combustible (gasolineres),775,2031479,0.381,-0.64,False,,INE DIRCE T=294 (locals); INE Padró T=29005 sumat per CCAA
ccaa,08,Castilla - La Mancha,2018,473,Combustible (gasolineres),754,2026807,0.372,-2.71,False,,INE DIRCE T=294 (locals); INE Padró T=29005 sumat per CCAA
ccaa,08,Castilla - La Mancha,2019,473,Combustible (gasolineres),813,2032863,0.4,7.82,False,,INE DIRCE T=294 (locals); INE Padró T=29005 sumat per CCAA
ccaa,08,Castilla - La Mancha,2020,473,Combustible (gasolineres),781,2045221,0.382,-3.94,False,,INE DIRCE T=294 (locals); INE Padró T=29005 sumat per CCAA
ccaa,08,Castilla - La Mancha,2021,473,Combustible (gasolineres),766,2049562,0.374,-1.92,False,,INE DIRCE T=294 (locals); INE Padró T=29005 sumat per CCAA
ccaa,08,Castilla - La Mancha,2022,473,Combustible (gasolineres),769,2053328,0.375,0.39,False,,INE DIRCE T=294 (locals); INE Padró T=29005 sumat per CCAA
ccaa,08,Castilla - La Mancha,2023,473,Combustible (gasolineres),770,2078534,0.37,0.13,True,La variació 2022→2023 travessa el trencament de sèrie DIRCE de 2023: no comparable.,INE DIRCE T=294 (locals); INE Padró T=29005 sumat per CCAA
ccaa,08,Castilla - La Mancha,2024,473,Combustible (gasolineres),794,2098853,0.378,3.12,False,,INE DIRCE T=294 (locals); INE Padró T=29005 sumat per CCAA
ccaa,08,Castilla - La Mancha,2025,473,Combustible (gasolineres),808,2119234,0.381,1.76,False,,INE DIRCE T=294 (locals); INE Padró T=29005 sumat per CCAA
ccaa,08,Castilla - La Mancha,2010,474,Equips TIC,581,2098373,0.277,,False,,INE DIRCE T=294 (locals); INE Padró T=29005 sumat per CCAA
ccaa,08,Castilla - La Mancha,2011,474,Equips TIC,513,2115334,0.243,-11.7,False,,INE DIRCE T=294 (locals); INE Padró T=29005 sumat per CCAA
ccaa,08,Castilla - La Mancha,2012,474,Equips TIC,516,2121888,0.243,0.58,False,,INE DIRCE T=294 (locals); INE Padró T=29005 sumat per CCAA
ccaa,08,Castilla - La Mancha,2013,474,Equips TIC,513,2100998,0.244,-0.58,False,,INE DIRCE T=294 (locals); INE Padró T=29005 sumat per CCAA
ccaa,08,Castilla - La Mancha,2014,474,Equips TIC,501,2078611,0.241,-2.34,False,,INE DIRCE T=294 (locals); INE Padró T=29005 sumat per CCAA
ccaa,08,Castilla - La Mancha,2015,474,Equips TIC,499,2059191,0.242,-0.4,False,,INE DIRCE T=294 (locals); INE Padró T=29005 sumat per CCAA
ccaa,08,Castilla - La Mancha,2016,474,Equips TIC,494,2041631,0.242,-1.0,False,,INE DIRCE T=294 (locals); INE Padró T=29005 sumat per CCAA
ccaa,08,Castilla - La Mancha,2017,474,Equips TIC,481,2031479,0.237,-2.63,False,,INE DIRCE T=294 (locals); INE Padró T=29005 sumat per CCAA
ccaa,08,Castilla - La Mancha,2018,474,Equips TIC,485,2026807,0.239,0.83,False,,INE DIRCE T=294 (locals); INE Padró T=29005 sumat per CCAA
ccaa,08,Castilla - La Mancha,2019,474,Equips TIC,497,2032863,0.244,2.47,False,,INE DIRCE T=294 (locals); INE Padró T=29005 sumat per CCAA
ccaa,08,Castilla - La Mancha,2020,474,Equips TIC,476,2045221,0.233,-4.23,False,,INE DIRCE T=294 (locals); INE Padró T=29005 sumat per CCAA
ccaa,08,Castilla - La Mancha,2021,474,Equips TIC,445,2049562,0.217,-6.51,False,,INE DIRCE T=294 (locals); INE Padró T=29005 sumat per CCAA
ccaa,08,Castilla - La Mancha,2022,474,Equips TIC,425,2053328,0.207,-4.49,False,,INE DIRCE T=294 (locals); INE Padró T=29005 sumat per CCAA
ccaa,08,Castilla - La Mancha,2023,474,Equips TIC,382,2078534,0.184,-10.12,True,La variació 2022→2023 travessa el trencament de sèrie DIRCE de 2023: no comparable.,INE DIRCE T=294 (locals); INE Padró T=29005 sumat per CCAA
ccaa,08,Castilla - La Mancha,2024,474,Equips TIC,345,2098853,0.164,-9.69,False,,INE DIRCE T=294 (locals); INE Padró T=29005 sumat per CCAA
ccaa,08,Castilla - La Mancha,2025,474,Equips TIC,334,2119234,0.158,-3.19,False,,INE DIRCE T=294 (locals); INE Padró T=29005 sumat per CCAA
ccaa,08,Castilla - La Mancha,2010,475,Equipament de la llar,4739,2098373,2.258,,False,,INE DIRCE T=294 (locals); INE Padró T=29005 sumat per CCAA
ccaa,08,Castilla - La Mancha,2011,475,Equipament de la llar,5235,2115334,2.475,10.47,False,,INE DIRCE T=294 (locals); INE Padró T=29005 sumat per CCAA
ccaa,08,Castilla - La Mancha,2012,475,Equipament de la llar,5149,2121888,2.427,-1.64,False,,INE DIRCE T=294 (locals); INE Padró T=29005 sumat per CCAA
ccaa,08,Castilla - La Mancha,2013,475,Equipament de la llar,5057,2100998,2.407,-1.79,False,,INE DIRCE T=294 (locals); INE Padró T=29005 sumat per CCAA
ccaa,08,Castilla - La Mancha,2014,475,Equipament de la llar,4923,2078611,2.368,-2.65,False,,INE DIRCE T=294 (locals); INE Padró T=29005 sumat per CCAA
ccaa,08,Castilla - La Mancha,2015,475,Equipament de la llar,4897,2059191,2.378,-0.53,False,,INE DIRCE T=294 (locals); INE Padró T=29005 sumat per CCAA
ccaa,08,Castilla - La Mancha,2016,475,Equipament de la llar,4741,2041631,2.322,-3.19,False,,INE DIRCE T=294 (locals); INE Padró T=29005 sumat per CCAA
ccaa,08,Castilla - La Mancha,2017,475,Equipament de la llar,4523,2031479,2.226,-4.6,False,,INE DIRCE T=294 (locals); INE Padró T=29005 sumat per CCAA
ccaa,08,Castilla - La Mancha,2018,475,Equipament de la llar,4396,2026807,2.169,-2.81,False,,INE DIRCE T=294 (locals); INE Padró T=29005 sumat per CCAA
ccaa,08,Castilla - La Mancha,2019,475,Equipament de la llar,4194,2032863,2.063,-4.6,False,,INE DIRCE T=294 (locals); INE Padró T=29005 sumat per CCAA
ccaa,08,Castilla - La Mancha,2020,475,Equipament de la llar,4098,2045221,2.004,-2.29,False,,INE DIRCE T=294 (locals); INE Padró T=29005 sumat per CCAA
ccaa,08,Castilla - La Mancha,2021,475,Equipament de la llar,3992,2049562,1.948,-2.59,False,,INE DIRCE T=294 (locals); INE Padró T=29005 sumat per CCAA
ccaa,08,Castilla - La Mancha,2022,475,Equipament de la llar,3989,2053328,1.943,-0.08,False,,INE DIRCE T=294 (locals); INE Padró T=29005 sumat per CCAA
ccaa,08,Castilla - La Mancha,2023,475,Equipament de la llar,3703,2078534,1.782,-7.17,True,La variació 2022→2023 travessa el trencament de sèrie DIRCE de 2023: no comparable.,INE DIRCE T=294 (locals); INE Padró T=29005 sumat per CCAA
ccaa,08,Castilla - La Mancha,2024,475,Equipament de la llar,3656,2098853,1.742,-1.27,False,,INE DIRCE T=294 (locals); INE Padró T=29005 sumat per CCAA
ccaa,08,Castilla - La Mancha,2025,475,Equipament de la llar,3552,2119234,1.676,-2.84,False,,INE DIRCE T=294 (locals); INE Padró T=29005 sumat per CCAA
ccaa,08,Castilla - La Mancha,2010,476,Articles culturals i recreatius,1286,2098373,0.613,,False,,INE DIRCE T=294 (locals); INE Padró T=29005 sumat per CCAA
ccaa,08,Castilla - La Mancha,2011,476,Articles culturals i recreatius,1504,2115334,0.711,16.95,False,,INE DIRCE T=294 (locals); INE Padró T=29005 sumat per CCAA
ccaa,08,Castilla - La Mancha,2012,476,Articles culturals i recreatius,1514,2121888,0.714,0.66,False,,INE DIRCE T=294 (locals); INE Padró T=29005 sumat per CCAA
ccaa,08,Castilla - La Mancha,2013,476,Articles culturals i recreatius,1507,2100998,0.717,-0.46,False,,INE DIRCE T=294 (locals); INE Padró T=29005 sumat per CCAA
ccaa,08,Castilla - La Mancha,2014,476,Articles culturals i recreatius,1476,2078611,0.71,-2.06,False,,INE DIRCE T=294 (locals); INE Padró T=29005 sumat per CCAA
ccaa,08,Castilla - La Mancha,2015,476,Articles culturals i recreatius,1492,2059191,0.725,1.08,False,,INE DIRCE T=294 (locals); INE Padró T=29005 sumat per CCAA
ccaa,08,Castilla - La Mancha,2016,476,Articles culturals i recreatius,1437,2041631,0.704,-3.69,False,,INE DIRCE T=294 (locals); INE Padró T=29005 sumat per CCAA
ccaa,08,Castilla - La Mancha,2017,476,Articles culturals i recreatius,1397,2031479,0.688,-2.78,False,,INE DIRCE T=294 (locals); INE Padró T=29005 sumat per CCAA
ccaa,08,Castilla - La Mancha,2018,476,Articles culturals i recreatius,1365,2026807,0.673,-2.29,False,,INE DIRCE T=294 (locals); INE Padró T=29005 sumat per CCAA
ccaa,08,Castilla - La Mancha,2019,476,Articles culturals i recreatius,1240,2032863,0.61,-9.16,False,,INE DIRCE T=294 (locals); INE Padró T=29005 sumat per CCAA
ccaa,08,Castilla - La Mancha,2020,476,Articles culturals i recreatius,1208,2045221,0.591,-2.58,False,,INE DIRCE T=294 (locals); INE Padró T=29005 sumat per CCAA
ccaa,08,Castilla - La Mancha,2021,476,Articles culturals i recreatius,1167,2049562,0.569,-3.39,False,,INE DIRCE T=294 (locals); INE Padró T=29005 sumat per CCAA
ccaa,08,Castilla - La Mancha,2022,476,Articles culturals i recreatius,1158,2053328,0.564,-0.77,False,,INE DIRCE T=294 (locals); INE Padró T=29005 sumat per CCAA
ccaa,08,Castilla - La Mancha,2023,476,Articles culturals i recreatius,1118,2078534,0.538,-3.45,True,La variació 2022→2023 travessa el trencament de sèrie DIRCE de 2023: no comparable.,INE DIRCE T=294 (locals); INE Padró T=29005 sumat per CCAA
ccaa,08,Castilla - La Mancha,2024,476,Articles culturals i recreatius,1104,2098853,0.526,-1.25,False,,INE DIRCE T=294 (locals); INE Padró T=29005 sumat per CCAA
ccaa,08,Castilla - La Mancha,2025,476,Articles culturals i recreatius,1033,2119234,0.487,-6.43,False,,INE DIRCE T=294 (locals); INE Padró T=29005 sumat per CCAA
ccaa,08,Castilla - La Mancha,2010,477,"Altres articles (moda, calçat, etc.)",7599,2098373,3.621,,False,,INE DIRCE T=294 (locals); INE Padró T=29005 sumat per CCAA
ccaa,08,Castilla - La Mancha,2011,477,"Altres articles (moda, calçat, etc.)",7648,2115334,3.616,0.64,False,,INE DIRCE T=294 (locals); INE Padró T=29005 sumat per CCAA
ccaa,08,Castilla - La Mancha,2012,477,"Altres articles (moda, calçat, etc.)",7619,2121888,3.591,-0.38,False,,INE DIRCE T=294 (locals); INE Padró T=29005 sumat per CCAA
ccaa,08,Castilla - La Mancha,2013,477,"Altres articles (moda, calçat, etc.)",7391,2100998,3.518,-2.99,False,,INE DIRCE T=294 (locals); INE Padró T=29005 sumat per CCAA
ccaa,08,Castilla - La Mancha,2014,477,"Altres articles (moda, calçat, etc.)",7380,2078611,3.55,-0.15,False,,INE DIRCE T=294 (locals); INE Padró T=29005 sumat per CCAA
ccaa,08,Castilla - La Mancha,2015,477,"Altres articles (moda, calçat, etc.)",7366,2059191,3.577,-0.19,False,,INE DIRCE T=294 (locals); INE Padró T=29005 sumat per CCAA
ccaa,08,Castilla - La Mancha,2016,477,"Altres articles (moda, calçat, etc.)",7328,2041631,3.589,-0.52,False,,INE DIRCE T=294 (locals); INE Padró T=29005 sumat per CCAA
ccaa,08,Castilla - La Mancha,2017,477,"Altres articles (moda, calçat, etc.)",7292,2031479,3.59,-0.49,False,,INE DIRCE T=294 (locals); INE Padró T=29005 sumat per CCAA
ccaa,08,Castilla - La Mancha,2018,477,"Altres articles (moda, calçat, etc.)",7225,2026807,3.565,-0.92,False,,INE DIRCE T=294 (locals); INE Padró T=29005 sumat per CCAA
ccaa,08,Castilla - La Mancha,2019,477,"Altres articles (moda, calçat, etc.)",7188,2032863,3.536,-0.51,False,,INE DIRCE T=294 (locals); INE Padró T=29005 sumat per CCAA
ccaa,08,Castilla - La Mancha,2020,477,"Altres articles (moda, calçat, etc.)",7032,2045221,3.438,-2.17,False,,INE DIRCE T=294 (locals); INE Padró T=29005 sumat per CCAA
ccaa,08,Castilla - La Mancha,2021,477,"Altres articles (moda, calçat, etc.)",6910,2049562,3.371,-1.73,False,,INE DIRCE T=294 (locals); INE Padró T=29005 sumat per CCAA
ccaa,08,Castilla - La Mancha,2022,477,"Altres articles (moda, calçat, etc.)",6929,2053328,3.375,0.27,False,,INE DIRCE T=294 (locals); INE Padró T=29005 sumat per CCAA
ccaa,08,Castilla - La Mancha,2023,477,"Altres articles (moda, calçat, etc.)",6516,2078534,3.135,-5.96,True,La variació 2022→2023 travessa el trencament de sèrie DIRCE de 2023: no comparable.,INE DIRCE T=294 (locals); INE Padró T=29005 sumat per CCAA
ccaa,08,Castilla - La Mancha,2024,477,"Altres articles (moda, calçat, etc.)",6417,2098853,3.057,-1.52,False,,INE DIRCE T=294 (locals); INE Padró T=29005 sumat per CCAA
ccaa,08,Castilla - La Mancha,2025,477,"Altres articles (moda, calçat, etc.)",6288,2119234,2.967,-2.01,False,,INE DIRCE T=294 (locals); INE Padró T=29005 sumat per CCAA
ccaa,08,Castilla - La Mancha,2010,478,Punts de venda i mercadillos,2180,2098373,1.039,,False,,INE DIRCE T=294 (locals); INE Padró T=29005 sumat per CCAA
ccaa,08,Castilla - La Mancha,2011,478,Punts de venda i mercadillos,2076,2115334,0.981,-4.77,False,,INE DIRCE T=294 (locals); INE Padró T=29005 sumat per CCAA
ccaa,08,Castilla - La Mancha,2012,478,Punts de venda i mercadillos,2037,2121888,0.96,-1.88,False,,INE DIRCE T=294 (locals); INE Padró T=29005 sumat per CCAA
ccaa,08,Castilla - La Mancha,2013,478,Punts de venda i mercadillos,2092,2100998,0.996,2.7,False,,INE DIRCE T=294 (locals); INE Padró T=29005 sumat per CCAA
ccaa,08,Castilla - La Mancha,2014,478,Punts de venda i mercadillos,2019,2078611,0.971,-3.49,False,,INE DIRCE T=294 (locals); INE Padró T=29005 sumat per CCAA
ccaa,08,Castilla - La Mancha,2015,478,Punts de venda i mercadillos,2052,2059191,0.997,1.63,False,,INE DIRCE T=294 (locals); INE Padró T=29005 sumat per CCAA
ccaa,08,Castilla - La Mancha,2016,478,Punts de venda i mercadillos,2031,2041631,0.995,-1.02,False,,INE DIRCE T=294 (locals); INE Padró T=29005 sumat per CCAA
ccaa,08,Castilla - La Mancha,2017,478,Punts de venda i mercadillos,2018,2031479,0.993,-0.64,False,,INE DIRCE T=294 (locals); INE Padró T=29005 sumat per CCAA
ccaa,08,Castilla - La Mancha,2018,478,Punts de venda i mercadillos,1969,2026807,0.971,-2.43,False,,INE DIRCE T=294 (locals); INE Padró T=29005 sumat per CCAA
ccaa,08,Castilla - La Mancha,2019,478,Punts de venda i mercadillos,1962,2032863,0.965,-0.36,False,,INE DIRCE T=294 (locals); INE Padró T=29005 sumat per CCAA
ccaa,08,Castilla - La Mancha,2020,478,Punts de venda i mercadillos,2018,2045221,0.987,2.85,False,,INE DIRCE T=294 (locals); INE Padró T=29005 sumat per CCAA
ccaa,08,Castilla - La Mancha,2021,478,Punts de venda i mercadillos,1972,2049562,0.962,-2.28,False,,INE DIRCE T=294 (locals); INE Padró T=29005 sumat per CCAA
ccaa,08,Castilla - La Mancha,2022,478,Punts de venda i mercadillos,1997,2053328,0.973,1.27,False,,INE DIRCE T=294 (locals); INE Padró T=29005 sumat per CCAA
ccaa,08,Castilla - La Mancha,2023,478,Punts de venda i mercadillos,1822,2078534,0.877,-8.76,True,La variació 2022→2023 travessa el trencament de sèrie DIRCE de 2023: no comparable.,INE DIRCE T=294 (locals); INE Padró T=29005 sumat per CCAA
ccaa,08,Castilla - La Mancha,2024,478,Punts de venda i mercadillos,1726,2098853,0.822,-5.27,False,,INE DIRCE T=294 (locals); INE Padró T=29005 sumat per CCAA
ccaa,08,Castilla - La Mancha,2025,478,Punts de venda i mercadillos,1728,2119234,0.815,0.12,False,,INE DIRCE T=294 (locals); INE Padró T=29005 sumat per CCAA
ccaa,08,Castilla - La Mancha,2010,479,Comerç no en establiment (internet),399,2098373,0.19,,False,,INE DIRCE T=294 (locals); INE Padró T=29005 sumat per CCAA
ccaa,08,Castilla - La Mancha,2011,479,Comerç no en establiment (internet),404,2115334,0.191,1.25,False,,INE DIRCE T=294 (locals); INE Padró T=29005 sumat per CCAA
ccaa,08,Castilla - La Mancha,2012,479,Comerç no en establiment (internet),425,2121888,0.2,5.2,False,,INE DIRCE T=294 (locals); INE Padró T=29005 sumat per CCAA
ccaa,08,Castilla - La Mancha,2013,479,Comerç no en establiment (internet),427,2100998,0.203,0.47,False,,INE DIRCE T=294 (locals); INE Padró T=29005 sumat per CCAA
ccaa,08,Castilla - La Mancha,2014,479,Comerç no en establiment (internet),436,2078611,0.21,2.11,False,,INE DIRCE T=294 (locals); INE Padró T=29005 sumat per CCAA
ccaa,08,Castilla - La Mancha,2015,479,Comerç no en establiment (internet),444,2059191,0.216,1.83,False,,INE DIRCE T=294 (locals); INE Padró T=29005 sumat per CCAA
ccaa,08,Castilla - La Mancha,2016,479,Comerç no en establiment (internet),458,2041631,0.224,3.15,False,,INE DIRCE T=294 (locals); INE Padró T=29005 sumat per CCAA
ccaa,08,Castilla - La Mancha,2017,479,Comerç no en establiment (internet),466,2031479,0.229,1.75,False,,INE DIRCE T=294 (locals); INE Padró T=29005 sumat per CCAA
ccaa,08,Castilla - La Mancha,2018,479,Comerç no en establiment (internet),473,2026807,0.233,1.5,False,,INE DIRCE T=294 (locals); INE Padró T=29005 sumat per CCAA
ccaa,08,Castilla - La Mancha,2019,479,Comerç no en establiment (internet),512,2032863,0.252,8.25,False,,INE DIRCE T=294 (locals); INE Padró T=29005 sumat per CCAA
ccaa,08,Castilla - La Mancha,2020,479,Comerç no en establiment (internet),539,2045221,0.264,5.27,False,,INE DIRCE T=294 (locals); INE Padró T=29005 sumat per CCAA
ccaa,08,Castilla - La Mancha,2021,479,Comerç no en establiment (internet),598,2049562,0.292,10.95,False,,INE DIRCE T=294 (locals); INE Padró T=29005 sumat per CCAA
ccaa,08,Castilla - La Mancha,2022,479,Comerç no en establiment (internet),630,2053328,0.307,5.35,False,,INE DIRCE T=294 (locals); INE Padró T=29005 sumat per CCAA
ccaa,08,Castilla - La Mancha,2023,479,Comerç no en establiment (internet),616,2078534,0.296,-2.22,True,La variació 2022→2023 travessa el trencament de sèrie DIRCE de 2023: no comparable.,INE DIRCE T=294 (locals); INE Padró T=29005 sumat per CCAA
ccaa,08,Castilla - La Mancha,2024,479,Comerç no en establiment (internet),646,2098853,0.308,4.87,False,,INE DIRCE T=294 (locals); INE Padró T=29005 sumat per CCAA
ccaa,08,Castilla - La Mancha,2025,479,Comerç no en establiment (internet),643,2119234,0.303,-0.46,False,,INE DIRCE T=294 (locals); INE Padró T=29005 sumat per CCAA
ccaa,09,Cataluña,2010,47,Comerç al detall (total CNAE 47),99544,7512381,13.251,,False,,INE DIRCE T=294 (locals); INE Padró T=29005 sumat per CCAA
ccaa,09,Cataluña,2011,47,Comerç al detall (total CNAE 47),98442,7539618,13.057,-1.11,False,,INE DIRCE T=294 (locals); INE Padró T=29005 sumat per CCAA
ccaa,09,Cataluña,2012,47,Comerç al detall (total CNAE 47),98022,7570908,12.947,-0.43,False,,INE DIRCE T=294 (locals); INE Padró T=29005 sumat per CCAA
ccaa,09,Cataluña,2013,47,Comerç al detall (total CNAE 47),95777,7553650,12.68,-2.29,False,,INE DIRCE T=294 (locals); INE Padró T=29005 sumat per CCAA
ccaa,09,Cataluña,2014,47,Comerç al detall (total CNAE 47),94982,7518903,12.632,-0.83,False,,INE DIRCE T=294 (locals); INE Padró T=29005 sumat per CCAA
ccaa,09,Cataluña,2015,47,Comerç al detall (total CNAE 47),94483,7508106,12.584,-0.53,False,,INE DIRCE T=294 (locals); INE Padró T=29005 sumat per CCAA
ccaa,09,Cataluña,2016,47,Comerç al detall (total CNAE 47),93096,7522596,12.376,-1.47,False,,INE DIRCE T=294 (locals); INE Padró T=29005 sumat per CCAA
ccaa,09,Cataluña,2017,47,Comerç al detall (total CNAE 47),93664,7555830,12.396,0.61,False,,INE DIRCE T=294 (locals); INE Padró T=29005 sumat per CCAA
ccaa,09,Cataluña,2018,47,Comerç al detall (total CNAE 47),92711,7600065,12.199,-1.02,False,,INE DIRCE T=294 (locals); INE Padró T=29005 sumat per CCAA
ccaa,09,Cataluña,2019,47,Comerç al detall (total CNAE 47),90970,7675217,11.852,-1.88,False,,INE DIRCE T=294 (locals); INE Padró T=29005 sumat per CCAA
ccaa,09,Cataluña,2020,47,Comerç al detall (total CNAE 47),90062,7780479,11.575,-1.0,False,,INE DIRCE T=294 (locals); INE Padró T=29005 sumat per CCAA
ccaa,09,Cataluña,2021,47,Comerç al detall (total CNAE 47),89857,7763362,11.574,-0.23,False,,INE DIRCE T=294 (locals); INE Padró T=29005 sumat per CCAA
ccaa,09,Cataluña,2022,47,Comerç al detall (total CNAE 47),90493,7792611,11.613,0.71,False,,INE DIRCE T=294 (locals); INE Padró T=29005 sumat per CCAA
ccaa,09,Cataluña,2023,47,Comerç al detall (total CNAE 47),84631,7909125,10.7,-6.48,True,La variació 2022→2023 travessa el trencament de sèrie DIRCE de 2023: no comparable.,INE DIRCE T=294 (locals); INE Padró T=29005 sumat per CCAA
ccaa,09,Cataluña,2024,47,Comerç al detall (total CNAE 47),84096,8034743,10.467,-0.63,False,,INE DIRCE T=294 (locals); INE Padró T=29005 sumat per CCAA
ccaa,09,Cataluña,2025,47,Comerç al detall (total CNAE 47),83189,8146265,10.212,-1.08,False,,INE DIRCE T=294 (locals); INE Padró T=29005 sumat per CCAA
ccaa,09,Cataluña,2010,471,Establiments no especialitzats (súper i hiper),14154,7512381,1.884,,False,,INE DIRCE T=294 (locals); INE Padró T=29005 sumat per CCAA
ccaa,09,Cataluña,2011,471,Establiments no especialitzats (súper i hiper),10309,7539618,1.367,-27.17,False,,INE DIRCE T=294 (locals); INE Padró T=29005 sumat per CCAA
ccaa,09,Cataluña,2012,471,Establiments no especialitzats (súper i hiper),10322,7570908,1.363,0.13,False,,INE DIRCE T=294 (locals); INE Padró T=29005 sumat per CCAA
ccaa,09,Cataluña,2013,471,Establiments no especialitzats (súper i hiper),10411,7553650,1.378,0.86,False,,INE DIRCE T=294 (locals); INE Padró T=29005 sumat per CCAA
ccaa,09,Cataluña,2014,471,Establiments no especialitzats (súper i hiper),10605,7518903,1.41,1.86,False,,INE DIRCE T=294 (locals); INE Padró T=29005 sumat per CCAA
ccaa,09,Cataluña,2015,471,Establiments no especialitzats (súper i hiper),10771,7508106,1.435,1.57,False,,INE DIRCE T=294 (locals); INE Padró T=29005 sumat per CCAA
ccaa,09,Cataluña,2016,471,Establiments no especialitzats (súper i hiper),10645,7522596,1.415,-1.17,False,,INE DIRCE T=294 (locals); INE Padró T=29005 sumat per CCAA
ccaa,09,Cataluña,2017,471,Establiments no especialitzats (súper i hiper),10944,7555830,1.448,2.81,False,,INE DIRCE T=294 (locals); INE Padró T=29005 sumat per CCAA
ccaa,09,Cataluña,2018,471,Establiments no especialitzats (súper i hiper),10994,7600065,1.447,0.46,False,,INE DIRCE T=294 (locals); INE Padró T=29005 sumat per CCAA
ccaa,09,Cataluña,2019,471,Establiments no especialitzats (súper i hiper),10433,7675217,1.359,-5.1,False,,INE DIRCE T=294 (locals); INE Padró T=29005 sumat per CCAA
ccaa,09,Cataluña,2020,471,Establiments no especialitzats (súper i hiper),10458,7780479,1.344,0.24,False,,INE DIRCE T=294 (locals); INE Padró T=29005 sumat per CCAA
ccaa,09,Cataluña,2021,471,Establiments no especialitzats (súper i hiper),10554,7763362,1.359,0.92,False,,INE DIRCE T=294 (locals); INE Padró T=29005 sumat per CCAA
ccaa,09,Cataluña,2022,471,Establiments no especialitzats (súper i hiper),11500,7792611,1.476,8.96,False,,INE DIRCE T=294 (locals); INE Padró T=29005 sumat per CCAA
ccaa,09,Cataluña,2023,471,Establiments no especialitzats (súper i hiper),11112,7909125,1.405,-3.37,True,La variació 2022→2023 travessa el trencament de sèrie DIRCE de 2023: no comparable.,INE DIRCE T=294 (locals); INE Padró T=29005 sumat per CCAA
ccaa,09,Cataluña,2024,471,Establiments no especialitzats (súper i hiper),11220,8034743,1.396,0.97,False,,INE DIRCE T=294 (locals); INE Padró T=29005 sumat per CCAA
ccaa,09,Cataluña,2025,471,Establiments no especialitzats (súper i hiper),11403,8146265,1.4,1.63,False,,INE DIRCE T=294 (locals); INE Padró T=29005 sumat per CCAA
ccaa,09,Cataluña,2010,472,"Aliments, begudes i tabac (especialitzat)",20428,7512381,2.719,,False,,INE DIRCE T=294 (locals); INE Padró T=29005 sumat per CCAA
ccaa,09,Cataluña,2011,472,"Aliments, begudes i tabac (especialitzat)",22184,7539618,2.942,8.6,False,,INE DIRCE T=294 (locals); INE Padró T=29005 sumat per CCAA
ccaa,09,Cataluña,2012,472,"Aliments, begudes i tabac (especialitzat)",22288,7570908,2.944,0.47,False,,INE DIRCE T=294 (locals); INE Padró T=29005 sumat per CCAA
ccaa,09,Cataluña,2013,472,"Aliments, begudes i tabac (especialitzat)",22049,7553650,2.919,-1.07,False,,INE DIRCE T=294 (locals); INE Padró T=29005 sumat per CCAA
ccaa,09,Cataluña,2014,472,"Aliments, begudes i tabac (especialitzat)",21662,7518903,2.881,-1.76,False,,INE DIRCE T=294 (locals); INE Padró T=29005 sumat per CCAA
ccaa,09,Cataluña,2015,472,"Aliments, begudes i tabac (especialitzat)",21320,7508106,2.84,-1.58,False,,INE DIRCE T=294 (locals); INE Padró T=29005 sumat per CCAA
ccaa,09,Cataluña,2016,472,"Aliments, begudes i tabac (especialitzat)",20756,7522596,2.759,-2.65,False,,INE DIRCE T=294 (locals); INE Padró T=29005 sumat per CCAA
ccaa,09,Cataluña,2017,472,"Aliments, begudes i tabac (especialitzat)",20779,7555830,2.75,0.11,False,,INE DIRCE T=294 (locals); INE Padró T=29005 sumat per CCAA
ccaa,09,Cataluña,2018,472,"Aliments, begudes i tabac (especialitzat)",20493,7600065,2.696,-1.38,False,,INE DIRCE T=294 (locals); INE Padró T=29005 sumat per CCAA
ccaa,09,Cataluña,2019,472,"Aliments, begudes i tabac (especialitzat)",19901,7675217,2.593,-2.89,False,,INE DIRCE T=294 (locals); INE Padró T=29005 sumat per CCAA
ccaa,09,Cataluña,2020,472,"Aliments, begudes i tabac (especialitzat)",19612,7780479,2.521,-1.45,False,,INE DIRCE T=294 (locals); INE Padró T=29005 sumat per CCAA
ccaa,09,Cataluña,2021,472,"Aliments, begudes i tabac (especialitzat)",19764,7763362,2.546,0.78,False,,INE DIRCE T=294 (locals); INE Padró T=29005 sumat per CCAA
ccaa,09,Cataluña,2022,472,"Aliments, begudes i tabac (especialitzat)",19808,7792611,2.542,0.22,False,,INE DIRCE T=294 (locals); INE Padró T=29005 sumat per CCAA
ccaa,09,Cataluña,2023,472,"Aliments, begudes i tabac (especialitzat)",18581,7909125,2.349,-6.19,True,La variació 2022→2023 travessa el trencament de sèrie DIRCE de 2023: no comparable.,INE DIRCE T=294 (locals); INE Padró T=29005 sumat per CCAA
ccaa,09,Cataluña,2024,472,"Aliments, begudes i tabac (especialitzat)",18256,8034743,2.272,-1.75,False,,INE DIRCE T=294 (locals); INE Padró T=29005 sumat per CCAA
ccaa,09,Cataluña,2025,472,"Aliments, begudes i tabac (especialitzat)",17884,8146265,2.195,-2.04,False,,INE DIRCE T=294 (locals); INE Padró T=29005 sumat per CCAA
ccaa,09,Cataluña,2010,473,Combustible (gasolineres),1028,7512381,0.137,,False,,INE DIRCE T=294 (locals); INE Padró T=29005 sumat per CCAA
ccaa,09,Cataluña,2011,473,Combustible (gasolineres),1044,7539618,0.138,1.56,False,,INE DIRCE T=294 (locals); INE Padró T=29005 sumat per CCAA
ccaa,09,Cataluña,2012,473,Combustible (gasolineres),1072,7570908,0.142,2.68,False,,INE DIRCE T=294 (locals); INE Padró T=29005 sumat per CCAA
ccaa,09,Cataluña,2013,473,Combustible (gasolineres),1069,7553650,0.142,-0.28,False,,INE DIRCE T=294 (locals); INE Padró T=29005 sumat per CCAA
ccaa,09,Cataluña,2014,473,Combustible (gasolineres),1099,7518903,0.146,2.81,False,,INE DIRCE T=294 (locals); INE Padró T=29005 sumat per CCAA
ccaa,09,Cataluña,2015,473,Combustible (gasolineres),1136,7508106,0.151,3.37,False,,INE DIRCE T=294 (locals); INE Padró T=29005 sumat per CCAA
ccaa,09,Cataluña,2016,473,Combustible (gasolineres),1161,7522596,0.154,2.2,False,,INE DIRCE T=294 (locals); INE Padró T=29005 sumat per CCAA
ccaa,09,Cataluña,2017,473,Combustible (gasolineres),1203,7555830,0.159,3.62,False,,INE DIRCE T=294 (locals); INE Padró T=29005 sumat per CCAA
ccaa,09,Cataluña,2018,473,Combustible (gasolineres),1209,7600065,0.159,0.5,False,,INE DIRCE T=294 (locals); INE Padró T=29005 sumat per CCAA
ccaa,09,Cataluña,2019,473,Combustible (gasolineres),1277,7675217,0.166,5.62,False,,INE DIRCE T=294 (locals); INE Padró T=29005 sumat per CCAA
ccaa,09,Cataluña,2020,473,Combustible (gasolineres),1257,7780479,0.162,-1.57,False,,INE DIRCE T=294 (locals); INE Padró T=29005 sumat per CCAA
ccaa,09,Cataluña,2021,473,Combustible (gasolineres),1216,7763362,0.157,-3.26,False,,INE DIRCE T=294 (locals); INE Padró T=29005 sumat per CCAA
ccaa,09,Cataluña,2022,473,Combustible (gasolineres),1181,7792611,0.152,-2.88,False,,INE DIRCE T=294 (locals); INE Padró T=29005 sumat per CCAA
ccaa,09,Cataluña,2023,473,Combustible (gasolineres),1151,7909125,0.146,-2.54,True,La variació 2022→2023 travessa el trencament de sèrie DIRCE de 2023: no comparable.,INE DIRCE T=294 (locals); INE Padró T=29005 sumat per CCAA
ccaa,09,Cataluña,2024,473,Combustible (gasolineres),1180,8034743,0.147,2.52,False,,INE DIRCE T=294 (locals); INE Padró T=29005 sumat per CCAA
ccaa,09,Cataluña,2025,473,Combustible (gasolineres),1216,8146265,0.149,3.05,False,,INE DIRCE T=294 (locals); INE Padró T=29005 sumat per CCAA
ccaa,09,Cataluña,2010,474,Equips TIC,1753,7512381,0.233,,False,,INE DIRCE T=294 (locals); INE Padró T=29005 sumat per CCAA
ccaa,09,Cataluña,2011,474,Equips TIC,1292,7539618,0.171,-26.3,False,,INE DIRCE T=294 (locals); INE Padró T=29005 sumat per CCAA
ccaa,09,Cataluña,2012,474,Equips TIC,1253,7570908,0.166,-3.02,False,,INE DIRCE T=294 (locals); INE Padró T=29005 sumat per CCAA
ccaa,09,Cataluña,2013,474,Equips TIC,1271,7553650,0.168,1.44,False,,INE DIRCE T=294 (locals); INE Padró T=29005 sumat per CCAA
ccaa,09,Cataluña,2014,474,Equips TIC,1294,7518903,0.172,1.81,False,,INE DIRCE T=294 (locals); INE Padró T=29005 sumat per CCAA
ccaa,09,Cataluña,2015,474,Equips TIC,1279,7508106,0.17,-1.16,False,,INE DIRCE T=294 (locals); INE Padró T=29005 sumat per CCAA
ccaa,09,Cataluña,2016,474,Equips TIC,1288,7522596,0.171,0.7,False,,INE DIRCE T=294 (locals); INE Padró T=29005 sumat per CCAA
ccaa,09,Cataluña,2017,474,Equips TIC,1321,7555830,0.175,2.56,False,,INE DIRCE T=294 (locals); INE Padró T=29005 sumat per CCAA
ccaa,09,Cataluña,2018,474,Equips TIC,1404,7600065,0.185,6.28,False,,INE DIRCE T=294 (locals); INE Padró T=29005 sumat per CCAA
ccaa,09,Cataluña,2019,474,Equips TIC,1539,7675217,0.201,9.62,False,,INE DIRCE T=294 (locals); INE Padró T=29005 sumat per CCAA
ccaa,09,Cataluña,2020,474,Equips TIC,1487,7780479,0.191,-3.38,False,,INE DIRCE T=294 (locals); INE Padró T=29005 sumat per CCAA
ccaa,09,Cataluña,2021,474,Equips TIC,1426,7763362,0.184,-4.1,False,,INE DIRCE T=294 (locals); INE Padró T=29005 sumat per CCAA
ccaa,09,Cataluña,2022,474,Equips TIC,1482,7792611,0.19,3.93,False,,INE DIRCE T=294 (locals); INE Padró T=29005 sumat per CCAA
ccaa,09,Cataluña,2023,474,Equips TIC,1327,7909125,0.168,-10.46,True,La variació 2022→2023 travessa el trencament de sèrie DIRCE de 2023: no comparable.,INE DIRCE T=294 (locals); INE Padró T=29005 sumat per CCAA
ccaa,09,Cataluña,2024,474,Equips TIC,1302,8034743,0.162,-1.88,False,,INE DIRCE T=294 (locals); INE Padró T=29005 sumat per CCAA
ccaa,09,Cataluña,2025,474,Equips TIC,1225,8146265,0.15,-5.91,False,,INE DIRCE T=294 (locals); INE Padró T=29005 sumat per CCAA
ccaa,09,Cataluña,2010,475,Equipament de la llar,17032,7512381,2.267,,False,,INE DIRCE T=294 (locals); INE Padró T=29005 sumat per CCAA
ccaa,09,Cataluña,2011,475,Equipament de la llar,18231,7539618,2.418,7.04,False,,INE DIRCE T=294 (locals); INE Padró T=29005 sumat per CCAA
ccaa,09,Cataluña,2012,475,Equipament de la llar,17803,7570908,2.352,-2.35,False,,INE DIRCE T=294 (locals); INE Padró T=29005 sumat per CCAA
ccaa,09,Cataluña,2013,475,Equipament de la llar,16803,7553650,2.224,-5.62,False,,INE DIRCE T=294 (locals); INE Padró T=29005 sumat per CCAA
ccaa,09,Cataluña,2014,475,Equipament de la llar,16301,7518903,2.168,-2.99,False,,INE DIRCE T=294 (locals); INE Padró T=29005 sumat per CCAA
ccaa,09,Cataluña,2015,475,Equipament de la llar,15857,7508106,2.112,-2.72,False,,INE DIRCE T=294 (locals); INE Padró T=29005 sumat per CCAA
ccaa,09,Cataluña,2016,475,Equipament de la llar,15427,7522596,2.051,-2.71,False,,INE DIRCE T=294 (locals); INE Padró T=29005 sumat per CCAA
ccaa,09,Cataluña,2017,475,Equipament de la llar,15171,7555830,2.008,-1.66,False,,INE DIRCE T=294 (locals); INE Padró T=29005 sumat per CCAA
ccaa,09,Cataluña,2018,475,Equipament de la llar,14717,7600065,1.936,-2.99,False,,INE DIRCE T=294 (locals); INE Padró T=29005 sumat per CCAA
ccaa,09,Cataluña,2019,475,Equipament de la llar,14135,7675217,1.842,-3.95,False,,INE DIRCE T=294 (locals); INE Padró T=29005 sumat per CCAA
ccaa,09,Cataluña,2020,475,Equipament de la llar,14011,7780479,1.801,-0.88,False,,INE DIRCE T=294 (locals); INE Padró T=29005 sumat per CCAA
ccaa,09,Cataluña,2021,475,Equipament de la llar,13748,7763362,1.771,-1.88,False,,INE DIRCE T=294 (locals); INE Padró T=29005 sumat per CCAA
ccaa,09,Cataluña,2022,475,Equipament de la llar,13794,7792611,1.77,0.33,False,,INE DIRCE T=294 (locals); INE Padró T=29005 sumat per CCAA
ccaa,09,Cataluña,2023,475,Equipament de la llar,12809,7909125,1.62,-7.14,True,La variació 2022→2023 travessa el trencament de sèrie DIRCE de 2023: no comparable.,INE DIRCE T=294 (locals); INE Padró T=29005 sumat per CCAA
ccaa,09,Cataluña,2024,475,Equipament de la llar,12562,8034743,1.563,-1.93,False,,INE DIRCE T=294 (locals); INE Padró T=29005 sumat per CCAA
ccaa,09,Cataluña,2025,475,Equipament de la llar,12367,8146265,1.518,-1.55,False,,INE DIRCE T=294 (locals); INE Padró T=29005 sumat per CCAA
ccaa,09,Cataluña,2010,476,Articles culturals i recreatius,5550,7512381,0.739,,False,,INE DIRCE T=294 (locals); INE Padró T=29005 sumat per CCAA
ccaa,09,Cataluña,2011,476,Articles culturals i recreatius,5964,7539618,0.791,7.46,False,,INE DIRCE T=294 (locals); INE Padró T=29005 sumat per CCAA
ccaa,09,Cataluña,2012,476,Articles culturals i recreatius,5907,7570908,0.78,-0.96,False,,INE DIRCE T=294 (locals); INE Padró T=29005 sumat per CCAA
ccaa,09,Cataluña,2013,476,Articles culturals i recreatius,5802,7553650,0.768,-1.78,False,,INE DIRCE T=294 (locals); INE Padró T=29005 sumat per CCAA
ccaa,09,Cataluña,2014,476,Articles culturals i recreatius,5665,7518903,0.753,-2.36,False,,INE DIRCE T=294 (locals); INE Padró T=29005 sumat per CCAA
ccaa,09,Cataluña,2015,476,Articles culturals i recreatius,5627,7508106,0.749,-0.67,False,,INE DIRCE T=294 (locals); INE Padró T=29005 sumat per CCAA
ccaa,09,Cataluña,2016,476,Articles culturals i recreatius,5461,7522596,0.726,-2.95,False,,INE DIRCE T=294 (locals); INE Padró T=29005 sumat per CCAA
ccaa,09,Cataluña,2017,476,Articles culturals i recreatius,5419,7555830,0.717,-0.77,False,,INE DIRCE T=294 (locals); INE Padró T=29005 sumat per CCAA
ccaa,09,Cataluña,2018,476,Articles culturals i recreatius,5329,7600065,0.701,-1.66,False,,INE DIRCE T=294 (locals); INE Padró T=29005 sumat per CCAA
ccaa,09,Cataluña,2019,476,Articles culturals i recreatius,4945,7675217,0.644,-7.21,False,,INE DIRCE T=294 (locals); INE Padró T=29005 sumat per CCAA
ccaa,09,Cataluña,2020,476,Articles culturals i recreatius,4793,7780479,0.616,-3.07,False,,INE DIRCE T=294 (locals); INE Padró T=29005 sumat per CCAA
ccaa,09,Cataluña,2021,476,Articles culturals i recreatius,4635,7763362,0.597,-3.3,False,,INE DIRCE T=294 (locals); INE Padró T=29005 sumat per CCAA
ccaa,09,Cataluña,2022,476,Articles culturals i recreatius,4626,7792611,0.594,-0.19,False,,INE DIRCE T=294 (locals); INE Padró T=29005 sumat per CCAA
ccaa,09,Cataluña,2023,476,Articles culturals i recreatius,4301,7909125,0.544,-7.03,True,La variació 2022→2023 travessa el trencament de sèrie DIRCE de 2023: no comparable.,INE DIRCE T=294 (locals); INE Padró T=29005 sumat per CCAA
ccaa,09,Cataluña,2024,476,Articles culturals i recreatius,4337,8034743,0.54,0.84,False,,INE DIRCE T=294 (locals); INE Padró T=29005 sumat per CCAA
ccaa,09,Cataluña,2025,476,Articles culturals i recreatius,4270,8146265,0.524,-1.54,False,,INE DIRCE T=294 (locals); INE Padró T=29005 sumat per CCAA
ccaa,09,Cataluña,2010,477,"Altres articles (moda, calçat, etc.)",31319,7512381,4.169,,False,,INE DIRCE T=294 (locals); INE Padró T=29005 sumat per CCAA
ccaa,09,Cataluña,2011,477,"Altres articles (moda, calçat, etc.)",31250,7539618,4.145,-0.22,False,,INE DIRCE T=294 (locals); INE Padró T=29005 sumat per CCAA
ccaa,09,Cataluña,2012,477,"Altres articles (moda, calçat, etc.)",30939,7570908,4.087,-1.0,False,,INE DIRCE T=294 (locals); INE Padró T=29005 sumat per CCAA
ccaa,09,Cataluña,2013,477,"Altres articles (moda, calçat, etc.)",30072,7553650,3.981,-2.8,False,,INE DIRCE T=294 (locals); INE Padró T=29005 sumat per CCAA
ccaa,09,Cataluña,2014,477,"Altres articles (moda, calçat, etc.)",30060,7518903,3.998,-0.04,False,,INE DIRCE T=294 (locals); INE Padró T=29005 sumat per CCAA
ccaa,09,Cataluña,2015,477,"Altres articles (moda, calçat, etc.)",29931,7508106,3.986,-0.43,False,,INE DIRCE T=294 (locals); INE Padró T=29005 sumat per CCAA
ccaa,09,Cataluña,2016,477,"Altres articles (moda, calçat, etc.)",29624,7522596,3.938,-1.03,False,,INE DIRCE T=294 (locals); INE Padró T=29005 sumat per CCAA
ccaa,09,Cataluña,2017,477,"Altres articles (moda, calçat, etc.)",29973,7555830,3.967,1.18,False,,INE DIRCE T=294 (locals); INE Padró T=29005 sumat per CCAA
ccaa,09,Cataluña,2018,477,"Altres articles (moda, calçat, etc.)",29704,7600065,3.908,-0.9,False,,INE DIRCE T=294 (locals); INE Padró T=29005 sumat per CCAA
ccaa,09,Cataluña,2019,477,"Altres articles (moda, calçat, etc.)",29611,7675217,3.858,-0.31,False,,INE DIRCE T=294 (locals); INE Padró T=29005 sumat per CCAA
ccaa,09,Cataluña,2020,477,"Altres articles (moda, calçat, etc.)",29151,7780479,3.747,-1.55,False,,INE DIRCE T=294 (locals); INE Padró T=29005 sumat per CCAA
ccaa,09,Cataluña,2021,477,"Altres articles (moda, calçat, etc.)",29273,7763362,3.771,0.42,False,,INE DIRCE T=294 (locals); INE Padró T=29005 sumat per CCAA
ccaa,09,Cataluña,2022,477,"Altres articles (moda, calçat, etc.)",28598,7792611,3.67,-2.31,False,,INE DIRCE T=294 (locals); INE Padró T=29005 sumat per CCAA
ccaa,09,Cataluña,2023,477,"Altres articles (moda, calçat, etc.)",26771,7909125,3.385,-6.39,True,La variació 2022→2023 travessa el trencament de sèrie DIRCE de 2023: no comparable.,INE DIRCE T=294 (locals); INE Padró T=29005 sumat per CCAA
ccaa,09,Cataluña,2024,477,"Altres articles (moda, calçat, etc.)",26464,8034743,3.294,-1.15,False,,INE DIRCE T=294 (locals); INE Padró T=29005 sumat per CCAA
ccaa,09,Cataluña,2025,477,"Altres articles (moda, calçat, etc.)",25968,8146265,3.188,-1.87,False,,INE DIRCE T=294 (locals); INE Padró T=29005 sumat per CCAA
ccaa,09,Cataluña,2010,478,Punts de venda i mercadillos,6666,7512381,0.887,,False,,INE DIRCE T=294 (locals); INE Padró T=29005 sumat per CCAA
ccaa,09,Cataluña,2011,478,Punts de venda i mercadillos,6481,7539618,0.86,-2.78,False,,INE DIRCE T=294 (locals); INE Padró T=29005 sumat per CCAA
ccaa,09,Cataluña,2012,478,Punts de venda i mercadillos,6663,7570908,0.88,2.81,False,,INE DIRCE T=294 (locals); INE Padró T=29005 sumat per CCAA
ccaa,09,Cataluña,2013,478,Punts de venda i mercadillos,6510,7553650,0.862,-2.3,False,,INE DIRCE T=294 (locals); INE Padró T=29005 sumat per CCAA
ccaa,09,Cataluña,2014,478,Punts de venda i mercadillos,6472,7518903,0.861,-0.58,False,,INE DIRCE T=294 (locals); INE Padró T=29005 sumat per CCAA
ccaa,09,Cataluña,2015,478,Punts de venda i mercadillos,6687,7508106,0.891,3.32,False,,INE DIRCE T=294 (locals); INE Padró T=29005 sumat per CCAA
ccaa,09,Cataluña,2016,478,Punts de venda i mercadillos,6877,7522596,0.914,2.84,False,,INE DIRCE T=294 (locals); INE Padró T=29005 sumat per CCAA
ccaa,09,Cataluña,2017,478,Punts de venda i mercadillos,7011,7555830,0.928,1.95,False,,INE DIRCE T=294 (locals); INE Padró T=29005 sumat per CCAA
ccaa,09,Cataluña,2018,478,Punts de venda i mercadillos,6944,7600065,0.914,-0.96,False,,INE DIRCE T=294 (locals); INE Padró T=29005 sumat per CCAA
ccaa,09,Cataluña,2019,478,Punts de venda i mercadillos,7094,7675217,0.924,2.16,False,,INE DIRCE T=294 (locals); INE Padró T=29005 sumat per CCAA
ccaa,09,Cataluña,2020,478,Punts de venda i mercadillos,7226,7780479,0.929,1.86,False,,INE DIRCE T=294 (locals); INE Padró T=29005 sumat per CCAA
ccaa,09,Cataluña,2021,478,Punts de venda i mercadillos,6894,7763362,0.888,-4.59,False,,INE DIRCE T=294 (locals); INE Padró T=29005 sumat per CCAA
ccaa,09,Cataluña,2022,478,Punts de venda i mercadillos,6930,7792611,0.889,0.52,False,,INE DIRCE T=294 (locals); INE Padró T=29005 sumat per CCAA
ccaa,09,Cataluña,2023,478,Punts de venda i mercadillos,6240,7909125,0.789,-9.96,True,La variació 2022→2023 travessa el trencament de sèrie DIRCE de 2023: no comparable.,INE DIRCE T=294 (locals); INE Padró T=29005 sumat per CCAA
ccaa,09,Cataluña,2024,478,Punts de venda i mercadillos,6203,8034743,0.772,-0.59,False,,INE DIRCE T=294 (locals); INE Padró T=29005 sumat per CCAA
ccaa,09,Cataluña,2025,478,Punts de venda i mercadillos,6116,8146265,0.751,-1.4,False,,INE DIRCE T=294 (locals); INE Padró T=29005 sumat per CCAA
ccaa,09,Cataluña,2010,479,Comerç no en establiment (internet),1614,7512381,0.215,,False,,INE DIRCE T=294 (locals); INE Padró T=29005 sumat per CCAA
ccaa,09,Cataluña,2011,479,Comerç no en establiment (internet),1687,7539618,0.224,4.52,False,,INE DIRCE T=294 (locals); INE Padró T=29005 sumat per CCAA
ccaa,09,Cataluña,2012,479,Comerç no en establiment (internet),1775,7570908,0.234,5.22,False,,INE DIRCE T=294 (locals); INE Padró T=29005 sumat per CCAA
ccaa,09,Cataluña,2013,479,Comerç no en establiment (internet),1790,7553650,0.237,0.85,False,,INE DIRCE T=294 (locals); INE Padró T=29005 sumat per CCAA
ccaa,09,Cataluña,2014,479,Comerç no en establiment (internet),1824,7518903,0.243,1.9,False,,INE DIRCE T=294 (locals); INE Padró T=29005 sumat per CCAA
ccaa,09,Cataluña,2015,479,Comerç no en establiment (internet),1875,7508106,0.25,2.8,False,,INE DIRCE T=294 (locals); INE Padró T=29005 sumat per CCAA
ccaa,09,Cataluña,2016,479,Comerç no en establiment (internet),1857,7522596,0.247,-0.96,False,,INE DIRCE T=294 (locals); INE Padró T=29005 sumat per CCAA
ccaa,09,Cataluña,2017,479,Comerç no en establiment (internet),1843,7555830,0.244,-0.75,False,,INE DIRCE T=294 (locals); INE Padró T=29005 sumat per CCAA
ccaa,09,Cataluña,2018,479,Comerç no en establiment (internet),1917,7600065,0.252,4.02,False,,INE DIRCE T=294 (locals); INE Padró T=29005 sumat per CCAA
ccaa,09,Cataluña,2019,479,Comerç no en establiment (internet),2035,7675217,0.265,6.16,False,,INE DIRCE T=294 (locals); INE Padró T=29005 sumat per CCAA
ccaa,09,Cataluña,2020,479,Comerç no en establiment (internet),2067,7780479,0.266,1.57,False,,INE DIRCE T=294 (locals); INE Padró T=29005 sumat per CCAA
ccaa,09,Cataluña,2021,479,Comerç no en establiment (internet),2347,7763362,0.302,13.55,False,,INE DIRCE T=294 (locals); INE Padró T=29005 sumat per CCAA
ccaa,09,Cataluña,2022,479,Comerç no en establiment (internet),2574,7792611,0.33,9.67,False,,INE DIRCE T=294 (locals); INE Padró T=29005 sumat per CCAA
ccaa,09,Cataluña,2023,479,Comerç no en establiment (internet),2339,7909125,0.296,-9.13,True,La variació 2022→2023 travessa el trencament de sèrie DIRCE de 2023: no comparable.,INE DIRCE T=294 (locals); INE Padró T=29005 sumat per CCAA
ccaa,09,Cataluña,2024,479,Comerç no en establiment (internet),2572,8034743,0.32,9.96,False,,INE DIRCE T=294 (locals); INE Padró T=29005 sumat per CCAA
ccaa,09,Cataluña,2025,479,Comerç no en establiment (internet),2740,8146265,0.336,6.53,False,,INE DIRCE T=294 (locals); INE Padró T=29005 sumat per CCAA
ccaa,10,Comunitat Valenciana,2010,47,Comerç al detall (total CNAE 47),67729,5111706,13.25,,False,,INE DIRCE T=294 (locals); INE Padró T=29005 sumat per CCAA
ccaa,10,Comunitat Valenciana,2011,47,Comerç al detall (total CNAE 47),67118,5117190,13.116,-0.9,False,,INE DIRCE T=294 (locals); INE Padró T=29005 sumat per CCAA
ccaa,10,Comunitat Valenciana,2012,47,Comerç al detall (total CNAE 47),66439,5129266,12.953,-1.01,False,,INE DIRCE T=294 (locals); INE Padró T=29005 sumat per CCAA
ccaa,10,Comunitat Valenciana,2013,47,Comerç al detall (total CNAE 47),65168,5113815,12.744,-1.91,False,,INE DIRCE T=294 (locals); INE Padró T=29005 sumat per CCAA
ccaa,10,Comunitat Valenciana,2014,47,Comerç al detall (total CNAE 47),64022,5004844,12.792,-1.76,False,,INE DIRCE T=294 (locals); INE Padró T=29005 sumat per CCAA
ccaa,10,Comunitat Valenciana,2015,47,Comerç al detall (total CNAE 47),64054,4980689,12.86,0.05,False,,INE DIRCE T=294 (locals); INE Padró T=29005 sumat per CCAA
ccaa,10,Comunitat Valenciana,2016,47,Comerç al detall (total CNAE 47),62999,4959968,12.701,-1.65,False,,INE DIRCE T=294 (locals); INE Padró T=29005 sumat per CCAA
ccaa,10,Comunitat Valenciana,2017,47,Comerç al detall (total CNAE 47),62534,4941509,12.655,-0.74,False,,INE DIRCE T=294 (locals); INE Padró T=29005 sumat per CCAA
ccaa,10,Comunitat Valenciana,2018,47,Comerç al detall (total CNAE 47),61616,4963703,12.413,-1.47,False,,INE DIRCE T=294 (locals); INE Padró T=29005 sumat per CCAA
ccaa,10,Comunitat Valenciana,2019,47,Comerç al detall (total CNAE 47),61357,5003769,12.262,-0.42,False,,INE DIRCE T=294 (locals); INE Padró T=29005 sumat per CCAA
ccaa,10,Comunitat Valenciana,2020,47,Comerç al detall (total CNAE 47),60646,5057353,11.992,-1.16,False,,INE DIRCE T=294 (locals); INE Padró T=29005 sumat per CCAA
ccaa,10,Comunitat Valenciana,2021,47,Comerç al detall (total CNAE 47),59875,5058138,11.837,-1.27,False,,INE DIRCE T=294 (locals); INE Padró T=29005 sumat per CCAA
ccaa,10,Comunitat Valenciana,2022,47,Comerç al detall (total CNAE 47),60094,5097967,11.788,0.37,False,,INE DIRCE T=294 (locals); INE Padró T=29005 sumat per CCAA
ccaa,10,Comunitat Valenciana,2023,47,Comerç al detall (total CNAE 47),55731,5210600,10.696,-7.26,True,La variació 2022→2023 travessa el trencament de sèrie DIRCE de 2023: no comparable.,INE DIRCE T=294 (locals); INE Padró T=29005 sumat per CCAA
ccaa,10,Comunitat Valenciana,2024,47,Comerç al detall (total CNAE 47),55010,5316541,10.347,-1.29,False,,INE DIRCE T=294 (locals); INE Padró T=29005 sumat per CCAA
ccaa,10,Comunitat Valenciana,2025,47,Comerç al detall (total CNAE 47),54446,5415843,10.053,-1.03,False,,INE DIRCE T=294 (locals); INE Padró T=29005 sumat per CCAA
ccaa,10,Comunitat Valenciana,2010,471,Establiments no especialitzats (súper i hiper),9155,5111706,1.791,,False,,INE DIRCE T=294 (locals); INE Padró T=29005 sumat per CCAA
ccaa,10,Comunitat Valenciana,2011,471,Establiments no especialitzats (súper i hiper),6260,5117190,1.223,-31.62,False,,INE DIRCE T=294 (locals); INE Padró T=29005 sumat per CCAA
ccaa,10,Comunitat Valenciana,2012,471,Establiments no especialitzats (súper i hiper),6330,5129266,1.234,1.12,False,,INE DIRCE T=294 (locals); INE Padró T=29005 sumat per CCAA
ccaa,10,Comunitat Valenciana,2013,471,Establiments no especialitzats (súper i hiper),6274,5113815,1.227,-0.88,False,,INE DIRCE T=294 (locals); INE Padró T=29005 sumat per CCAA
ccaa,10,Comunitat Valenciana,2014,471,Establiments no especialitzats (súper i hiper),6217,5004844,1.242,-0.91,False,,INE DIRCE T=294 (locals); INE Padró T=29005 sumat per CCAA
ccaa,10,Comunitat Valenciana,2015,471,Establiments no especialitzats (súper i hiper),6239,4980689,1.253,0.35,False,,INE DIRCE T=294 (locals); INE Padró T=29005 sumat per CCAA
ccaa,10,Comunitat Valenciana,2016,471,Establiments no especialitzats (súper i hiper),6133,4959968,1.236,-1.7,False,,INE DIRCE T=294 (locals); INE Padró T=29005 sumat per CCAA
ccaa,10,Comunitat Valenciana,2017,471,Establiments no especialitzats (súper i hiper),6048,4941509,1.224,-1.39,False,,INE DIRCE T=294 (locals); INE Padró T=29005 sumat per CCAA
ccaa,10,Comunitat Valenciana,2018,471,Establiments no especialitzats (súper i hiper),6031,4963703,1.215,-0.28,False,,INE DIRCE T=294 (locals); INE Padró T=29005 sumat per CCAA
ccaa,10,Comunitat Valenciana,2019,471,Establiments no especialitzats (súper i hiper),6092,5003769,1.217,1.01,False,,INE DIRCE T=294 (locals); INE Padró T=29005 sumat per CCAA
ccaa,10,Comunitat Valenciana,2020,471,Establiments no especialitzats (súper i hiper),5820,5057353,1.151,-4.46,False,,INE DIRCE T=294 (locals); INE Padró T=29005 sumat per CCAA
ccaa,10,Comunitat Valenciana,2021,471,Establiments no especialitzats (súper i hiper),5935,5058138,1.173,1.98,False,,INE DIRCE T=294 (locals); INE Padró T=29005 sumat per CCAA
ccaa,10,Comunitat Valenciana,2022,471,Establiments no especialitzats (súper i hiper),6112,5097967,1.199,2.98,False,,INE DIRCE T=294 (locals); INE Padró T=29005 sumat per CCAA
ccaa,10,Comunitat Valenciana,2023,471,Establiments no especialitzats (súper i hiper),5870,5210600,1.127,-3.96,True,La variació 2022→2023 travessa el trencament de sèrie DIRCE de 2023: no comparable.,INE DIRCE T=294 (locals); INE Padró T=29005 sumat per CCAA
ccaa,10,Comunitat Valenciana,2024,471,Establiments no especialitzats (súper i hiper),5867,5316541,1.104,-0.05,False,,INE DIRCE T=294 (locals); INE Padró T=29005 sumat per CCAA
ccaa,10,Comunitat Valenciana,2025,471,Establiments no especialitzats (súper i hiper),5844,5415843,1.079,-0.39,False,,INE DIRCE T=294 (locals); INE Padró T=29005 sumat per CCAA
ccaa,10,Comunitat Valenciana,2010,472,"Aliments, begudes i tabac (especialitzat)",11521,5111706,2.254,,False,,INE DIRCE T=294 (locals); INE Padró T=29005 sumat per CCAA
ccaa,10,Comunitat Valenciana,2011,472,"Aliments, begudes i tabac (especialitzat)",12708,5117190,2.483,10.3,False,,INE DIRCE T=294 (locals); INE Padró T=29005 sumat per CCAA
ccaa,10,Comunitat Valenciana,2012,472,"Aliments, begudes i tabac (especialitzat)",12649,5129266,2.466,-0.46,False,,INE DIRCE T=294 (locals); INE Padró T=29005 sumat per CCAA
ccaa,10,Comunitat Valenciana,2013,472,"Aliments, begudes i tabac (especialitzat)",12574,5113815,2.459,-0.59,False,,INE DIRCE T=294 (locals); INE Padró T=29005 sumat per CCAA
ccaa,10,Comunitat Valenciana,2014,472,"Aliments, begudes i tabac (especialitzat)",12481,5004844,2.494,-0.74,False,,INE DIRCE T=294 (locals); INE Padró T=29005 sumat per CCAA
ccaa,10,Comunitat Valenciana,2015,472,"Aliments, begudes i tabac (especialitzat)",12306,4980689,2.471,-1.4,False,,INE DIRCE T=294 (locals); INE Padró T=29005 sumat per CCAA
ccaa,10,Comunitat Valenciana,2016,472,"Aliments, begudes i tabac (especialitzat)",11848,4959968,2.389,-3.72,False,,INE DIRCE T=294 (locals); INE Padró T=29005 sumat per CCAA
ccaa,10,Comunitat Valenciana,2017,472,"Aliments, begudes i tabac (especialitzat)",11583,4941509,2.344,-2.24,False,,INE DIRCE T=294 (locals); INE Padró T=29005 sumat per CCAA
ccaa,10,Comunitat Valenciana,2018,472,"Aliments, begudes i tabac (especialitzat)",11253,4963703,2.267,-2.85,False,,INE DIRCE T=294 (locals); INE Padró T=29005 sumat per CCAA
ccaa,10,Comunitat Valenciana,2019,472,"Aliments, begudes i tabac (especialitzat)",10874,5003769,2.173,-3.37,False,,INE DIRCE T=294 (locals); INE Padró T=29005 sumat per CCAA
ccaa,10,Comunitat Valenciana,2020,472,"Aliments, begudes i tabac (especialitzat)",10571,5057353,2.09,-2.79,False,,INE DIRCE T=294 (locals); INE Padró T=29005 sumat per CCAA
ccaa,10,Comunitat Valenciana,2021,472,"Aliments, begudes i tabac (especialitzat)",10565,5058138,2.089,-0.06,False,,INE DIRCE T=294 (locals); INE Padró T=29005 sumat per CCAA
ccaa,10,Comunitat Valenciana,2022,472,"Aliments, begudes i tabac (especialitzat)",10454,5097967,2.051,-1.05,False,,INE DIRCE T=294 (locals); INE Padró T=29005 sumat per CCAA
ccaa,10,Comunitat Valenciana,2023,472,"Aliments, begudes i tabac (especialitzat)",9750,5210600,1.871,-6.73,True,La variació 2022→2023 travessa el trencament de sèrie DIRCE de 2023: no comparable.,INE DIRCE T=294 (locals); INE Padró T=29005 sumat per CCAA
ccaa,10,Comunitat Valenciana,2024,472,"Aliments, begudes i tabac (especialitzat)",9391,5316541,1.766,-3.68,False,,INE DIRCE T=294 (locals); INE Padró T=29005 sumat per CCAA
ccaa,10,Comunitat Valenciana,2025,472,"Aliments, begudes i tabac (especialitzat)",9228,5415843,1.704,-1.74,False,,INE DIRCE T=294 (locals); INE Padró T=29005 sumat per CCAA
ccaa,10,Comunitat Valenciana,2010,473,Combustible (gasolineres),885,5111706,0.173,,False,,INE DIRCE T=294 (locals); INE Padró T=29005 sumat per CCAA
ccaa,10,Comunitat Valenciana,2011,473,Combustible (gasolineres),913,5117190,0.178,3.16,False,,INE DIRCE T=294 (locals); INE Padró T=29005 sumat per CCAA
ccaa,10,Comunitat Valenciana,2012,473,Combustible (gasolineres),921,5129266,0.18,0.88,False,,INE DIRCE T=294 (locals); INE Padró T=29005 sumat per CCAA
ccaa,10,Comunitat Valenciana,2013,473,Combustible (gasolineres),943,5113815,0.184,2.39,False,,INE DIRCE T=294 (locals); INE Padró T=29005 sumat per CCAA
ccaa,10,Comunitat Valenciana,2014,473,Combustible (gasolineres),948,5004844,0.189,0.53,False,,INE DIRCE T=294 (locals); INE Padró T=29005 sumat per CCAA
ccaa,10,Comunitat Valenciana,2015,473,Combustible (gasolineres),981,4980689,0.197,3.48,False,,INE DIRCE T=294 (locals); INE Padró T=29005 sumat per CCAA
ccaa,10,Comunitat Valenciana,2016,473,Combustible (gasolineres),1022,4959968,0.206,4.18,False,,INE DIRCE T=294 (locals); INE Padró T=29005 sumat per CCAA
ccaa,10,Comunitat Valenciana,2017,473,Combustible (gasolineres),1058,4941509,0.214,3.52,False,,INE DIRCE T=294 (locals); INE Padró T=29005 sumat per CCAA
ccaa,10,Comunitat Valenciana,2018,473,Combustible (gasolineres),1065,4963703,0.215,0.66,False,,INE DIRCE T=294 (locals); INE Padró T=29005 sumat per CCAA
ccaa,10,Comunitat Valenciana,2019,473,Combustible (gasolineres),1175,5003769,0.235,10.33,False,,INE DIRCE T=294 (locals); INE Padró T=29005 sumat per CCAA
ccaa,10,Comunitat Valenciana,2020,473,Combustible (gasolineres),1188,5057353,0.235,1.11,False,,INE DIRCE T=294 (locals); INE Padró T=29005 sumat per CCAA
ccaa,10,Comunitat Valenciana,2021,473,Combustible (gasolineres),1181,5058138,0.233,-0.59,False,,INE DIRCE T=294 (locals); INE Padró T=29005 sumat per CCAA
ccaa,10,Comunitat Valenciana,2022,473,Combustible (gasolineres),1170,5097967,0.23,-0.93,False,,INE DIRCE T=294 (locals); INE Padró T=29005 sumat per CCAA
ccaa,10,Comunitat Valenciana,2023,473,Combustible (gasolineres),1178,5210600,0.226,0.68,True,La variació 2022→2023 travessa el trencament de sèrie DIRCE de 2023: no comparable.,INE DIRCE T=294 (locals); INE Padró T=29005 sumat per CCAA
ccaa,10,Comunitat Valenciana,2024,473,Combustible (gasolineres),1215,5316541,0.229,3.14,False,,INE DIRCE T=294 (locals); INE Padró T=29005 sumat per CCAA
ccaa,10,Comunitat Valenciana,2025,473,Combustible (gasolineres),1264,5415843,0.233,4.03,False,,INE DIRCE T=294 (locals); INE Padró T=29005 sumat per CCAA
ccaa,10,Comunitat Valenciana,2010,474,Equips TIC,1893,5111706,0.37,,False,,INE DIRCE T=294 (locals); INE Padró T=29005 sumat per CCAA
ccaa,10,Comunitat Valenciana,2011,474,Equips TIC,1763,5117190,0.345,-6.87,False,,INE DIRCE T=294 (locals); INE Padró T=29005 sumat per CCAA
ccaa,10,Comunitat Valenciana,2012,474,Equips TIC,1758,5129266,0.343,-0.28,False,,INE DIRCE T=294 (locals); INE Padró T=29005 sumat per CCAA
ccaa,10,Comunitat Valenciana,2013,474,Equips TIC,1731,5113815,0.338,-1.54,False,,INE DIRCE T=294 (locals); INE Padró T=29005 sumat per CCAA
ccaa,10,Comunitat Valenciana,2014,474,Equips TIC,1650,5004844,0.33,-4.68,False,,INE DIRCE T=294 (locals); INE Padró T=29005 sumat per CCAA
ccaa,10,Comunitat Valenciana,2015,474,Equips TIC,1574,4980689,0.316,-4.61,False,,INE DIRCE T=294 (locals); INE Padró T=29005 sumat per CCAA
ccaa,10,Comunitat Valenciana,2016,474,Equips TIC,1555,4959968,0.314,-1.21,False,,INE DIRCE T=294 (locals); INE Padró T=29005 sumat per CCAA
ccaa,10,Comunitat Valenciana,2017,474,Equips TIC,1519,4941509,0.307,-2.32,False,,INE DIRCE T=294 (locals); INE Padró T=29005 sumat per CCAA
ccaa,10,Comunitat Valenciana,2018,474,Equips TIC,1456,4963703,0.293,-4.15,False,,INE DIRCE T=294 (locals); INE Padró T=29005 sumat per CCAA
ccaa,10,Comunitat Valenciana,2019,474,Equips TIC,1431,5003769,0.286,-1.72,False,,INE DIRCE T=294 (locals); INE Padró T=29005 sumat per CCAA
ccaa,10,Comunitat Valenciana,2020,474,Equips TIC,1392,5057353,0.275,-2.73,False,,INE DIRCE T=294 (locals); INE Padró T=29005 sumat per CCAA
ccaa,10,Comunitat Valenciana,2021,474,Equips TIC,1314,5058138,0.26,-5.6,False,,INE DIRCE T=294 (locals); INE Padró T=29005 sumat per CCAA
ccaa,10,Comunitat Valenciana,2022,474,Equips TIC,1324,5097967,0.26,0.76,False,,INE DIRCE T=294 (locals); INE Padró T=29005 sumat per CCAA
ccaa,10,Comunitat Valenciana,2023,474,Equips TIC,1170,5210600,0.225,-11.63,True,La variació 2022→2023 travessa el trencament de sèrie DIRCE de 2023: no comparable.,INE DIRCE T=294 (locals); INE Padró T=29005 sumat per CCAA
ccaa,10,Comunitat Valenciana,2024,474,Equips TIC,1140,5316541,0.214,-2.56,False,,INE DIRCE T=294 (locals); INE Padró T=29005 sumat per CCAA
ccaa,10,Comunitat Valenciana,2025,474,Equips TIC,1131,5415843,0.209,-0.79,False,,INE DIRCE T=294 (locals); INE Padró T=29005 sumat per CCAA
ccaa,10,Comunitat Valenciana,2010,475,Equipament de la llar,11961,5111706,2.34,,False,,INE DIRCE T=294 (locals); INE Padró T=29005 sumat per CCAA
ccaa,10,Comunitat Valenciana,2011,475,Equipament de la llar,12631,5117190,2.468,5.6,False,,INE DIRCE T=294 (locals); INE Padró T=29005 sumat per CCAA
ccaa,10,Comunitat Valenciana,2012,475,Equipament de la llar,12243,5129266,2.387,-3.07,False,,INE DIRCE T=294 (locals); INE Padró T=29005 sumat per CCAA
ccaa,10,Comunitat Valenciana,2013,475,Equipament de la llar,11800,5113815,2.307,-3.62,False,,INE DIRCE T=294 (locals); INE Padró T=29005 sumat per CCAA
ccaa,10,Comunitat Valenciana,2014,475,Equipament de la llar,11516,5004844,2.301,-2.41,False,,INE DIRCE T=294 (locals); INE Padró T=29005 sumat per CCAA
ccaa,10,Comunitat Valenciana,2015,475,Equipament de la llar,11288,4980689,2.266,-1.98,False,,INE DIRCE T=294 (locals); INE Padró T=29005 sumat per CCAA
ccaa,10,Comunitat Valenciana,2016,475,Equipament de la llar,10903,4959968,2.198,-3.41,False,,INE DIRCE T=294 (locals); INE Padró T=29005 sumat per CCAA
ccaa,10,Comunitat Valenciana,2017,475,Equipament de la llar,10700,4941509,2.165,-1.86,False,,INE DIRCE T=294 (locals); INE Padró T=29005 sumat per CCAA
ccaa,10,Comunitat Valenciana,2018,475,Equipament de la llar,10249,4963703,2.065,-4.21,False,,INE DIRCE T=294 (locals); INE Padró T=29005 sumat per CCAA
ccaa,10,Comunitat Valenciana,2019,475,Equipament de la llar,10038,5003769,2.006,-2.06,False,,INE DIRCE T=294 (locals); INE Padró T=29005 sumat per CCAA
ccaa,10,Comunitat Valenciana,2020,475,Equipament de la llar,9789,5057353,1.936,-2.48,False,,INE DIRCE T=294 (locals); INE Padró T=29005 sumat per CCAA
ccaa,10,Comunitat Valenciana,2021,475,Equipament de la llar,9492,5058138,1.877,-3.03,False,,INE DIRCE T=294 (locals); INE Padró T=29005 sumat per CCAA
ccaa,10,Comunitat Valenciana,2022,475,Equipament de la llar,9522,5097967,1.868,0.32,False,,INE DIRCE T=294 (locals); INE Padró T=29005 sumat per CCAA
ccaa,10,Comunitat Valenciana,2023,475,Equipament de la llar,8932,5210600,1.714,-6.2,True,La variació 2022→2023 travessa el trencament de sèrie DIRCE de 2023: no comparable.,INE DIRCE T=294 (locals); INE Padró T=29005 sumat per CCAA
ccaa,10,Comunitat Valenciana,2024,475,Equipament de la llar,8925,5316541,1.679,-0.08,False,,INE DIRCE T=294 (locals); INE Padró T=29005 sumat per CCAA
ccaa,10,Comunitat Valenciana,2025,475,Equipament de la llar,8817,5415843,1.628,-1.21,False,,INE DIRCE T=294 (locals); INE Padró T=29005 sumat per CCAA
ccaa,10,Comunitat Valenciana,2010,476,Articles culturals i recreatius,4138,5111706,0.81,,False,,INE DIRCE T=294 (locals); INE Padró T=29005 sumat per CCAA
ccaa,10,Comunitat Valenciana,2011,476,Articles culturals i recreatius,4487,5117190,0.877,8.43,False,,INE DIRCE T=294 (locals); INE Padró T=29005 sumat per CCAA
ccaa,10,Comunitat Valenciana,2012,476,Articles culturals i recreatius,4403,5129266,0.858,-1.87,False,,INE DIRCE T=294 (locals); INE Padró T=29005 sumat per CCAA
ccaa,10,Comunitat Valenciana,2013,476,Articles culturals i recreatius,4366,5113815,0.854,-0.84,False,,INE DIRCE T=294 (locals); INE Padró T=29005 sumat per CCAA
ccaa,10,Comunitat Valenciana,2014,476,Articles culturals i recreatius,4246,5004844,0.848,-2.75,False,,INE DIRCE T=294 (locals); INE Padró T=29005 sumat per CCAA
ccaa,10,Comunitat Valenciana,2015,476,Articles culturals i recreatius,4187,4980689,0.841,-1.39,False,,INE DIRCE T=294 (locals); INE Padró T=29005 sumat per CCAA
ccaa,10,Comunitat Valenciana,2016,476,Articles culturals i recreatius,4060,4959968,0.819,-3.03,False,,INE DIRCE T=294 (locals); INE Padró T=29005 sumat per CCAA
ccaa,10,Comunitat Valenciana,2017,476,Articles culturals i recreatius,3963,4941509,0.802,-2.39,False,,INE DIRCE T=294 (locals); INE Padró T=29005 sumat per CCAA
ccaa,10,Comunitat Valenciana,2018,476,Articles culturals i recreatius,3870,4963703,0.78,-2.35,False,,INE DIRCE T=294 (locals); INE Padró T=29005 sumat per CCAA
ccaa,10,Comunitat Valenciana,2019,476,Articles culturals i recreatius,3553,5003769,0.71,-8.19,False,,INE DIRCE T=294 (locals); INE Padró T=29005 sumat per CCAA
ccaa,10,Comunitat Valenciana,2020,476,Articles culturals i recreatius,3401,5057353,0.672,-4.28,False,,INE DIRCE T=294 (locals); INE Padró T=29005 sumat per CCAA
ccaa,10,Comunitat Valenciana,2021,476,Articles culturals i recreatius,3300,5058138,0.652,-2.97,False,,INE DIRCE T=294 (locals); INE Padró T=29005 sumat per CCAA
ccaa,10,Comunitat Valenciana,2022,476,Articles culturals i recreatius,3286,5097967,0.645,-0.42,False,,INE DIRCE T=294 (locals); INE Padró T=29005 sumat per CCAA
ccaa,10,Comunitat Valenciana,2023,476,Articles culturals i recreatius,3069,5210600,0.589,-6.6,True,La variació 2022→2023 travessa el trencament de sèrie DIRCE de 2023: no comparable.,INE DIRCE T=294 (locals); INE Padró T=29005 sumat per CCAA
ccaa,10,Comunitat Valenciana,2024,476,Articles culturals i recreatius,2989,5316541,0.562,-2.61,False,,INE DIRCE T=294 (locals); INE Padró T=29005 sumat per CCAA
ccaa,10,Comunitat Valenciana,2025,476,Articles culturals i recreatius,2928,5415843,0.541,-2.04,False,,INE DIRCE T=294 (locals); INE Padró T=29005 sumat per CCAA
ccaa,10,Comunitat Valenciana,2010,477,"Altres articles (moda, calçat, etc.)",20399,5111706,3.991,,False,,INE DIRCE T=294 (locals); INE Padró T=29005 sumat per CCAA
ccaa,10,Comunitat Valenciana,2011,477,"Altres articles (moda, calçat, etc.)",20628,5117190,4.031,1.12,False,,INE DIRCE T=294 (locals); INE Padró T=29005 sumat per CCAA
ccaa,10,Comunitat Valenciana,2012,477,"Altres articles (moda, calçat, etc.)",20492,5129266,3.995,-0.66,False,,INE DIRCE T=294 (locals); INE Padró T=29005 sumat per CCAA
ccaa,10,Comunitat Valenciana,2013,477,"Altres articles (moda, calçat, etc.)",19985,5113815,3.908,-2.47,False,,INE DIRCE T=294 (locals); INE Padró T=29005 sumat per CCAA
ccaa,10,Comunitat Valenciana,2014,477,"Altres articles (moda, calçat, etc.)",19766,5004844,3.949,-1.1,False,,INE DIRCE T=294 (locals); INE Padró T=29005 sumat per CCAA
ccaa,10,Comunitat Valenciana,2015,477,"Altres articles (moda, calçat, etc.)",19807,4980689,3.977,0.21,False,,INE DIRCE T=294 (locals); INE Padró T=29005 sumat per CCAA
ccaa,10,Comunitat Valenciana,2016,477,"Altres articles (moda, calçat, etc.)",19712,4959968,3.974,-0.48,False,,INE DIRCE T=294 (locals); INE Padró T=29005 sumat per CCAA
ccaa,10,Comunitat Valenciana,2017,477,"Altres articles (moda, calçat, etc.)",19852,4941509,4.017,0.71,False,,INE DIRCE T=294 (locals); INE Padró T=29005 sumat per CCAA
ccaa,10,Comunitat Valenciana,2018,477,"Altres articles (moda, calçat, etc.)",19886,4963703,4.006,0.17,False,,INE DIRCE T=294 (locals); INE Padró T=29005 sumat per CCAA
ccaa,10,Comunitat Valenciana,2019,477,"Altres articles (moda, calçat, etc.)",19994,5003769,3.996,0.54,False,,INE DIRCE T=294 (locals); INE Padró T=29005 sumat per CCAA
ccaa,10,Comunitat Valenciana,2020,477,"Altres articles (moda, calçat, etc.)",19413,5057353,3.839,-2.91,False,,INE DIRCE T=294 (locals); INE Padró T=29005 sumat per CCAA
ccaa,10,Comunitat Valenciana,2021,477,"Altres articles (moda, calçat, etc.)",19095,5058138,3.775,-1.64,False,,INE DIRCE T=294 (locals); INE Padró T=29005 sumat per CCAA
ccaa,10,Comunitat Valenciana,2022,477,"Altres articles (moda, calçat, etc.)",19107,5097967,3.748,0.06,False,,INE DIRCE T=294 (locals); INE Padró T=29005 sumat per CCAA
ccaa,10,Comunitat Valenciana,2023,477,"Altres articles (moda, calçat, etc.)",18020,5210600,3.458,-5.69,True,La variació 2022→2023 travessa el trencament de sèrie DIRCE de 2023: no comparable.,INE DIRCE T=294 (locals); INE Padró T=29005 sumat per CCAA
ccaa,10,Comunitat Valenciana,2024,477,"Altres articles (moda, calçat, etc.)",17824,5316541,3.353,-1.09,False,,INE DIRCE T=294 (locals); INE Padró T=29005 sumat per CCAA
ccaa,10,Comunitat Valenciana,2025,477,"Altres articles (moda, calçat, etc.)",17669,5415843,3.262,-0.87,False,,INE DIRCE T=294 (locals); INE Padró T=29005 sumat per CCAA
ccaa,10,Comunitat Valenciana,2010,478,Punts de venda i mercadillos,6585,5111706,1.288,,False,,INE DIRCE T=294 (locals); INE Padró T=29005 sumat per CCAA
ccaa,10,Comunitat Valenciana,2011,478,Punts de venda i mercadillos,6552,5117190,1.28,-0.5,False,,INE DIRCE T=294 (locals); INE Padró T=29005 sumat per CCAA
ccaa,10,Comunitat Valenciana,2012,478,Punts de venda i mercadillos,6431,5129266,1.254,-1.85,False,,INE DIRCE T=294 (locals); INE Padró T=29005 sumat per CCAA
ccaa,10,Comunitat Valenciana,2013,478,Punts de venda i mercadillos,6275,5113815,1.227,-2.43,False,,INE DIRCE T=294 (locals); INE Padró T=29005 sumat per CCAA
ccaa,10,Comunitat Valenciana,2014,478,Punts de venda i mercadillos,5922,5004844,1.183,-5.63,False,,INE DIRCE T=294 (locals); INE Padró T=29005 sumat per CCAA
ccaa,10,Comunitat Valenciana,2015,478,Punts de venda i mercadillos,6354,4980689,1.276,7.29,False,,INE DIRCE T=294 (locals); INE Padró T=29005 sumat per CCAA
ccaa,10,Comunitat Valenciana,2016,478,Punts de venda i mercadillos,6373,4959968,1.285,0.3,False,,INE DIRCE T=294 (locals); INE Padró T=29005 sumat per CCAA
ccaa,10,Comunitat Valenciana,2017,478,Punts de venda i mercadillos,6350,4941509,1.285,-0.36,False,,INE DIRCE T=294 (locals); INE Padró T=29005 sumat per CCAA
ccaa,10,Comunitat Valenciana,2018,478,Punts de venda i mercadillos,6287,4963703,1.267,-0.99,False,,INE DIRCE T=294 (locals); INE Padró T=29005 sumat per CCAA
ccaa,10,Comunitat Valenciana,2019,478,Punts de venda i mercadillos,6542,5003769,1.307,4.06,False,,INE DIRCE T=294 (locals); INE Padró T=29005 sumat per CCAA
ccaa,10,Comunitat Valenciana,2020,478,Punts de venda i mercadillos,6694,5057353,1.324,2.32,False,,INE DIRCE T=294 (locals); INE Padró T=29005 sumat per CCAA
ccaa,10,Comunitat Valenciana,2021,478,Punts de venda i mercadillos,6401,5058138,1.265,-4.38,False,,INE DIRCE T=294 (locals); INE Padró T=29005 sumat per CCAA
ccaa,10,Comunitat Valenciana,2022,478,Punts de venda i mercadillos,6242,5097967,1.224,-2.48,False,,INE DIRCE T=294 (locals); INE Padró T=29005 sumat per CCAA
ccaa,10,Comunitat Valenciana,2023,478,Punts de venda i mercadillos,5348,5210600,1.026,-14.32,True,La variació 2022→2023 travessa el trencament de sèrie DIRCE de 2023: no comparable.,INE DIRCE T=294 (locals); INE Padró T=29005 sumat per CCAA
ccaa,10,Comunitat Valenciana,2024,478,Punts de venda i mercadillos,5187,5316541,0.976,-3.01,False,,INE DIRCE T=294 (locals); INE Padró T=29005 sumat per CCAA
ccaa,10,Comunitat Valenciana,2025,478,Punts de venda i mercadillos,5063,5415843,0.935,-2.39,False,,INE DIRCE T=294 (locals); INE Padró T=29005 sumat per CCAA
ccaa,10,Comunitat Valenciana,2010,479,Comerç no en establiment (internet),1192,5111706,0.233,,False,,INE DIRCE T=294 (locals); INE Padró T=29005 sumat per CCAA
ccaa,10,Comunitat Valenciana,2011,479,Comerç no en establiment (internet),1176,5117190,0.23,-1.34,False,,INE DIRCE T=294 (locals); INE Padró T=29005 sumat per CCAA
ccaa,10,Comunitat Valenciana,2012,479,Comerç no en establiment (internet),1212,5129266,0.236,3.06,False,,INE DIRCE T=294 (locals); INE Padró T=29005 sumat per CCAA
ccaa,10,Comunitat Valenciana,2013,479,Comerç no en establiment (internet),1220,5113815,0.239,0.66,False,,INE DIRCE T=294 (locals); INE Padró T=29005 sumat per CCAA
ccaa,10,Comunitat Valenciana,2014,479,Comerç no en establiment (internet),1276,5004844,0.255,4.59,False,,INE DIRCE T=294 (locals); INE Padró T=29005 sumat per CCAA
ccaa,10,Comunitat Valenciana,2015,479,Comerç no en establiment (internet),1318,4980689,0.265,3.29,False,,INE DIRCE T=294 (locals); INE Padró T=29005 sumat per CCAA
ccaa,10,Comunitat Valenciana,2016,479,Comerç no en establiment (internet),1393,4959968,0.281,5.69,False,,INE DIRCE T=294 (locals); INE Padró T=29005 sumat per CCAA
ccaa,10,Comunitat Valenciana,2017,479,Comerç no en establiment (internet),1461,4941509,0.296,4.88,False,,INE DIRCE T=294 (locals); INE Padró T=29005 sumat per CCAA
ccaa,10,Comunitat Valenciana,2018,479,Comerç no en establiment (internet),1519,4963703,0.306,3.97,False,,INE DIRCE T=294 (locals); INE Padró T=29005 sumat per CCAA
ccaa,10,Comunitat Valenciana,2019,479,Comerç no en establiment (internet),1658,5003769,0.331,9.15,False,,INE DIRCE T=294 (locals); INE Padró T=29005 sumat per CCAA
ccaa,10,Comunitat Valenciana,2020,479,Comerç no en establiment (internet),2378,5057353,0.47,43.43,False,,INE DIRCE T=294 (locals); INE Padró T=29005 sumat per CCAA
ccaa,10,Comunitat Valenciana,2021,479,Comerç no en establiment (internet),2592,5058138,0.512,9.0,False,,INE DIRCE T=294 (locals); INE Padró T=29005 sumat per CCAA
ccaa,10,Comunitat Valenciana,2022,479,Comerç no en establiment (internet),2877,5097967,0.564,11.0,False,,INE DIRCE T=294 (locals); INE Padró T=29005 sumat per CCAA
ccaa,10,Comunitat Valenciana,2023,479,Comerç no en establiment (internet),2394,5210600,0.459,-16.79,True,La variació 2022→2023 travessa el trencament de sèrie DIRCE de 2023: no comparable.,INE DIRCE T=294 (locals); INE Padró T=29005 sumat per CCAA
ccaa,10,Comunitat Valenciana,2024,479,Comerç no en establiment (internet),2472,5316541,0.465,3.26,False,,INE DIRCE T=294 (locals); INE Padró T=29005 sumat per CCAA
ccaa,10,Comunitat Valenciana,2025,479,Comerç no en establiment (internet),2502,5415843,0.462,1.21,False,,INE DIRCE T=294 (locals); INE Padró T=29005 sumat per CCAA
ccaa,11,Extremadura,2010,47,Comerç al detall (total CNAE 47),15763,1107220,14.237,,False,,INE DIRCE T=294 (locals); INE Padró T=29005 sumat per CCAA
ccaa,11,Extremadura,2011,47,Comerç al detall (total CNAE 47),15423,1109367,13.903,-2.16,False,,INE DIRCE T=294 (locals); INE Padró T=29005 sumat per CCAA
ccaa,11,Extremadura,2012,47,Comerç al detall (total CNAE 47),15454,1108130,13.946,0.2,False,,INE DIRCE T=294 (locals); INE Padró T=29005 sumat per CCAA
ccaa,11,Extremadura,2013,47,Comerç al detall (total CNAE 47),15400,1104004,13.949,-0.35,False,,INE DIRCE T=294 (locals); INE Padró T=29005 sumat per CCAA
ccaa,11,Extremadura,2014,47,Comerç al detall (total CNAE 47),14929,1099632,13.576,-3.06,False,,INE DIRCE T=294 (locals); INE Padró T=29005 sumat per CCAA
ccaa,11,Extremadura,2015,47,Comerç al detall (total CNAE 47),14926,1092997,13.656,-0.02,False,,INE DIRCE T=294 (locals); INE Padró T=29005 sumat per CCAA
ccaa,11,Extremadura,2016,47,Comerç al detall (total CNAE 47),14696,1087778,13.51,-1.54,False,,INE DIRCE T=294 (locals); INE Padró T=29005 sumat per CCAA
ccaa,11,Extremadura,2017,47,Comerç al detall (total CNAE 47),14511,1079920,13.437,-1.26,False,,INE DIRCE T=294 (locals); INE Padró T=29005 sumat per CCAA
ccaa,11,Extremadura,2018,47,Comerç al detall (total CNAE 47),14453,1072863,13.471,-0.4,False,,INE DIRCE T=294 (locals); INE Padró T=29005 sumat per CCAA
ccaa,11,Extremadura,2019,47,Comerç al detall (total CNAE 47),14469,1067710,13.551,0.11,False,,INE DIRCE T=294 (locals); INE Padró T=29005 sumat per CCAA
ccaa,11,Extremadura,2020,47,Comerç al detall (total CNAE 47),14375,1063987,13.511,-0.65,False,,INE DIRCE T=294 (locals); INE Padró T=29005 sumat per CCAA
ccaa,11,Extremadura,2021,47,Comerç al detall (total CNAE 47),14035,1059501,13.247,-2.37,False,,INE DIRCE T=294 (locals); INE Padró T=29005 sumat per CCAA
ccaa,11,Extremadura,2022,47,Comerç al detall (total CNAE 47),14087,1054776,13.355,0.37,False,,INE DIRCE T=294 (locals); INE Padró T=29005 sumat per CCAA
ccaa,11,Extremadura,2023,47,Comerç al detall (total CNAE 47),13160,1052523,12.503,-6.58,True,La variació 2022→2023 travessa el trencament de sèrie DIRCE de 2023: no comparable.,INE DIRCE T=294 (locals); INE Padró T=29005 sumat per CCAA
ccaa,11,Extremadura,2024,47,Comerç al detall (total CNAE 47),12837,1052790,12.193,-2.45,False,,INE DIRCE T=294 (locals); INE Padró T=29005 sumat per CCAA
ccaa,11,Extremadura,2025,47,Comerç al detall (total CNAE 47),12520,1051638,11.905,-2.47,False,,INE DIRCE T=294 (locals); INE Padró T=29005 sumat per CCAA
ccaa,11,Extremadura,2010,471,Establiments no especialitzats (súper i hiper),3802,1107220,3.434,,False,,INE DIRCE T=294 (locals); INE Padró T=29005 sumat per CCAA
ccaa,11,Extremadura,2011,471,Establiments no especialitzats (súper i hiper),2630,1109367,2.371,-30.83,False,,INE DIRCE T=294 (locals); INE Padró T=29005 sumat per CCAA
ccaa,11,Extremadura,2012,471,Establiments no especialitzats (súper i hiper),2607,1108130,2.353,-0.87,False,,INE DIRCE T=294 (locals); INE Padró T=29005 sumat per CCAA
ccaa,11,Extremadura,2013,471,Establiments no especialitzats (súper i hiper),2500,1104004,2.264,-4.1,False,,INE DIRCE T=294 (locals); INE Padró T=29005 sumat per CCAA
ccaa,11,Extremadura,2014,471,Establiments no especialitzats (súper i hiper),2475,1099632,2.251,-1.0,False,,INE DIRCE T=294 (locals); INE Padró T=29005 sumat per CCAA
ccaa,11,Extremadura,2015,471,Establiments no especialitzats (súper i hiper),2463,1092997,2.253,-0.48,False,,INE DIRCE T=294 (locals); INE Padró T=29005 sumat per CCAA
ccaa,11,Extremadura,2016,471,Establiments no especialitzats (súper i hiper),2461,1087778,2.262,-0.08,False,,INE DIRCE T=294 (locals); INE Padró T=29005 sumat per CCAA
ccaa,11,Extremadura,2017,471,Establiments no especialitzats (súper i hiper),2405,1079920,2.227,-2.28,False,,INE DIRCE T=294 (locals); INE Padró T=29005 sumat per CCAA
ccaa,11,Extremadura,2018,471,Establiments no especialitzats (súper i hiper),2353,1072863,2.193,-2.16,False,,INE DIRCE T=294 (locals); INE Padró T=29005 sumat per CCAA
ccaa,11,Extremadura,2019,471,Establiments no especialitzats (súper i hiper),2357,1067710,2.208,0.17,False,,INE DIRCE T=294 (locals); INE Padró T=29005 sumat per CCAA
ccaa,11,Extremadura,2020,471,Establiments no especialitzats (súper i hiper),2240,1063987,2.105,-4.96,False,,INE DIRCE T=294 (locals); INE Padró T=29005 sumat per CCAA
ccaa,11,Extremadura,2021,471,Establiments no especialitzats (súper i hiper),2162,1059501,2.041,-3.48,False,,INE DIRCE T=294 (locals); INE Padró T=29005 sumat per CCAA
ccaa,11,Extremadura,2022,471,Establiments no especialitzats (súper i hiper),2169,1054776,2.056,0.32,False,,INE DIRCE T=294 (locals); INE Padró T=29005 sumat per CCAA
ccaa,11,Extremadura,2023,471,Establiments no especialitzats (súper i hiper),2045,1052523,1.943,-5.72,True,La variació 2022→2023 travessa el trencament de sèrie DIRCE de 2023: no comparable.,INE DIRCE T=294 (locals); INE Padró T=29005 sumat per CCAA
ccaa,11,Extremadura,2024,471,Establiments no especialitzats (súper i hiper),1954,1052790,1.856,-4.45,False,,INE DIRCE T=294 (locals); INE Padró T=29005 sumat per CCAA
ccaa,11,Extremadura,2025,471,Establiments no especialitzats (súper i hiper),1911,1051638,1.817,-2.2,False,,INE DIRCE T=294 (locals); INE Padró T=29005 sumat per CCAA
ccaa,11,Extremadura,2010,472,"Aliments, begudes i tabac (especialitzat)",2337,1107220,2.111,,False,,INE DIRCE T=294 (locals); INE Padró T=29005 sumat per CCAA
ccaa,11,Extremadura,2011,472,"Aliments, begudes i tabac (especialitzat)",3006,1109367,2.71,28.63,False,,INE DIRCE T=294 (locals); INE Padró T=29005 sumat per CCAA
ccaa,11,Extremadura,2012,472,"Aliments, begudes i tabac (especialitzat)",3070,1108130,2.77,2.13,False,,INE DIRCE T=294 (locals); INE Padró T=29005 sumat per CCAA
ccaa,11,Extremadura,2013,472,"Aliments, begudes i tabac (especialitzat)",3218,1104004,2.915,4.82,False,,INE DIRCE T=294 (locals); INE Padró T=29005 sumat per CCAA
ccaa,11,Extremadura,2014,472,"Aliments, begudes i tabac (especialitzat)",3084,1099632,2.805,-4.16,False,,INE DIRCE T=294 (locals); INE Padró T=29005 sumat per CCAA
ccaa,11,Extremadura,2015,472,"Aliments, begudes i tabac (especialitzat)",3011,1092997,2.755,-2.37,False,,INE DIRCE T=294 (locals); INE Padró T=29005 sumat per CCAA
ccaa,11,Extremadura,2016,472,"Aliments, begudes i tabac (especialitzat)",2838,1087778,2.609,-5.75,False,,INE DIRCE T=294 (locals); INE Padró T=29005 sumat per CCAA
ccaa,11,Extremadura,2017,472,"Aliments, begudes i tabac (especialitzat)",2805,1079920,2.597,-1.16,False,,INE DIRCE T=294 (locals); INE Padró T=29005 sumat per CCAA
ccaa,11,Extremadura,2018,472,"Aliments, begudes i tabac (especialitzat)",2745,1072863,2.559,-2.14,False,,INE DIRCE T=294 (locals); INE Padró T=29005 sumat per CCAA
ccaa,11,Extremadura,2019,472,"Aliments, begudes i tabac (especialitzat)",2683,1067710,2.513,-2.26,False,,INE DIRCE T=294 (locals); INE Padró T=29005 sumat per CCAA
ccaa,11,Extremadura,2020,472,"Aliments, begudes i tabac (especialitzat)",2644,1063987,2.485,-1.45,False,,INE DIRCE T=294 (locals); INE Padró T=29005 sumat per CCAA
ccaa,11,Extremadura,2021,472,"Aliments, begudes i tabac (especialitzat)",2627,1059501,2.479,-0.64,False,,INE DIRCE T=294 (locals); INE Padró T=29005 sumat per CCAA
ccaa,11,Extremadura,2022,472,"Aliments, begudes i tabac (especialitzat)",2525,1054776,2.394,-3.88,False,,INE DIRCE T=294 (locals); INE Padró T=29005 sumat per CCAA
ccaa,11,Extremadura,2023,472,"Aliments, begudes i tabac (especialitzat)",2346,1052523,2.229,-7.09,True,La variació 2022→2023 travessa el trencament de sèrie DIRCE de 2023: no comparable.,INE DIRCE T=294 (locals); INE Padró T=29005 sumat per CCAA
ccaa,11,Extremadura,2024,472,"Aliments, begudes i tabac (especialitzat)",2271,1052790,2.157,-3.2,False,,INE DIRCE T=294 (locals); INE Padró T=29005 sumat per CCAA
ccaa,11,Extremadura,2025,472,"Aliments, begudes i tabac (especialitzat)",2177,1051638,2.07,-4.14,False,,INE DIRCE T=294 (locals); INE Padró T=29005 sumat per CCAA
ccaa,11,Extremadura,2010,473,Combustible (gasolineres),333,1107220,0.301,,False,,INE DIRCE T=294 (locals); INE Padró T=29005 sumat per CCAA
ccaa,11,Extremadura,2011,473,Combustible (gasolineres),343,1109367,0.309,3.0,False,,INE DIRCE T=294 (locals); INE Padró T=29005 sumat per CCAA
ccaa,11,Extremadura,2012,473,Combustible (gasolineres),344,1108130,0.31,0.29,False,,INE DIRCE T=294 (locals); INE Padró T=29005 sumat per CCAA
ccaa,11,Extremadura,2013,473,Combustible (gasolineres),342,1104004,0.31,-0.58,False,,INE DIRCE T=294 (locals); INE Padró T=29005 sumat per CCAA
ccaa,11,Extremadura,2014,473,Combustible (gasolineres),349,1099632,0.317,2.05,False,,INE DIRCE T=294 (locals); INE Padró T=29005 sumat per CCAA
ccaa,11,Extremadura,2015,473,Combustible (gasolineres),361,1092997,0.33,3.44,False,,INE DIRCE T=294 (locals); INE Padró T=29005 sumat per CCAA
ccaa,11,Extremadura,2016,473,Combustible (gasolineres),375,1087778,0.345,3.88,False,,INE DIRCE T=294 (locals); INE Padró T=29005 sumat per CCAA
ccaa,11,Extremadura,2017,473,Combustible (gasolineres),381,1079920,0.353,1.6,False,,INE DIRCE T=294 (locals); INE Padró T=29005 sumat per CCAA
ccaa,11,Extremadura,2018,473,Combustible (gasolineres),394,1072863,0.367,3.41,False,,INE DIRCE T=294 (locals); INE Padró T=29005 sumat per CCAA
ccaa,11,Extremadura,2019,473,Combustible (gasolineres),405,1067710,0.379,2.79,False,,INE DIRCE T=294 (locals); INE Padró T=29005 sumat per CCAA
ccaa,11,Extremadura,2020,473,Combustible (gasolineres),407,1063987,0.383,0.49,False,,INE DIRCE T=294 (locals); INE Padró T=29005 sumat per CCAA
ccaa,11,Extremadura,2021,473,Combustible (gasolineres),408,1059501,0.385,0.25,False,,INE DIRCE T=294 (locals); INE Padró T=29005 sumat per CCAA
ccaa,11,Extremadura,2022,473,Combustible (gasolineres),409,1054776,0.388,0.25,False,,INE DIRCE T=294 (locals); INE Padró T=29005 sumat per CCAA
ccaa,11,Extremadura,2023,473,Combustible (gasolineres),405,1052523,0.385,-0.98,True,La variació 2022→2023 travessa el trencament de sèrie DIRCE de 2023: no comparable.,INE DIRCE T=294 (locals); INE Padró T=29005 sumat per CCAA
ccaa,11,Extremadura,2024,473,Combustible (gasolineres),402,1052790,0.382,-0.74,False,,INE DIRCE T=294 (locals); INE Padró T=29005 sumat per CCAA
ccaa,11,Extremadura,2025,473,Combustible (gasolineres),415,1051638,0.395,3.23,False,,INE DIRCE T=294 (locals); INE Padró T=29005 sumat per CCAA
ccaa,11,Extremadura,2010,474,Equips TIC,208,1107220,0.188,,False,,INE DIRCE T=294 (locals); INE Padró T=29005 sumat per CCAA
ccaa,11,Extremadura,2011,474,Equips TIC,208,1109367,0.187,0.0,False,,INE DIRCE T=294 (locals); INE Padró T=29005 sumat per CCAA
ccaa,11,Extremadura,2012,474,Equips TIC,205,1108130,0.185,-1.44,False,,INE DIRCE T=294 (locals); INE Padró T=29005 sumat per CCAA
ccaa,11,Extremadura,2013,474,Equips TIC,225,1104004,0.204,9.76,False,,INE DIRCE T=294 (locals); INE Padró T=29005 sumat per CCAA
ccaa,11,Extremadura,2014,474,Equips TIC,232,1099632,0.211,3.11,False,,INE DIRCE T=294 (locals); INE Padró T=29005 sumat per CCAA
ccaa,11,Extremadura,2015,474,Equips TIC,244,1092997,0.223,5.17,False,,INE DIRCE T=294 (locals); INE Padró T=29005 sumat per CCAA
ccaa,11,Extremadura,2016,474,Equips TIC,225,1087778,0.207,-7.79,False,,INE DIRCE T=294 (locals); INE Padró T=29005 sumat per CCAA
ccaa,11,Extremadura,2017,474,Equips TIC,227,1079920,0.21,0.89,False,,INE DIRCE T=294 (locals); INE Padró T=29005 sumat per CCAA
ccaa,11,Extremadura,2018,474,Equips TIC,237,1072863,0.221,4.41,False,,INE DIRCE T=294 (locals); INE Padró T=29005 sumat per CCAA
ccaa,11,Extremadura,2019,474,Equips TIC,254,1067710,0.238,7.17,False,,INE DIRCE T=294 (locals); INE Padró T=29005 sumat per CCAA
ccaa,11,Extremadura,2020,474,Equips TIC,264,1063987,0.248,3.94,False,,INE DIRCE T=294 (locals); INE Padró T=29005 sumat per CCAA
ccaa,11,Extremadura,2021,474,Equips TIC,236,1059501,0.223,-10.61,False,,INE DIRCE T=294 (locals); INE Padró T=29005 sumat per CCAA
ccaa,11,Extremadura,2022,474,Equips TIC,252,1054776,0.239,6.78,False,,INE DIRCE T=294 (locals); INE Padró T=29005 sumat per CCAA
ccaa,11,Extremadura,2023,474,Equips TIC,239,1052523,0.227,-5.16,True,La variació 2022→2023 travessa el trencament de sèrie DIRCE de 2023: no comparable.,INE DIRCE T=294 (locals); INE Padró T=29005 sumat per CCAA
ccaa,11,Extremadura,2024,474,Equips TIC,230,1052790,0.218,-3.77,False,,INE DIRCE T=294 (locals); INE Padró T=29005 sumat per CCAA
ccaa,11,Extremadura,2025,474,Equips TIC,211,1051638,0.201,-8.26,False,,INE DIRCE T=294 (locals); INE Padró T=29005 sumat per CCAA
ccaa,11,Extremadura,2010,475,Equipament de la llar,2667,1107220,2.409,,False,,INE DIRCE T=294 (locals); INE Padró T=29005 sumat per CCAA
ccaa,11,Extremadura,2011,475,Equipament de la llar,2819,1109367,2.541,5.7,False,,INE DIRCE T=294 (locals); INE Padró T=29005 sumat per CCAA
ccaa,11,Extremadura,2012,475,Equipament de la llar,2817,1108130,2.542,-0.07,False,,INE DIRCE T=294 (locals); INE Padró T=29005 sumat per CCAA
ccaa,11,Extremadura,2013,475,Equipament de la llar,2757,1104004,2.497,-2.13,False,,INE DIRCE T=294 (locals); INE Padró T=29005 sumat per CCAA
ccaa,11,Extremadura,2014,475,Equipament de la llar,2675,1099632,2.433,-2.97,False,,INE DIRCE T=294 (locals); INE Padró T=29005 sumat per CCAA
ccaa,11,Extremadura,2015,475,Equipament de la llar,2626,1092997,2.403,-1.83,False,,INE DIRCE T=294 (locals); INE Padró T=29005 sumat per CCAA
ccaa,11,Extremadura,2016,475,Equipament de la llar,2552,1087778,2.346,-2.82,False,,INE DIRCE T=294 (locals); INE Padró T=29005 sumat per CCAA
ccaa,11,Extremadura,2017,475,Equipament de la llar,2460,1079920,2.278,-3.61,False,,INE DIRCE T=294 (locals); INE Padró T=29005 sumat per CCAA
ccaa,11,Extremadura,2018,475,Equipament de la llar,2415,1072863,2.251,-1.83,False,,INE DIRCE T=294 (locals); INE Padró T=29005 sumat per CCAA
ccaa,11,Extremadura,2019,475,Equipament de la llar,2321,1067710,2.174,-3.89,False,,INE DIRCE T=294 (locals); INE Padró T=29005 sumat per CCAA
ccaa,11,Extremadura,2020,475,Equipament de la llar,2273,1063987,2.136,-2.07,False,,INE DIRCE T=294 (locals); INE Padró T=29005 sumat per CCAA
ccaa,11,Extremadura,2021,475,Equipament de la llar,2278,1059501,2.15,0.22,False,,INE DIRCE T=294 (locals); INE Padró T=29005 sumat per CCAA
ccaa,11,Extremadura,2022,475,Equipament de la llar,2298,1054776,2.179,0.88,False,,INE DIRCE T=294 (locals); INE Padró T=29005 sumat per CCAA
ccaa,11,Extremadura,2023,475,Equipament de la llar,2148,1052523,2.041,-6.53,True,La variació 2022→2023 travessa el trencament de sèrie DIRCE de 2023: no comparable.,INE DIRCE T=294 (locals); INE Padró T=29005 sumat per CCAA
ccaa,11,Extremadura,2024,475,Equipament de la llar,2117,1052790,2.011,-1.44,False,,INE DIRCE T=294 (locals); INE Padró T=29005 sumat per CCAA
ccaa,11,Extremadura,2025,475,Equipament de la llar,2056,1051638,1.955,-2.88,False,,INE DIRCE T=294 (locals); INE Padró T=29005 sumat per CCAA
ccaa,11,Extremadura,2010,476,Articles culturals i recreatius,709,1107220,0.64,,False,,INE DIRCE T=294 (locals); INE Padró T=29005 sumat per CCAA
ccaa,11,Extremadura,2011,476,Articles culturals i recreatius,775,1109367,0.699,9.31,False,,INE DIRCE T=294 (locals); INE Padró T=29005 sumat per CCAA
ccaa,11,Extremadura,2012,476,Articles culturals i recreatius,786,1108130,0.709,1.42,False,,INE DIRCE T=294 (locals); INE Padró T=29005 sumat per CCAA
ccaa,11,Extremadura,2013,476,Articles culturals i recreatius,787,1104004,0.713,0.13,False,,INE DIRCE T=294 (locals); INE Padró T=29005 sumat per CCAA
ccaa,11,Extremadura,2014,476,Articles culturals i recreatius,784,1099632,0.713,-0.38,False,,INE DIRCE T=294 (locals); INE Padró T=29005 sumat per CCAA
ccaa,11,Extremadura,2015,476,Articles culturals i recreatius,796,1092997,0.728,1.53,False,,INE DIRCE T=294 (locals); INE Padró T=29005 sumat per CCAA
ccaa,11,Extremadura,2016,476,Articles culturals i recreatius,792,1087778,0.728,-0.5,False,,INE DIRCE T=294 (locals); INE Padró T=29005 sumat per CCAA
ccaa,11,Extremadura,2017,476,Articles culturals i recreatius,796,1079920,0.737,0.51,False,,INE DIRCE T=294 (locals); INE Padró T=29005 sumat per CCAA
ccaa,11,Extremadura,2018,476,Articles culturals i recreatius,817,1072863,0.762,2.64,False,,INE DIRCE T=294 (locals); INE Padró T=29005 sumat per CCAA
ccaa,11,Extremadura,2019,476,Articles culturals i recreatius,694,1067710,0.65,-15.06,False,,INE DIRCE T=294 (locals); INE Padró T=29005 sumat per CCAA
ccaa,11,Extremadura,2020,476,Articles culturals i recreatius,710,1063987,0.667,2.31,False,,INE DIRCE T=294 (locals); INE Padró T=29005 sumat per CCAA
ccaa,11,Extremadura,2021,476,Articles culturals i recreatius,681,1059501,0.643,-4.08,False,,INE DIRCE T=294 (locals); INE Padró T=29005 sumat per CCAA
ccaa,11,Extremadura,2022,476,Articles culturals i recreatius,698,1054776,0.662,2.5,False,,INE DIRCE T=294 (locals); INE Padró T=29005 sumat per CCAA
ccaa,11,Extremadura,2023,476,Articles culturals i recreatius,646,1052523,0.614,-7.45,True,La variació 2022→2023 travessa el trencament de sèrie DIRCE de 2023: no comparable.,INE DIRCE T=294 (locals); INE Padró T=29005 sumat per CCAA
ccaa,11,Extremadura,2024,476,Articles culturals i recreatius,620,1052790,0.589,-4.02,False,,INE DIRCE T=294 (locals); INE Padró T=29005 sumat per CCAA
ccaa,11,Extremadura,2025,476,Articles culturals i recreatius,599,1051638,0.57,-3.39,False,,INE DIRCE T=294 (locals); INE Padró T=29005 sumat per CCAA
ccaa,11,Extremadura,2010,477,"Altres articles (moda, calçat, etc.)",3882,1107220,3.506,,False,,INE DIRCE T=294 (locals); INE Padró T=29005 sumat per CCAA
ccaa,11,Extremadura,2011,477,"Altres articles (moda, calçat, etc.)",3904,1109367,3.519,0.57,False,,INE DIRCE T=294 (locals); INE Padró T=29005 sumat per CCAA
ccaa,11,Extremadura,2012,477,"Altres articles (moda, calçat, etc.)",3929,1108130,3.546,0.64,False,,INE DIRCE T=294 (locals); INE Padró T=29005 sumat per CCAA
ccaa,11,Extremadura,2013,477,"Altres articles (moda, calçat, etc.)",3904,1104004,3.536,-0.64,False,,INE DIRCE T=294 (locals); INE Padró T=29005 sumat per CCAA
ccaa,11,Extremadura,2014,477,"Altres articles (moda, calçat, etc.)",3818,1099632,3.472,-2.2,False,,INE DIRCE T=294 (locals); INE Padró T=29005 sumat per CCAA
ccaa,11,Extremadura,2015,477,"Altres articles (moda, calçat, etc.)",3910,1092997,3.577,2.41,False,,INE DIRCE T=294 (locals); INE Padró T=29005 sumat per CCAA
ccaa,11,Extremadura,2016,477,"Altres articles (moda, calçat, etc.)",3957,1087778,3.638,1.2,False,,INE DIRCE T=294 (locals); INE Padró T=29005 sumat per CCAA
ccaa,11,Extremadura,2017,477,"Altres articles (moda, calçat, etc.)",3945,1079920,3.653,-0.3,False,,INE DIRCE T=294 (locals); INE Padró T=29005 sumat per CCAA
ccaa,11,Extremadura,2018,477,"Altres articles (moda, calçat, etc.)",3975,1072863,3.705,0.76,False,,INE DIRCE T=294 (locals); INE Padró T=29005 sumat per CCAA
ccaa,11,Extremadura,2019,477,"Altres articles (moda, calçat, etc.)",4062,1067710,3.804,2.19,False,,INE DIRCE T=294 (locals); INE Padró T=29005 sumat per CCAA
ccaa,11,Extremadura,2020,477,"Altres articles (moda, calçat, etc.)",3990,1063987,3.75,-1.77,False,,INE DIRCE T=294 (locals); INE Padró T=29005 sumat per CCAA
ccaa,11,Extremadura,2021,477,"Altres articles (moda, calçat, etc.)",3887,1059501,3.669,-2.58,False,,INE DIRCE T=294 (locals); INE Padró T=29005 sumat per CCAA
ccaa,11,Extremadura,2022,477,"Altres articles (moda, calçat, etc.)",3950,1054776,3.745,1.62,False,,INE DIRCE T=294 (locals); INE Padró T=29005 sumat per CCAA
ccaa,11,Extremadura,2023,477,"Altres articles (moda, calçat, etc.)",3749,1052523,3.562,-5.09,True,La variació 2022→2023 travessa el trencament de sèrie DIRCE de 2023: no comparable.,INE DIRCE T=294 (locals); INE Padró T=29005 sumat per CCAA
ccaa,11,Extremadura,2024,477,"Altres articles (moda, calçat, etc.)",3687,1052790,3.502,-1.65,False,,INE DIRCE T=294 (locals); INE Padró T=29005 sumat per CCAA
ccaa,11,Extremadura,2025,477,"Altres articles (moda, calçat, etc.)",3643,1051638,3.464,-1.19,False,,INE DIRCE T=294 (locals); INE Padró T=29005 sumat per CCAA
ccaa,11,Extremadura,2010,478,Punts de venda i mercadillos,1564,1107220,1.413,,False,,INE DIRCE T=294 (locals); INE Padró T=29005 sumat per CCAA
ccaa,11,Extremadura,2011,478,Punts de venda i mercadillos,1472,1109367,1.327,-5.88,False,,INE DIRCE T=294 (locals); INE Padró T=29005 sumat per CCAA
ccaa,11,Extremadura,2012,478,Punts de venda i mercadillos,1425,1108130,1.286,-3.19,False,,INE DIRCE T=294 (locals); INE Padró T=29005 sumat per CCAA
ccaa,11,Extremadura,2013,478,Punts de venda i mercadillos,1391,1104004,1.26,-2.39,False,,INE DIRCE T=294 (locals); INE Padró T=29005 sumat per CCAA
ccaa,11,Extremadura,2014,478,Punts de venda i mercadillos,1228,1099632,1.117,-11.72,False,,INE DIRCE T=294 (locals); INE Padró T=29005 sumat per CCAA
ccaa,11,Extremadura,2015,478,Punts de venda i mercadillos,1223,1092997,1.119,-0.41,False,,INE DIRCE T=294 (locals); INE Padró T=29005 sumat per CCAA
ccaa,11,Extremadura,2016,478,Punts de venda i mercadillos,1177,1087778,1.082,-3.76,False,,INE DIRCE T=294 (locals); INE Padró T=29005 sumat per CCAA
ccaa,11,Extremadura,2017,478,Punts de venda i mercadillos,1158,1079920,1.072,-1.61,False,,INE DIRCE T=294 (locals); INE Padró T=29005 sumat per CCAA
ccaa,11,Extremadura,2018,478,Punts de venda i mercadillos,1199,1072863,1.118,3.54,False,,INE DIRCE T=294 (locals); INE Padró T=29005 sumat per CCAA
ccaa,11,Extremadura,2019,478,Punts de venda i mercadillos,1366,1067710,1.279,13.93,False,,INE DIRCE T=294 (locals); INE Padró T=29005 sumat per CCAA
ccaa,11,Extremadura,2020,478,Punts de venda i mercadillos,1498,1063987,1.408,9.66,False,,INE DIRCE T=294 (locals); INE Padró T=29005 sumat per CCAA
ccaa,11,Extremadura,2021,478,Punts de venda i mercadillos,1395,1059501,1.317,-6.88,False,,INE DIRCE T=294 (locals); INE Padró T=29005 sumat per CCAA
ccaa,11,Extremadura,2022,478,Punts de venda i mercadillos,1410,1054776,1.337,1.08,False,,INE DIRCE T=294 (locals); INE Padró T=29005 sumat per CCAA
ccaa,11,Extremadura,2023,478,Punts de venda i mercadillos,1205,1052523,1.145,-14.54,True,La variació 2022→2023 travessa el trencament de sèrie DIRCE de 2023: no comparable.,INE DIRCE T=294 (locals); INE Padró T=29005 sumat per CCAA
ccaa,11,Extremadura,2024,478,Punts de venda i mercadillos,1152,1052790,1.094,-4.4,False,,INE DIRCE T=294 (locals); INE Padró T=29005 sumat per CCAA
ccaa,11,Extremadura,2025,478,Punts de venda i mercadillos,1078,1051638,1.025,-6.42,False,,INE DIRCE T=294 (locals); INE Padró T=29005 sumat per CCAA
ccaa,11,Extremadura,2010,479,Comerç no en establiment (internet),261,1107220,0.236,,False,,INE DIRCE T=294 (locals); INE Padró T=29005 sumat per CCAA
ccaa,11,Extremadura,2011,479,Comerç no en establiment (internet),266,1109367,0.24,1.92,False,,INE DIRCE T=294 (locals); INE Padró T=29005 sumat per CCAA
ccaa,11,Extremadura,2012,479,Comerç no en establiment (internet),271,1108130,0.245,1.88,False,,INE DIRCE T=294 (locals); INE Padró T=29005 sumat per CCAA
ccaa,11,Extremadura,2013,479,Comerç no en establiment (internet),276,1104004,0.25,1.85,False,,INE DIRCE T=294 (locals); INE Padró T=29005 sumat per CCAA
ccaa,11,Extremadura,2014,479,Comerç no en establiment (internet),284,1099632,0.258,2.9,False,,INE DIRCE T=294 (locals); INE Padró T=29005 sumat per CCAA
ccaa,11,Extremadura,2015,479,Comerç no en establiment (internet),292,1092997,0.267,2.82,False,,INE DIRCE T=294 (locals); INE Padró T=29005 sumat per CCAA
ccaa,11,Extremadura,2016,479,Comerç no en establiment (internet),319,1087778,0.293,9.25,False,,INE DIRCE T=294 (locals); INE Padró T=29005 sumat per CCAA
ccaa,11,Extremadura,2017,479,Comerç no en establiment (internet),334,1079920,0.309,4.7,False,,INE DIRCE T=294 (locals); INE Padró T=29005 sumat per CCAA
ccaa,11,Extremadura,2018,479,Comerç no en establiment (internet),318,1072863,0.296,-4.79,False,,INE DIRCE T=294 (locals); INE Padró T=29005 sumat per CCAA
ccaa,11,Extremadura,2019,479,Comerç no en establiment (internet),327,1067710,0.306,2.83,False,,INE DIRCE T=294 (locals); INE Padró T=29005 sumat per CCAA
ccaa,11,Extremadura,2020,479,Comerç no en establiment (internet),349,1063987,0.328,6.73,False,,INE DIRCE T=294 (locals); INE Padró T=29005 sumat per CCAA
ccaa,11,Extremadura,2021,479,Comerç no en establiment (internet),361,1059501,0.341,3.44,False,,INE DIRCE T=294 (locals); INE Padró T=29005 sumat per CCAA
ccaa,11,Extremadura,2022,479,Comerç no en establiment (internet),376,1054776,0.356,4.16,False,,INE DIRCE T=294 (locals); INE Padró T=29005 sumat per CCAA
ccaa,11,Extremadura,2023,479,Comerç no en establiment (internet),377,1052523,0.358,0.27,True,La variació 2022→2023 travessa el trencament de sèrie DIRCE de 2023: no comparable.,INE DIRCE T=294 (locals); INE Padró T=29005 sumat per CCAA
ccaa,11,Extremadura,2024,479,Comerç no en establiment (internet),404,1052790,0.384,7.16,False,,INE DIRCE T=294 (locals); INE Padró T=29005 sumat per CCAA
ccaa,11,Extremadura,2025,479,Comerç no en establiment (internet),430,1051638,0.409,6.44,False,,INE DIRCE T=294 (locals); INE Padró T=29005 sumat per CCAA
ccaa,12,Galicia,2010,47,Comerç al detall (total CNAE 47),40681,2797653,14.541,,False,,INE DIRCE T=294 (locals); INE Padró T=29005 sumat per CCAA
ccaa,12,Galicia,2011,47,Comerç al detall (total CNAE 47),39453,2795422,14.113,-3.02,False,,INE DIRCE T=294 (locals); INE Padró T=29005 sumat per CCAA
ccaa,12,Galicia,2012,47,Comerç al detall (total CNAE 47),39280,2781498,14.122,-0.44,False,,INE DIRCE T=294 (locals); INE Padró T=29005 sumat per CCAA
ccaa,12,Galicia,2013,47,Comerç al detall (total CNAE 47),38743,2765940,14.007,-1.37,False,,INE DIRCE T=294 (locals); INE Padró T=29005 sumat per CCAA
ccaa,12,Galicia,2014,47,Comerç al detall (total CNAE 47),38031,2748695,13.836,-1.84,False,,INE DIRCE T=294 (locals); INE Padró T=29005 sumat per CCAA
ccaa,12,Galicia,2015,47,Comerç al detall (total CNAE 47),37917,2732347,13.877,-0.3,False,,INE DIRCE T=294 (locals); INE Padró T=29005 sumat per CCAA
ccaa,12,Galicia,2016,47,Comerç al detall (total CNAE 47),37233,2718525,13.696,-1.8,False,,INE DIRCE T=294 (locals); INE Padró T=29005 sumat per CCAA
ccaa,12,Galicia,2017,47,Comerç al detall (total CNAE 47),36924,2708339,13.633,-0.83,False,,INE DIRCE T=294 (locals); INE Padró T=29005 sumat per CCAA
ccaa,12,Galicia,2018,47,Comerç al detall (total CNAE 47),36289,2701743,13.432,-1.72,False,,INE DIRCE T=294 (locals); INE Padró T=29005 sumat per CCAA
ccaa,12,Galicia,2019,47,Comerç al detall (total CNAE 47),35665,2699499,13.212,-1.72,False,,INE DIRCE T=294 (locals); INE Padró T=29005 sumat per CCAA
ccaa,12,Galicia,2020,47,Comerç al detall (total CNAE 47),34203,2701819,12.659,-4.1,False,,INE DIRCE T=294 (locals); INE Padró T=29005 sumat per CCAA
ccaa,12,Galicia,2021,47,Comerç al detall (total CNAE 47),33410,2695645,12.394,-2.32,False,,INE DIRCE T=294 (locals); INE Padró T=29005 sumat per CCAA
ccaa,12,Galicia,2022,47,Comerç al detall (total CNAE 47),33177,2690464,12.331,-0.7,False,,INE DIRCE T=294 (locals); INE Padró T=29005 sumat per CCAA
ccaa,12,Galicia,2023,47,Comerç al detall (total CNAE 47),31178,2696177,11.564,-6.03,True,La variació 2022→2023 travessa el trencament de sèrie DIRCE de 2023: no comparable.,INE DIRCE T=294 (locals); INE Padró T=29005 sumat per CCAA
ccaa,12,Galicia,2024,47,Comerç al detall (total CNAE 47),30496,2703353,11.281,-2.19,False,,INE DIRCE T=294 (locals); INE Padró T=29005 sumat per CCAA
ccaa,12,Galicia,2025,47,Comerç al detall (total CNAE 47),29755,2713169,10.967,-2.43,False,,INE DIRCE T=294 (locals); INE Padró T=29005 sumat per CCAA
ccaa,12,Galicia,2010,471,Establiments no especialitzats (súper i hiper),5906,2797653,2.111,,False,,INE DIRCE T=294 (locals); INE Padró T=29005 sumat per CCAA
ccaa,12,Galicia,2011,471,Establiments no especialitzats (súper i hiper),3883,2795422,1.389,-34.25,False,,INE DIRCE T=294 (locals); INE Padró T=29005 sumat per CCAA
ccaa,12,Galicia,2012,471,Establiments no especialitzats (súper i hiper),3963,2781498,1.425,2.06,False,,INE DIRCE T=294 (locals); INE Padró T=29005 sumat per CCAA
ccaa,12,Galicia,2013,471,Establiments no especialitzats (súper i hiper),3863,2765940,1.397,-2.52,False,,INE DIRCE T=294 (locals); INE Padró T=29005 sumat per CCAA
ccaa,12,Galicia,2014,471,Establiments no especialitzats (súper i hiper),3830,2748695,1.393,-0.85,False,,INE DIRCE T=294 (locals); INE Padró T=29005 sumat per CCAA
ccaa,12,Galicia,2015,471,Establiments no especialitzats (súper i hiper),3827,2732347,1.401,-0.08,False,,INE DIRCE T=294 (locals); INE Padró T=29005 sumat per CCAA
ccaa,12,Galicia,2016,471,Establiments no especialitzats (súper i hiper),3699,2718525,1.361,-3.34,False,,INE DIRCE T=294 (locals); INE Padró T=29005 sumat per CCAA
ccaa,12,Galicia,2017,471,Establiments no especialitzats (súper i hiper),3677,2708339,1.358,-0.59,False,,INE DIRCE T=294 (locals); INE Padró T=29005 sumat per CCAA
ccaa,12,Galicia,2018,471,Establiments no especialitzats (súper i hiper),3585,2701743,1.327,-2.5,False,,INE DIRCE T=294 (locals); INE Padró T=29005 sumat per CCAA
ccaa,12,Galicia,2019,471,Establiments no especialitzats (súper i hiper),3538,2699499,1.311,-1.31,False,,INE DIRCE T=294 (locals); INE Padró T=29005 sumat per CCAA
ccaa,12,Galicia,2020,471,Establiments no especialitzats (súper i hiper),3431,2701819,1.27,-3.02,False,,INE DIRCE T=294 (locals); INE Padró T=29005 sumat per CCAA
ccaa,12,Galicia,2021,471,Establiments no especialitzats (súper i hiper),3366,2695645,1.249,-1.89,False,,INE DIRCE T=294 (locals); INE Padró T=29005 sumat per CCAA
ccaa,12,Galicia,2022,471,Establiments no especialitzats (súper i hiper),3354,2690464,1.247,-0.36,False,,INE DIRCE T=294 (locals); INE Padró T=29005 sumat per CCAA
ccaa,12,Galicia,2023,471,Establiments no especialitzats (súper i hiper),3232,2696177,1.199,-3.64,True,La variació 2022→2023 travessa el trencament de sèrie DIRCE de 2023: no comparable.,INE DIRCE T=294 (locals); INE Padró T=29005 sumat per CCAA
ccaa,12,Galicia,2024,471,Establiments no especialitzats (súper i hiper),3178,2703353,1.176,-1.67,False,,INE DIRCE T=294 (locals); INE Padró T=29005 sumat per CCAA
ccaa,12,Galicia,2025,471,Establiments no especialitzats (súper i hiper),3017,2713169,1.112,-5.07,False,,INE DIRCE T=294 (locals); INE Padró T=29005 sumat per CCAA
ccaa,12,Galicia,2010,472,"Aliments, begudes i tabac (especialitzat)",5972,2797653,2.135,,False,,INE DIRCE T=294 (locals); INE Padró T=29005 sumat per CCAA
ccaa,12,Galicia,2011,472,"Aliments, begudes i tabac (especialitzat)",6686,2795422,2.392,11.96,False,,INE DIRCE T=294 (locals); INE Padró T=29005 sumat per CCAA
ccaa,12,Galicia,2012,472,"Aliments, begudes i tabac (especialitzat)",6619,2781498,2.38,-1.0,False,,INE DIRCE T=294 (locals); INE Padró T=29005 sumat per CCAA
ccaa,12,Galicia,2013,472,"Aliments, begudes i tabac (especialitzat)",6606,2765940,2.388,-0.2,False,,INE DIRCE T=294 (locals); INE Padró T=29005 sumat per CCAA
ccaa,12,Galicia,2014,472,"Aliments, begudes i tabac (especialitzat)",6506,2748695,2.367,-1.51,False,,INE DIRCE T=294 (locals); INE Padró T=29005 sumat per CCAA
ccaa,12,Galicia,2015,472,"Aliments, begudes i tabac (especialitzat)",6469,2732347,2.368,-0.57,False,,INE DIRCE T=294 (locals); INE Padró T=29005 sumat per CCAA
ccaa,12,Galicia,2016,472,"Aliments, begudes i tabac (especialitzat)",6339,2718525,2.332,-2.01,False,,INE DIRCE T=294 (locals); INE Padró T=29005 sumat per CCAA
ccaa,12,Galicia,2017,472,"Aliments, begudes i tabac (especialitzat)",6232,2708339,2.301,-1.69,False,,INE DIRCE T=294 (locals); INE Padró T=29005 sumat per CCAA
ccaa,12,Galicia,2018,472,"Aliments, begudes i tabac (especialitzat)",6200,2701743,2.295,-0.51,False,,INE DIRCE T=294 (locals); INE Padró T=29005 sumat per CCAA
ccaa,12,Galicia,2019,472,"Aliments, begudes i tabac (especialitzat)",5876,2699499,2.177,-5.23,False,,INE DIRCE T=294 (locals); INE Padró T=29005 sumat per CCAA
ccaa,12,Galicia,2020,472,"Aliments, begudes i tabac (especialitzat)",5703,2701819,2.111,-2.94,False,,INE DIRCE T=294 (locals); INE Padró T=29005 sumat per CCAA
ccaa,12,Galicia,2021,472,"Aliments, begudes i tabac (especialitzat)",5689,2695645,2.11,-0.25,False,,INE DIRCE T=294 (locals); INE Padró T=29005 sumat per CCAA
ccaa,12,Galicia,2022,472,"Aliments, begudes i tabac (especialitzat)",5636,2690464,2.095,-0.93,False,,INE DIRCE T=294 (locals); INE Padró T=29005 sumat per CCAA
ccaa,12,Galicia,2023,472,"Aliments, begudes i tabac (especialitzat)",5271,2696177,1.955,-6.48,True,La variació 2022→2023 travessa el trencament de sèrie DIRCE de 2023: no comparable.,INE DIRCE T=294 (locals); INE Padró T=29005 sumat per CCAA
ccaa,12,Galicia,2024,472,"Aliments, begudes i tabac (especialitzat)",5068,2703353,1.875,-3.85,False,,INE DIRCE T=294 (locals); INE Padró T=29005 sumat per CCAA
ccaa,12,Galicia,2025,472,"Aliments, begudes i tabac (especialitzat)",4915,2713169,1.812,-3.02,False,,INE DIRCE T=294 (locals); INE Padró T=29005 sumat per CCAA
ccaa,12,Galicia,2010,473,Combustible (gasolineres),646,2797653,0.231,,False,,INE DIRCE T=294 (locals); INE Padró T=29005 sumat per CCAA
ccaa,12,Galicia,2011,473,Combustible (gasolineres),650,2795422,0.233,0.62,False,,INE DIRCE T=294 (locals); INE Padró T=29005 sumat per CCAA
ccaa,12,Galicia,2012,473,Combustible (gasolineres),658,2781498,0.237,1.23,False,,INE DIRCE T=294 (locals); INE Padró T=29005 sumat per CCAA
ccaa,12,Galicia,2013,473,Combustible (gasolineres),656,2765940,0.237,-0.3,False,,INE DIRCE T=294 (locals); INE Padró T=29005 sumat per CCAA
ccaa,12,Galicia,2014,473,Combustible (gasolineres),657,2748695,0.239,0.15,False,,INE DIRCE T=294 (locals); INE Padró T=29005 sumat per CCAA
ccaa,12,Galicia,2015,473,Combustible (gasolineres),653,2732347,0.239,-0.61,False,,INE DIRCE T=294 (locals); INE Padró T=29005 sumat per CCAA
ccaa,12,Galicia,2016,473,Combustible (gasolineres),668,2718525,0.246,2.3,False,,INE DIRCE T=294 (locals); INE Padró T=29005 sumat per CCAA
ccaa,12,Galicia,2017,473,Combustible (gasolineres),656,2708339,0.242,-1.8,False,,INE DIRCE T=294 (locals); INE Padró T=29005 sumat per CCAA
ccaa,12,Galicia,2018,473,Combustible (gasolineres),647,2701743,0.239,-1.37,False,,INE DIRCE T=294 (locals); INE Padró T=29005 sumat per CCAA
ccaa,12,Galicia,2019,473,Combustible (gasolineres),687,2699499,0.254,6.18,False,,INE DIRCE T=294 (locals); INE Padró T=29005 sumat per CCAA
ccaa,12,Galicia,2020,473,Combustible (gasolineres),685,2701819,0.254,-0.29,False,,INE DIRCE T=294 (locals); INE Padró T=29005 sumat per CCAA
ccaa,12,Galicia,2021,473,Combustible (gasolineres),698,2695645,0.259,1.9,False,,INE DIRCE T=294 (locals); INE Padró T=29005 sumat per CCAA
ccaa,12,Galicia,2022,473,Combustible (gasolineres),701,2690464,0.261,0.43,False,,INE DIRCE T=294 (locals); INE Padró T=29005 sumat per CCAA
ccaa,12,Galicia,2023,473,Combustible (gasolineres),695,2696177,0.258,-0.86,True,La variació 2022→2023 travessa el trencament de sèrie DIRCE de 2023: no comparable.,INE DIRCE T=294 (locals); INE Padró T=29005 sumat per CCAA
ccaa,12,Galicia,2024,473,Combustible (gasolineres),704,2703353,0.26,1.29,False,,INE DIRCE T=294 (locals); INE Padró T=29005 sumat per CCAA
ccaa,12,Galicia,2025,473,Combustible (gasolineres),711,2713169,0.262,0.99,False,,INE DIRCE T=294 (locals); INE Padró T=29005 sumat per CCAA
ccaa,12,Galicia,2010,474,Equips TIC,952,2797653,0.34,,False,,INE DIRCE T=294 (locals); INE Padró T=29005 sumat per CCAA
ccaa,12,Galicia,2011,474,Equips TIC,798,2795422,0.285,-16.18,False,,INE DIRCE T=294 (locals); INE Padró T=29005 sumat per CCAA
ccaa,12,Galicia,2012,474,Equips TIC,761,2781498,0.274,-4.64,False,,INE DIRCE T=294 (locals); INE Padró T=29005 sumat per CCAA
ccaa,12,Galicia,2013,474,Equips TIC,726,2765940,0.262,-4.6,False,,INE DIRCE T=294 (locals); INE Padró T=29005 sumat per CCAA
ccaa,12,Galicia,2014,474,Equips TIC,724,2748695,0.263,-0.28,False,,INE DIRCE T=294 (locals); INE Padró T=29005 sumat per CCAA
ccaa,12,Galicia,2015,474,Equips TIC,721,2732347,0.264,-0.41,False,,INE DIRCE T=294 (locals); INE Padró T=29005 sumat per CCAA
ccaa,12,Galicia,2016,474,Equips TIC,719,2718525,0.264,-0.28,False,,INE DIRCE T=294 (locals); INE Padró T=29005 sumat per CCAA
ccaa,12,Galicia,2017,474,Equips TIC,714,2708339,0.264,-0.7,False,,INE DIRCE T=294 (locals); INE Padró T=29005 sumat per CCAA
ccaa,12,Galicia,2018,474,Equips TIC,717,2701743,0.265,0.42,False,,INE DIRCE T=294 (locals); INE Padró T=29005 sumat per CCAA
ccaa,12,Galicia,2019,474,Equips TIC,686,2699499,0.254,-4.32,False,,INE DIRCE T=294 (locals); INE Padró T=29005 sumat per CCAA
ccaa,12,Galicia,2020,474,Equips TIC,667,2701819,0.247,-2.77,False,,INE DIRCE T=294 (locals); INE Padró T=29005 sumat per CCAA
ccaa,12,Galicia,2021,474,Equips TIC,625,2695645,0.232,-6.3,False,,INE DIRCE T=294 (locals); INE Padró T=29005 sumat per CCAA
ccaa,12,Galicia,2022,474,Equips TIC,616,2690464,0.229,-1.44,False,,INE DIRCE T=294 (locals); INE Padró T=29005 sumat per CCAA
ccaa,12,Galicia,2023,474,Equips TIC,559,2696177,0.207,-9.25,True,La variació 2022→2023 travessa el trencament de sèrie DIRCE de 2023: no comparable.,INE DIRCE T=294 (locals); INE Padró T=29005 sumat per CCAA
ccaa,12,Galicia,2024,474,Equips TIC,539,2703353,0.199,-3.58,False,,INE DIRCE T=294 (locals); INE Padró T=29005 sumat per CCAA
ccaa,12,Galicia,2025,474,Equips TIC,520,2713169,0.192,-3.53,False,,INE DIRCE T=294 (locals); INE Padró T=29005 sumat per CCAA
ccaa,12,Galicia,2010,475,Equipament de la llar,8210,2797653,2.935,,False,,INE DIRCE T=294 (locals); INE Padró T=29005 sumat per CCAA
ccaa,12,Galicia,2011,475,Equipament de la llar,8614,2795422,3.081,4.92,False,,INE DIRCE T=294 (locals); INE Padró T=29005 sumat per CCAA
ccaa,12,Galicia,2012,475,Equipament de la llar,8482,2781498,3.049,-1.53,False,,INE DIRCE T=294 (locals); INE Padró T=29005 sumat per CCAA
ccaa,12,Galicia,2013,475,Equipament de la llar,8248,2765940,2.982,-2.76,False,,INE DIRCE T=294 (locals); INE Padró T=29005 sumat per CCAA
ccaa,12,Galicia,2014,475,Equipament de la llar,7871,2748695,2.864,-4.57,False,,INE DIRCE T=294 (locals); INE Padró T=29005 sumat per CCAA
ccaa,12,Galicia,2015,475,Equipament de la llar,7699,2732347,2.818,-2.19,False,,INE DIRCE T=294 (locals); INE Padró T=29005 sumat per CCAA
ccaa,12,Galicia,2016,475,Equipament de la llar,7444,2718525,2.738,-3.31,False,,INE DIRCE T=294 (locals); INE Padró T=29005 sumat per CCAA
ccaa,12,Galicia,2017,475,Equipament de la llar,7148,2708339,2.639,-3.98,False,,INE DIRCE T=294 (locals); INE Padró T=29005 sumat per CCAA
ccaa,12,Galicia,2018,475,Equipament de la llar,6819,2701743,2.524,-4.6,False,,INE DIRCE T=294 (locals); INE Padró T=29005 sumat per CCAA
ccaa,12,Galicia,2019,475,Equipament de la llar,6648,2699499,2.463,-2.51,False,,INE DIRCE T=294 (locals); INE Padró T=29005 sumat per CCAA
ccaa,12,Galicia,2020,475,Equipament de la llar,6257,2701819,2.316,-5.88,False,,INE DIRCE T=294 (locals); INE Padró T=29005 sumat per CCAA
ccaa,12,Galicia,2021,475,Equipament de la llar,6078,2695645,2.255,-2.86,False,,INE DIRCE T=294 (locals); INE Padró T=29005 sumat per CCAA
ccaa,12,Galicia,2022,475,Equipament de la llar,6039,2690464,2.245,-0.64,False,,INE DIRCE T=294 (locals); INE Padró T=29005 sumat per CCAA
ccaa,12,Galicia,2023,475,Equipament de la llar,5672,2696177,2.104,-6.08,True,La variació 2022→2023 travessa el trencament de sèrie DIRCE de 2023: no comparable.,INE DIRCE T=294 (locals); INE Padró T=29005 sumat per CCAA
ccaa,12,Galicia,2024,475,Equipament de la llar,5545,2703353,2.051,-2.24,False,,INE DIRCE T=294 (locals); INE Padró T=29005 sumat per CCAA
ccaa,12,Galicia,2025,475,Equipament de la llar,5451,2713169,2.009,-1.7,False,,INE DIRCE T=294 (locals); INE Padró T=29005 sumat per CCAA
ccaa,12,Galicia,2010,476,Articles culturals i recreatius,2521,2797653,0.901,,False,,INE DIRCE T=294 (locals); INE Padró T=29005 sumat per CCAA
ccaa,12,Galicia,2011,476,Articles culturals i recreatius,2693,2795422,0.963,6.82,False,,INE DIRCE T=294 (locals); INE Padró T=29005 sumat per CCAA
ccaa,12,Galicia,2012,476,Articles culturals i recreatius,2680,2781498,0.964,-0.48,False,,INE DIRCE T=294 (locals); INE Padró T=29005 sumat per CCAA
ccaa,12,Galicia,2013,476,Articles culturals i recreatius,2634,2765940,0.952,-1.72,False,,INE DIRCE T=294 (locals); INE Padró T=29005 sumat per CCAA
ccaa,12,Galicia,2014,476,Articles culturals i recreatius,2589,2748695,0.942,-1.71,False,,INE DIRCE T=294 (locals); INE Padró T=29005 sumat per CCAA
ccaa,12,Galicia,2015,476,Articles culturals i recreatius,2525,2732347,0.924,-2.47,False,,INE DIRCE T=294 (locals); INE Padró T=29005 sumat per CCAA
ccaa,12,Galicia,2016,476,Articles culturals i recreatius,2395,2718525,0.881,-5.15,False,,INE DIRCE T=294 (locals); INE Padró T=29005 sumat per CCAA
ccaa,12,Galicia,2017,476,Articles culturals i recreatius,2363,2708339,0.872,-1.34,False,,INE DIRCE T=294 (locals); INE Padró T=29005 sumat per CCAA
ccaa,12,Galicia,2018,476,Articles culturals i recreatius,2327,2701743,0.861,-1.52,False,,INE DIRCE T=294 (locals); INE Padró T=29005 sumat per CCAA
ccaa,12,Galicia,2019,476,Articles culturals i recreatius,2188,2699499,0.811,-5.97,False,,INE DIRCE T=294 (locals); INE Padró T=29005 sumat per CCAA
ccaa,12,Galicia,2020,476,Articles culturals i recreatius,2116,2701819,0.783,-3.29,False,,INE DIRCE T=294 (locals); INE Padró T=29005 sumat per CCAA
ccaa,12,Galicia,2021,476,Articles culturals i recreatius,2026,2695645,0.752,-4.25,False,,INE DIRCE T=294 (locals); INE Padró T=29005 sumat per CCAA
ccaa,12,Galicia,2022,476,Articles culturals i recreatius,2020,2690464,0.751,-0.3,False,,INE DIRCE T=294 (locals); INE Padró T=29005 sumat per CCAA
ccaa,12,Galicia,2023,476,Articles culturals i recreatius,1907,2696177,0.707,-5.59,True,La variació 2022→2023 travessa el trencament de sèrie DIRCE de 2023: no comparable.,INE DIRCE T=294 (locals); INE Padró T=29005 sumat per CCAA
ccaa,12,Galicia,2024,476,Articles culturals i recreatius,1914,2703353,0.708,0.37,False,,INE DIRCE T=294 (locals); INE Padró T=29005 sumat per CCAA
ccaa,12,Galicia,2025,476,Articles culturals i recreatius,1849,2713169,0.681,-3.4,False,,INE DIRCE T=294 (locals); INE Padró T=29005 sumat per CCAA
ccaa,12,Galicia,2010,477,"Altres articles (moda, calçat, etc.)",12775,2797653,4.566,,False,,INE DIRCE T=294 (locals); INE Padró T=29005 sumat per CCAA
ccaa,12,Galicia,2011,477,"Altres articles (moda, calçat, etc.)",12586,2795422,4.502,-1.48,False,,INE DIRCE T=294 (locals); INE Padró T=29005 sumat per CCAA
ccaa,12,Galicia,2012,477,"Altres articles (moda, calçat, etc.)",12579,2781498,4.522,-0.06,False,,INE DIRCE T=294 (locals); INE Padró T=29005 sumat per CCAA
ccaa,12,Galicia,2013,477,"Altres articles (moda, calçat, etc.)",12396,2765940,4.482,-1.45,False,,INE DIRCE T=294 (locals); INE Padró T=29005 sumat per CCAA
ccaa,12,Galicia,2014,477,"Altres articles (moda, calçat, etc.)",12298,2748695,4.474,-0.79,False,,INE DIRCE T=294 (locals); INE Padró T=29005 sumat per CCAA
ccaa,12,Galicia,2015,477,"Altres articles (moda, calçat, etc.)",12302,2732347,4.502,0.03,False,,INE DIRCE T=294 (locals); INE Padró T=29005 sumat per CCAA
ccaa,12,Galicia,2016,477,"Altres articles (moda, calçat, etc.)",12259,2718525,4.509,-0.35,False,,INE DIRCE T=294 (locals); INE Padró T=29005 sumat per CCAA
ccaa,12,Galicia,2017,477,"Altres articles (moda, calçat, etc.)",12343,2708339,4.557,0.69,False,,INE DIRCE T=294 (locals); INE Padró T=29005 sumat per CCAA
ccaa,12,Galicia,2018,477,"Altres articles (moda, calçat, etc.)",12212,2701743,4.52,-1.06,False,,INE DIRCE T=294 (locals); INE Padró T=29005 sumat per CCAA
ccaa,12,Galicia,2019,477,"Altres articles (moda, calçat, etc.)",12298,2699499,4.556,0.7,False,,INE DIRCE T=294 (locals); INE Padró T=29005 sumat per CCAA
ccaa,12,Galicia,2020,477,"Altres articles (moda, calçat, etc.)",11805,2701819,4.369,-4.01,False,,INE DIRCE T=294 (locals); INE Padró T=29005 sumat per CCAA
ccaa,12,Galicia,2021,477,"Altres articles (moda, calçat, etc.)",11472,2695645,4.256,-2.82,False,,INE DIRCE T=294 (locals); INE Padró T=29005 sumat per CCAA
ccaa,12,Galicia,2022,477,"Altres articles (moda, calçat, etc.)",11399,2690464,4.237,-0.64,False,,INE DIRCE T=294 (locals); INE Padró T=29005 sumat per CCAA
ccaa,12,Galicia,2023,477,"Altres articles (moda, calçat, etc.)",10771,2696177,3.995,-5.51,True,La variació 2022→2023 travessa el trencament de sèrie DIRCE de 2023: no comparable.,INE DIRCE T=294 (locals); INE Padró T=29005 sumat per CCAA
ccaa,12,Galicia,2024,477,"Altres articles (moda, calçat, etc.)",10559,2703353,3.906,-1.97,False,,INE DIRCE T=294 (locals); INE Padró T=29005 sumat per CCAA
ccaa,12,Galicia,2025,477,"Altres articles (moda, calçat, etc.)",10350,2713169,3.815,-1.98,False,,INE DIRCE T=294 (locals); INE Padró T=29005 sumat per CCAA
ccaa,12,Galicia,2010,478,Punts de venda i mercadillos,3154,2797653,1.127,,False,,INE DIRCE T=294 (locals); INE Padró T=29005 sumat per CCAA
ccaa,12,Galicia,2011,478,Punts de venda i mercadillos,2977,2795422,1.065,-5.61,False,,INE DIRCE T=294 (locals); INE Padró T=29005 sumat per CCAA
ccaa,12,Galicia,2012,478,Punts de venda i mercadillos,2948,2781498,1.06,-0.97,False,,INE DIRCE T=294 (locals); INE Padró T=29005 sumat per CCAA
ccaa,12,Galicia,2013,478,Punts de venda i mercadillos,3012,2765940,1.089,2.17,False,,INE DIRCE T=294 (locals); INE Padró T=29005 sumat per CCAA
ccaa,12,Galicia,2014,478,Punts de venda i mercadillos,2952,2748695,1.074,-1.99,False,,INE DIRCE T=294 (locals); INE Padró T=29005 sumat per CCAA
ccaa,12,Galicia,2015,478,Punts de venda i mercadillos,3065,2732347,1.122,3.83,False,,INE DIRCE T=294 (locals); INE Padró T=29005 sumat per CCAA
ccaa,12,Galicia,2016,478,Punts de venda i mercadillos,3030,2718525,1.115,-1.14,False,,INE DIRCE T=294 (locals); INE Padró T=29005 sumat per CCAA
ccaa,12,Galicia,2017,478,Punts de venda i mercadillos,3097,2708339,1.144,2.21,False,,INE DIRCE T=294 (locals); INE Padró T=29005 sumat per CCAA
ccaa,12,Galicia,2018,478,Punts de venda i mercadillos,3049,2701743,1.129,-1.55,False,,INE DIRCE T=294 (locals); INE Padró T=29005 sumat per CCAA
ccaa,12,Galicia,2019,478,Punts de venda i mercadillos,3039,2699499,1.126,-0.33,False,,INE DIRCE T=294 (locals); INE Padró T=29005 sumat per CCAA
ccaa,12,Galicia,2020,478,Punts de venda i mercadillos,2836,2701819,1.05,-6.68,False,,INE DIRCE T=294 (locals); INE Padró T=29005 sumat per CCAA
ccaa,12,Galicia,2021,478,Punts de venda i mercadillos,2678,2695645,0.993,-5.57,False,,INE DIRCE T=294 (locals); INE Padró T=29005 sumat per CCAA
ccaa,12,Galicia,2022,478,Punts de venda i mercadillos,2588,2690464,0.962,-3.36,False,,INE DIRCE T=294 (locals); INE Padró T=29005 sumat per CCAA
ccaa,12,Galicia,2023,478,Punts de venda i mercadillos,2269,2696177,0.842,-12.33,True,La variació 2022→2023 travessa el trencament de sèrie DIRCE de 2023: no comparable.,INE DIRCE T=294 (locals); INE Padró T=29005 sumat per CCAA
ccaa,12,Galicia,2024,478,Punts de venda i mercadillos,2188,2703353,0.809,-3.57,False,,INE DIRCE T=294 (locals); INE Padró T=29005 sumat per CCAA
ccaa,12,Galicia,2025,478,Punts de venda i mercadillos,2088,2713169,0.77,-4.57,False,,INE DIRCE T=294 (locals); INE Padró T=29005 sumat per CCAA
ccaa,12,Galicia,2010,479,Comerç no en establiment (internet),545,2797653,0.195,,False,,INE DIRCE T=294 (locals); INE Padró T=29005 sumat per CCAA
ccaa,12,Galicia,2011,479,Comerç no en establiment (internet),566,2795422,0.202,3.85,False,,INE DIRCE T=294 (locals); INE Padró T=29005 sumat per CCAA
ccaa,12,Galicia,2012,479,Comerç no en establiment (internet),590,2781498,0.212,4.24,False,,INE DIRCE T=294 (locals); INE Padró T=29005 sumat per CCAA
ccaa,12,Galicia,2013,479,Comerç no en establiment (internet),602,2765940,0.218,2.03,False,,INE DIRCE T=294 (locals); INE Padró T=29005 sumat per CCAA
ccaa,12,Galicia,2014,479,Comerç no en establiment (internet),604,2748695,0.22,0.33,False,,INE DIRCE T=294 (locals); INE Padró T=29005 sumat per CCAA
ccaa,12,Galicia,2015,479,Comerç no en establiment (internet),656,2732347,0.24,8.61,False,,INE DIRCE T=294 (locals); INE Padró T=29005 sumat per CCAA
ccaa,12,Galicia,2016,479,Comerç no en establiment (internet),680,2718525,0.25,3.66,False,,INE DIRCE T=294 (locals); INE Padró T=29005 sumat per CCAA
ccaa,12,Galicia,2017,479,Comerç no en establiment (internet),694,2708339,0.256,2.06,False,,INE DIRCE T=294 (locals); INE Padró T=29005 sumat per CCAA
ccaa,12,Galicia,2018,479,Comerç no en establiment (internet),733,2701743,0.271,5.62,False,,INE DIRCE T=294 (locals); INE Padró T=29005 sumat per CCAA
ccaa,12,Galicia,2019,479,Comerç no en establiment (internet),705,2699499,0.261,-3.82,False,,INE DIRCE T=294 (locals); INE Padró T=29005 sumat per CCAA
ccaa,12,Galicia,2020,479,Comerç no en establiment (internet),703,2701819,0.26,-0.28,False,,INE DIRCE T=294 (locals); INE Padró T=29005 sumat per CCAA
ccaa,12,Galicia,2021,479,Comerç no en establiment (internet),778,2695645,0.289,10.67,False,,INE DIRCE T=294 (locals); INE Padró T=29005 sumat per CCAA
ccaa,12,Galicia,2022,479,Comerç no en establiment (internet),824,2690464,0.306,5.91,False,,INE DIRCE T=294 (locals); INE Padró T=29005 sumat per CCAA
ccaa,12,Galicia,2023,479,Comerç no en establiment (internet),802,2696177,0.297,-2.67,True,La variació 2022→2023 travessa el trencament de sèrie DIRCE de 2023: no comparable.,INE DIRCE T=294 (locals); INE Padró T=29005 sumat per CCAA
ccaa,12,Galicia,2024,479,Comerç no en establiment (internet),801,2703353,0.296,-0.12,False,,INE DIRCE T=294 (locals); INE Padró T=29005 sumat per CCAA
ccaa,12,Galicia,2025,479,Comerç no en establiment (internet),854,2713169,0.315,6.62,False,,INE DIRCE T=294 (locals); INE Padró T=29005 sumat per CCAA
ccaa,13,Madrid (Comunidad de),2010,47,Comerç al detall (total CNAE 47),71047,6458684,11.0,,False,,INE DIRCE T=294 (locals); INE Padró T=29005 sumat per CCAA
ccaa,13,Madrid (Comunidad de),2011,47,Comerç al detall (total CNAE 47),69584,6489680,10.722,-2.06,False,,INE DIRCE T=294 (locals); INE Padró T=29005 sumat per CCAA
ccaa,13,Madrid (Comunidad de),2012,47,Comerç al detall (total CNAE 47),69351,6498560,10.672,-0.33,False,,INE DIRCE T=294 (locals); INE Padró T=29005 sumat per CCAA
ccaa,13,Madrid (Comunidad de),2013,47,Comerç al detall (total CNAE 47),69082,6495551,10.635,-0.39,False,,INE DIRCE T=294 (locals); INE Padró T=29005 sumat per CCAA
ccaa,13,Madrid (Comunidad de),2014,47,Comerç al detall (total CNAE 47),68396,6454440,10.597,-0.99,False,,INE DIRCE T=294 (locals); INE Padró T=29005 sumat per CCAA
ccaa,13,Madrid (Comunidad de),2015,47,Comerç al detall (total CNAE 47),68554,6436996,10.65,0.23,False,,INE DIRCE T=294 (locals); INE Padró T=29005 sumat per CCAA
ccaa,13,Madrid (Comunidad de),2016,47,Comerç al detall (total CNAE 47),66950,6466996,10.353,-2.34,False,,INE DIRCE T=294 (locals); INE Padró T=29005 sumat per CCAA
ccaa,13,Madrid (Comunidad de),2017,47,Comerç al detall (total CNAE 47),66736,6507184,10.256,-0.32,False,,INE DIRCE T=294 (locals); INE Padró T=29005 sumat per CCAA
ccaa,13,Madrid (Comunidad de),2018,47,Comerç al detall (total CNAE 47),65969,6578079,10.029,-1.15,False,,INE DIRCE T=294 (locals); INE Padró T=29005 sumat per CCAA
ccaa,13,Madrid (Comunidad de),2019,47,Comerç al detall (total CNAE 47),65270,6663394,9.795,-1.06,False,,INE DIRCE T=294 (locals); INE Padró T=29005 sumat per CCAA
ccaa,13,Madrid (Comunidad de),2020,47,Comerç al detall (total CNAE 47),64176,6779888,9.466,-1.68,False,,INE DIRCE T=294 (locals); INE Padró T=29005 sumat per CCAA
ccaa,13,Madrid (Comunidad de),2021,47,Comerç al detall (total CNAE 47),62991,6751251,9.33,-1.85,False,,INE DIRCE T=294 (locals); INE Padró T=29005 sumat per CCAA
ccaa,13,Madrid (Comunidad de),2022,47,Comerç al detall (total CNAE 47),63644,6750336,9.428,1.04,False,,INE DIRCE T=294 (locals); INE Padró T=29005 sumat per CCAA
ccaa,13,Madrid (Comunidad de),2023,47,Comerç al detall (total CNAE 47),57639,6859914,8.402,-9.44,True,La variació 2022→2023 travessa el trencament de sèrie DIRCE de 2023: no comparable.,INE DIRCE T=294 (locals); INE Padró T=29005 sumat per CCAA
ccaa,13,Madrid (Comunidad de),2024,47,Comerç al detall (total CNAE 47),57045,7001715,8.147,-1.03,False,,INE DIRCE T=294 (locals); INE Padró T=29005 sumat per CCAA
ccaa,13,Madrid (Comunidad de),2025,47,Comerç al detall (total CNAE 47),57076,7137031,7.997,0.05,False,,INE DIRCE T=294 (locals); INE Padró T=29005 sumat per CCAA
ccaa,13,Madrid (Comunidad de),2010,471,Establiments no especialitzats (súper i hiper),10652,6458684,1.649,,False,,INE DIRCE T=294 (locals); INE Padró T=29005 sumat per CCAA
ccaa,13,Madrid (Comunidad de),2011,471,Establiments no especialitzats (súper i hiper),7228,6489680,1.114,-32.14,False,,INE DIRCE T=294 (locals); INE Padró T=29005 sumat per CCAA
ccaa,13,Madrid (Comunidad de),2012,471,Establiments no especialitzats (súper i hiper),7379,6498560,1.135,2.09,False,,INE DIRCE T=294 (locals); INE Padró T=29005 sumat per CCAA
ccaa,13,Madrid (Comunidad de),2013,471,Establiments no especialitzats (súper i hiper),7761,6495551,1.195,5.18,False,,INE DIRCE T=294 (locals); INE Padró T=29005 sumat per CCAA
ccaa,13,Madrid (Comunidad de),2014,471,Establiments no especialitzats (súper i hiper),7856,6454440,1.217,1.22,False,,INE DIRCE T=294 (locals); INE Padró T=29005 sumat per CCAA
ccaa,13,Madrid (Comunidad de),2015,471,Establiments no especialitzats (súper i hiper),7949,6436996,1.235,1.18,False,,INE DIRCE T=294 (locals); INE Padró T=29005 sumat per CCAA
ccaa,13,Madrid (Comunidad de),2016,471,Establiments no especialitzats (súper i hiper),7813,6466996,1.208,-1.71,False,,INE DIRCE T=294 (locals); INE Padró T=29005 sumat per CCAA
ccaa,13,Madrid (Comunidad de),2017,471,Establiments no especialitzats (súper i hiper),7944,6507184,1.221,1.68,False,,INE DIRCE T=294 (locals); INE Padró T=29005 sumat per CCAA
ccaa,13,Madrid (Comunidad de),2018,471,Establiments no especialitzats (súper i hiper),7913,6578079,1.203,-0.39,False,,INE DIRCE T=294 (locals); INE Padró T=29005 sumat per CCAA
ccaa,13,Madrid (Comunidad de),2019,471,Establiments no especialitzats (súper i hiper),7934,6663394,1.191,0.27,False,,INE DIRCE T=294 (locals); INE Padró T=29005 sumat per CCAA
ccaa,13,Madrid (Comunidad de),2020,471,Establiments no especialitzats (súper i hiper),7719,6779888,1.139,-2.71,False,,INE DIRCE T=294 (locals); INE Padró T=29005 sumat per CCAA
ccaa,13,Madrid (Comunidad de),2021,471,Establiments no especialitzats (súper i hiper),7686,6751251,1.138,-0.43,False,,INE DIRCE T=294 (locals); INE Padró T=29005 sumat per CCAA
ccaa,13,Madrid (Comunidad de),2022,471,Establiments no especialitzats (súper i hiper),7748,6750336,1.148,0.81,False,,INE DIRCE T=294 (locals); INE Padró T=29005 sumat per CCAA
ccaa,13,Madrid (Comunidad de),2023,471,Establiments no especialitzats (súper i hiper),7344,6859914,1.071,-5.21,True,La variació 2022→2023 travessa el trencament de sèrie DIRCE de 2023: no comparable.,INE DIRCE T=294 (locals); INE Padró T=29005 sumat per CCAA
ccaa,13,Madrid (Comunidad de),2024,471,Establiments no especialitzats (súper i hiper),7293,7001715,1.042,-0.69,False,,INE DIRCE T=294 (locals); INE Padró T=29005 sumat per CCAA
ccaa,13,Madrid (Comunidad de),2025,471,Establiments no especialitzats (súper i hiper),7559,7137031,1.059,3.65,False,,INE DIRCE T=294 (locals); INE Padró T=29005 sumat per CCAA
ccaa,13,Madrid (Comunidad de),2010,472,"Aliments, begudes i tabac (especialitzat)",11430,6458684,1.77,,False,,INE DIRCE T=294 (locals); INE Padró T=29005 sumat per CCAA
ccaa,13,Madrid (Comunidad de),2011,472,"Aliments, begudes i tabac (especialitzat)",12659,6489680,1.951,10.75,False,,INE DIRCE T=294 (locals); INE Padró T=29005 sumat per CCAA
ccaa,13,Madrid (Comunidad de),2012,472,"Aliments, begudes i tabac (especialitzat)",12653,6498560,1.947,-0.05,False,,INE DIRCE T=294 (locals); INE Padró T=29005 sumat per CCAA
ccaa,13,Madrid (Comunidad de),2013,472,"Aliments, begudes i tabac (especialitzat)",12807,6495551,1.972,1.22,False,,INE DIRCE T=294 (locals); INE Padró T=29005 sumat per CCAA
ccaa,13,Madrid (Comunidad de),2014,472,"Aliments, begudes i tabac (especialitzat)",12484,6454440,1.934,-2.52,False,,INE DIRCE T=294 (locals); INE Padró T=29005 sumat per CCAA
ccaa,13,Madrid (Comunidad de),2015,472,"Aliments, begudes i tabac (especialitzat)",12345,6436996,1.918,-1.11,False,,INE DIRCE T=294 (locals); INE Padró T=29005 sumat per CCAA
ccaa,13,Madrid (Comunidad de),2016,472,"Aliments, begudes i tabac (especialitzat)",11974,6466996,1.852,-3.01,False,,INE DIRCE T=294 (locals); INE Padró T=29005 sumat per CCAA
ccaa,13,Madrid (Comunidad de),2017,472,"Aliments, begudes i tabac (especialitzat)",11953,6507184,1.837,-0.18,False,,INE DIRCE T=294 (locals); INE Padró T=29005 sumat per CCAA
ccaa,13,Madrid (Comunidad de),2018,472,"Aliments, begudes i tabac (especialitzat)",11720,6578079,1.782,-1.95,False,,INE DIRCE T=294 (locals); INE Padró T=29005 sumat per CCAA
ccaa,13,Madrid (Comunidad de),2019,472,"Aliments, begudes i tabac (especialitzat)",11332,6663394,1.701,-3.31,False,,INE DIRCE T=294 (locals); INE Padró T=29005 sumat per CCAA
ccaa,13,Madrid (Comunidad de),2020,472,"Aliments, begudes i tabac (especialitzat)",11261,6779888,1.661,-0.63,False,,INE DIRCE T=294 (locals); INE Padró T=29005 sumat per CCAA
ccaa,13,Madrid (Comunidad de),2021,472,"Aliments, begudes i tabac (especialitzat)",11363,6751251,1.683,0.91,False,,INE DIRCE T=294 (locals); INE Padró T=29005 sumat per CCAA
ccaa,13,Madrid (Comunidad de),2022,472,"Aliments, begudes i tabac (especialitzat)",11570,6750336,1.714,1.82,False,,INE DIRCE T=294 (locals); INE Padró T=29005 sumat per CCAA
ccaa,13,Madrid (Comunidad de),2023,472,"Aliments, begudes i tabac (especialitzat)",10724,6859914,1.563,-7.31,True,La variació 2022→2023 travessa el trencament de sèrie DIRCE de 2023: no comparable.,INE DIRCE T=294 (locals); INE Padró T=29005 sumat per CCAA
ccaa,13,Madrid (Comunidad de),2024,472,"Aliments, begudes i tabac (especialitzat)",10458,7001715,1.494,-2.48,False,,INE DIRCE T=294 (locals); INE Padró T=29005 sumat per CCAA
ccaa,13,Madrid (Comunidad de),2025,472,"Aliments, begudes i tabac (especialitzat)",10223,7137031,1.432,-2.25,False,,INE DIRCE T=294 (locals); INE Padró T=29005 sumat per CCAA
ccaa,13,Madrid (Comunidad de),2010,473,Combustible (gasolineres),489,6458684,0.076,,False,,INE DIRCE T=294 (locals); INE Padró T=29005 sumat per CCAA
ccaa,13,Madrid (Comunidad de),2011,473,Combustible (gasolineres),508,6489680,0.078,3.89,False,,INE DIRCE T=294 (locals); INE Padró T=29005 sumat per CCAA
ccaa,13,Madrid (Comunidad de),2012,473,Combustible (gasolineres),520,6498560,0.08,2.36,False,,INE DIRCE T=294 (locals); INE Padró T=29005 sumat per CCAA
ccaa,13,Madrid (Comunidad de),2013,473,Combustible (gasolineres),505,6495551,0.078,-2.88,False,,INE DIRCE T=294 (locals); INE Padró T=29005 sumat per CCAA
ccaa,13,Madrid (Comunidad de),2014,473,Combustible (gasolineres),521,6454440,0.081,3.17,False,,INE DIRCE T=294 (locals); INE Padró T=29005 sumat per CCAA
ccaa,13,Madrid (Comunidad de),2015,473,Combustible (gasolineres),558,6436996,0.087,7.1,False,,INE DIRCE T=294 (locals); INE Padró T=29005 sumat per CCAA
ccaa,13,Madrid (Comunidad de),2016,473,Combustible (gasolineres),578,6466996,0.089,3.58,False,,INE DIRCE T=294 (locals); INE Padró T=29005 sumat per CCAA
ccaa,13,Madrid (Comunidad de),2017,473,Combustible (gasolineres),598,6507184,0.092,3.46,False,,INE DIRCE T=294 (locals); INE Padró T=29005 sumat per CCAA
ccaa,13,Madrid (Comunidad de),2018,473,Combustible (gasolineres),623,6578079,0.095,4.18,False,,INE DIRCE T=294 (locals); INE Padró T=29005 sumat per CCAA
ccaa,13,Madrid (Comunidad de),2019,473,Combustible (gasolineres),669,6663394,0.1,7.38,False,,INE DIRCE T=294 (locals); INE Padró T=29005 sumat per CCAA
ccaa,13,Madrid (Comunidad de),2020,473,Combustible (gasolineres),683,6779888,0.101,2.09,False,,INE DIRCE T=294 (locals); INE Padró T=29005 sumat per CCAA
ccaa,13,Madrid (Comunidad de),2021,473,Combustible (gasolineres),690,6751251,0.102,1.02,False,,INE DIRCE T=294 (locals); INE Padró T=29005 sumat per CCAA
ccaa,13,Madrid (Comunidad de),2022,473,Combustible (gasolineres),725,6750336,0.107,5.07,False,,INE DIRCE T=294 (locals); INE Padró T=29005 sumat per CCAA
ccaa,13,Madrid (Comunidad de),2023,473,Combustible (gasolineres),732,6859914,0.107,0.97,True,La variació 2022→2023 travessa el trencament de sèrie DIRCE de 2023: no comparable.,INE DIRCE T=294 (locals); INE Padró T=29005 sumat per CCAA
ccaa,13,Madrid (Comunidad de),2024,473,Combustible (gasolineres),756,7001715,0.108,3.28,False,,INE DIRCE T=294 (locals); INE Padró T=29005 sumat per CCAA
ccaa,13,Madrid (Comunidad de),2025,473,Combustible (gasolineres),793,7137031,0.111,4.89,False,,INE DIRCE T=294 (locals); INE Padró T=29005 sumat per CCAA
ccaa,13,Madrid (Comunidad de),2010,474,Equips TIC,1292,6458684,0.2,,False,,INE DIRCE T=294 (locals); INE Padró T=29005 sumat per CCAA
ccaa,13,Madrid (Comunidad de),2011,474,Equips TIC,893,6489680,0.138,-30.88,False,,INE DIRCE T=294 (locals); INE Padró T=29005 sumat per CCAA
ccaa,13,Madrid (Comunidad de),2012,474,Equips TIC,921,6498560,0.142,3.14,False,,INE DIRCE T=294 (locals); INE Padró T=29005 sumat per CCAA
ccaa,13,Madrid (Comunidad de),2013,474,Equips TIC,1140,6495551,0.176,23.78,False,,INE DIRCE T=294 (locals); INE Padró T=29005 sumat per CCAA
ccaa,13,Madrid (Comunidad de),2014,474,Equips TIC,1126,6454440,0.174,-1.23,False,,INE DIRCE T=294 (locals); INE Padró T=29005 sumat per CCAA
ccaa,13,Madrid (Comunidad de),2015,474,Equips TIC,1201,6436996,0.187,6.66,False,,INE DIRCE T=294 (locals); INE Padró T=29005 sumat per CCAA
ccaa,13,Madrid (Comunidad de),2016,474,Equips TIC,1180,6466996,0.182,-1.75,False,,INE DIRCE T=294 (locals); INE Padró T=29005 sumat per CCAA
ccaa,13,Madrid (Comunidad de),2017,474,Equips TIC,1193,6507184,0.183,1.1,False,,INE DIRCE T=294 (locals); INE Padró T=29005 sumat per CCAA
ccaa,13,Madrid (Comunidad de),2018,474,Equips TIC,1298,6578079,0.197,8.8,False,,INE DIRCE T=294 (locals); INE Padró T=29005 sumat per CCAA
ccaa,13,Madrid (Comunidad de),2019,474,Equips TIC,1582,6663394,0.237,21.88,False,,INE DIRCE T=294 (locals); INE Padró T=29005 sumat per CCAA
ccaa,13,Madrid (Comunidad de),2020,474,Equips TIC,1550,6779888,0.229,-2.02,False,,INE DIRCE T=294 (locals); INE Padró T=29005 sumat per CCAA
ccaa,13,Madrid (Comunidad de),2021,474,Equips TIC,1420,6751251,0.21,-8.39,False,,INE DIRCE T=294 (locals); INE Padró T=29005 sumat per CCAA
ccaa,13,Madrid (Comunidad de),2022,474,Equips TIC,1385,6750336,0.205,-2.46,False,,INE DIRCE T=294 (locals); INE Padró T=29005 sumat per CCAA
ccaa,13,Madrid (Comunidad de),2023,474,Equips TIC,1169,6859914,0.17,-15.6,True,La variació 2022→2023 travessa el trencament de sèrie DIRCE de 2023: no comparable.,INE DIRCE T=294 (locals); INE Padró T=29005 sumat per CCAA
ccaa,13,Madrid (Comunidad de),2024,474,Equips TIC,1080,7001715,0.154,-7.61,False,,INE DIRCE T=294 (locals); INE Padró T=29005 sumat per CCAA
ccaa,13,Madrid (Comunidad de),2025,474,Equips TIC,1087,7137031,0.152,0.65,False,,INE DIRCE T=294 (locals); INE Padró T=29005 sumat per CCAA
ccaa,13,Madrid (Comunidad de),2010,475,Equipament de la llar,15001,6458684,2.323,,False,,INE DIRCE T=294 (locals); INE Padró T=29005 sumat per CCAA
ccaa,13,Madrid (Comunidad de),2011,475,Equipament de la llar,16092,6489680,2.48,7.27,False,,INE DIRCE T=294 (locals); INE Padró T=29005 sumat per CCAA
ccaa,13,Madrid (Comunidad de),2012,475,Equipament de la llar,15763,6498560,2.426,-2.04,False,,INE DIRCE T=294 (locals); INE Padró T=29005 sumat per CCAA
ccaa,13,Madrid (Comunidad de),2013,475,Equipament de la llar,15076,6495551,2.321,-4.36,False,,INE DIRCE T=294 (locals); INE Padró T=29005 sumat per CCAA
ccaa,13,Madrid (Comunidad de),2014,475,Equipament de la llar,14750,6454440,2.285,-2.16,False,,INE DIRCE T=294 (locals); INE Padró T=29005 sumat per CCAA
ccaa,13,Madrid (Comunidad de),2015,475,Equipament de la llar,14372,6436996,2.233,-2.56,False,,INE DIRCE T=294 (locals); INE Padró T=29005 sumat per CCAA
ccaa,13,Madrid (Comunidad de),2016,475,Equipament de la llar,13761,6466996,2.128,-4.25,False,,INE DIRCE T=294 (locals); INE Padró T=29005 sumat per CCAA
ccaa,13,Madrid (Comunidad de),2017,475,Equipament de la llar,13312,6507184,2.046,-3.26,False,,INE DIRCE T=294 (locals); INE Padró T=29005 sumat per CCAA
ccaa,13,Madrid (Comunidad de),2018,475,Equipament de la llar,12569,6578079,1.911,-5.58,False,,INE DIRCE T=294 (locals); INE Padró T=29005 sumat per CCAA
ccaa,13,Madrid (Comunidad de),2019,475,Equipament de la llar,11755,6663394,1.764,-6.48,False,,INE DIRCE T=294 (locals); INE Padró T=29005 sumat per CCAA
ccaa,13,Madrid (Comunidad de),2020,475,Equipament de la llar,11473,6779888,1.692,-2.4,False,,INE DIRCE T=294 (locals); INE Padró T=29005 sumat per CCAA
ccaa,13,Madrid (Comunidad de),2021,475,Equipament de la llar,11198,6751251,1.659,-2.4,False,,INE DIRCE T=294 (locals); INE Padró T=29005 sumat per CCAA
ccaa,13,Madrid (Comunidad de),2022,475,Equipament de la llar,11210,6750336,1.661,0.11,False,,INE DIRCE T=294 (locals); INE Padró T=29005 sumat per CCAA
ccaa,13,Madrid (Comunidad de),2023,475,Equipament de la llar,9645,6859914,1.406,-13.96,True,La variació 2022→2023 travessa el trencament de sèrie DIRCE de 2023: no comparable.,INE DIRCE T=294 (locals); INE Padró T=29005 sumat per CCAA
ccaa,13,Madrid (Comunidad de),2024,475,Equipament de la llar,9542,7001715,1.363,-1.07,False,,INE DIRCE T=294 (locals); INE Padró T=29005 sumat per CCAA
ccaa,13,Madrid (Comunidad de),2025,475,Equipament de la llar,9382,7137031,1.315,-1.68,False,,INE DIRCE T=294 (locals); INE Padró T=29005 sumat per CCAA
ccaa,13,Madrid (Comunidad de),2010,476,Articles culturals i recreatius,4823,6458684,0.747,,False,,INE DIRCE T=294 (locals); INE Padró T=29005 sumat per CCAA
ccaa,13,Madrid (Comunidad de),2011,476,Articles culturals i recreatius,5162,6489680,0.795,7.03,False,,INE DIRCE T=294 (locals); INE Padró T=29005 sumat per CCAA
ccaa,13,Madrid (Comunidad de),2012,476,Articles culturals i recreatius,5118,6498560,0.788,-0.85,False,,INE DIRCE T=294 (locals); INE Padró T=29005 sumat per CCAA
ccaa,13,Madrid (Comunidad de),2013,476,Articles culturals i recreatius,5025,6495551,0.774,-1.82,False,,INE DIRCE T=294 (locals); INE Padró T=29005 sumat per CCAA
ccaa,13,Madrid (Comunidad de),2014,476,Articles culturals i recreatius,4974,6454440,0.771,-1.01,False,,INE DIRCE T=294 (locals); INE Padró T=29005 sumat per CCAA
ccaa,13,Madrid (Comunidad de),2015,476,Articles culturals i recreatius,4894,6436996,0.76,-1.61,False,,INE DIRCE T=294 (locals); INE Padró T=29005 sumat per CCAA
ccaa,13,Madrid (Comunidad de),2016,476,Articles culturals i recreatius,4658,6466996,0.72,-4.82,False,,INE DIRCE T=294 (locals); INE Padró T=29005 sumat per CCAA
ccaa,13,Madrid (Comunidad de),2017,476,Articles culturals i recreatius,4620,6507184,0.71,-0.82,False,,INE DIRCE T=294 (locals); INE Padró T=29005 sumat per CCAA
ccaa,13,Madrid (Comunidad de),2018,476,Articles culturals i recreatius,4577,6578079,0.696,-0.93,False,,INE DIRCE T=294 (locals); INE Padró T=29005 sumat per CCAA
ccaa,13,Madrid (Comunidad de),2019,476,Articles culturals i recreatius,4179,6663394,0.627,-8.7,False,,INE DIRCE T=294 (locals); INE Padró T=29005 sumat per CCAA
ccaa,13,Madrid (Comunidad de),2020,476,Articles culturals i recreatius,4039,6779888,0.596,-3.35,False,,INE DIRCE T=294 (locals); INE Padró T=29005 sumat per CCAA
ccaa,13,Madrid (Comunidad de),2021,476,Articles culturals i recreatius,3846,6751251,0.57,-4.78,False,,INE DIRCE T=294 (locals); INE Padró T=29005 sumat per CCAA
ccaa,13,Madrid (Comunidad de),2022,476,Articles culturals i recreatius,3871,6750336,0.573,0.65,False,,INE DIRCE T=294 (locals); INE Padró T=29005 sumat per CCAA
ccaa,13,Madrid (Comunidad de),2023,476,Articles culturals i recreatius,3425,6859914,0.499,-11.52,True,La variació 2022→2023 travessa el trencament de sèrie DIRCE de 2023: no comparable.,INE DIRCE T=294 (locals); INE Padró T=29005 sumat per CCAA
ccaa,13,Madrid (Comunidad de),2024,476,Articles culturals i recreatius,3324,7001715,0.475,-2.95,False,,INE DIRCE T=294 (locals); INE Padró T=29005 sumat per CCAA
ccaa,13,Madrid (Comunidad de),2025,476,Articles culturals i recreatius,3233,7137031,0.453,-2.74,False,,INE DIRCE T=294 (locals); INE Padró T=29005 sumat per CCAA
ccaa,13,Madrid (Comunidad de),2010,477,"Altres articles (moda, calçat, etc.)",23176,6458684,3.588,,False,,INE DIRCE T=294 (locals); INE Padró T=29005 sumat per CCAA
ccaa,13,Madrid (Comunidad de),2011,477,"Altres articles (moda, calçat, etc.)",22994,6489680,3.543,-0.79,False,,INE DIRCE T=294 (locals); INE Padró T=29005 sumat per CCAA
ccaa,13,Madrid (Comunidad de),2012,477,"Altres articles (moda, calçat, etc.)",22994,6498560,3.538,0.0,False,,INE DIRCE T=294 (locals); INE Padró T=29005 sumat per CCAA
ccaa,13,Madrid (Comunidad de),2013,477,"Altres articles (moda, calçat, etc.)",22760,6495551,3.504,-1.02,False,,INE DIRCE T=294 (locals); INE Padró T=29005 sumat per CCAA
ccaa,13,Madrid (Comunidad de),2014,477,"Altres articles (moda, calçat, etc.)",22665,6454440,3.512,-0.42,False,,INE DIRCE T=294 (locals); INE Padró T=29005 sumat per CCAA
ccaa,13,Madrid (Comunidad de),2015,477,"Altres articles (moda, calçat, etc.)",22971,6436996,3.569,1.35,False,,INE DIRCE T=294 (locals); INE Padró T=29005 sumat per CCAA
ccaa,13,Madrid (Comunidad de),2016,477,"Altres articles (moda, calçat, etc.)",22656,6466996,3.503,-1.37,False,,INE DIRCE T=294 (locals); INE Padró T=29005 sumat per CCAA
ccaa,13,Madrid (Comunidad de),2017,477,"Altres articles (moda, calçat, etc.)",22691,6507184,3.487,0.15,False,,INE DIRCE T=294 (locals); INE Padró T=29005 sumat per CCAA
ccaa,13,Madrid (Comunidad de),2018,477,"Altres articles (moda, calçat, etc.)",22670,6578079,3.446,-0.09,False,,INE DIRCE T=294 (locals); INE Padró T=29005 sumat per CCAA
ccaa,13,Madrid (Comunidad de),2019,477,"Altres articles (moda, calçat, etc.)",22800,6663394,3.422,0.57,False,,INE DIRCE T=294 (locals); INE Padró T=29005 sumat per CCAA
ccaa,13,Madrid (Comunidad de),2020,477,"Altres articles (moda, calçat, etc.)",22377,6779888,3.3,-1.86,False,,INE DIRCE T=294 (locals); INE Padró T=29005 sumat per CCAA
ccaa,13,Madrid (Comunidad de),2021,477,"Altres articles (moda, calçat, etc.)",21725,6751251,3.218,-2.91,False,,INE DIRCE T=294 (locals); INE Padró T=29005 sumat per CCAA
ccaa,13,Madrid (Comunidad de),2022,477,"Altres articles (moda, calçat, etc.)",21738,6750336,3.22,0.06,False,,INE DIRCE T=294 (locals); INE Padró T=29005 sumat per CCAA
ccaa,13,Madrid (Comunidad de),2023,477,"Altres articles (moda, calçat, etc.)",19760,6859914,2.881,-9.1,True,La variació 2022→2023 travessa el trencament de sèrie DIRCE de 2023: no comparable.,INE DIRCE T=294 (locals); INE Padró T=29005 sumat per CCAA
ccaa,13,Madrid (Comunidad de),2024,477,"Altres articles (moda, calçat, etc.)",19428,7001715,2.775,-1.68,False,,INE DIRCE T=294 (locals); INE Padró T=29005 sumat per CCAA
ccaa,13,Madrid (Comunidad de),2025,477,"Altres articles (moda, calçat, etc.)",19379,7137031,2.715,-0.25,False,,INE DIRCE T=294 (locals); INE Padró T=29005 sumat per CCAA
ccaa,13,Madrid (Comunidad de),2010,478,Punts de venda i mercadillos,3019,6458684,0.467,,False,,INE DIRCE T=294 (locals); INE Padró T=29005 sumat per CCAA
ccaa,13,Madrid (Comunidad de),2011,478,Punts de venda i mercadillos,2880,6489680,0.444,-4.6,False,,INE DIRCE T=294 (locals); INE Padró T=29005 sumat per CCAA
ccaa,13,Madrid (Comunidad de),2012,478,Punts de venda i mercadillos,2789,6498560,0.429,-3.16,False,,INE DIRCE T=294 (locals); INE Padró T=29005 sumat per CCAA
ccaa,13,Madrid (Comunidad de),2013,478,Punts de venda i mercadillos,2706,6495551,0.417,-2.98,False,,INE DIRCE T=294 (locals); INE Padró T=29005 sumat per CCAA
ccaa,13,Madrid (Comunidad de),2014,478,Punts de venda i mercadillos,2597,6454440,0.402,-4.03,False,,INE DIRCE T=294 (locals); INE Padró T=29005 sumat per CCAA
ccaa,13,Madrid (Comunidad de),2015,478,Punts de venda i mercadillos,2725,6436996,0.423,4.93,False,,INE DIRCE T=294 (locals); INE Padró T=29005 sumat per CCAA
ccaa,13,Madrid (Comunidad de),2016,478,Punts de venda i mercadillos,2757,6466996,0.426,1.17,False,,INE DIRCE T=294 (locals); INE Padró T=29005 sumat per CCAA
ccaa,13,Madrid (Comunidad de),2017,478,Punts de venda i mercadillos,2790,6507184,0.429,1.2,False,,INE DIRCE T=294 (locals); INE Padró T=29005 sumat per CCAA
ccaa,13,Madrid (Comunidad de),2018,478,Punts de venda i mercadillos,2860,6578079,0.435,2.51,False,,INE DIRCE T=294 (locals); INE Padró T=29005 sumat per CCAA
ccaa,13,Madrid (Comunidad de),2019,478,Punts de venda i mercadillos,3112,6663394,0.467,8.81,False,,INE DIRCE T=294 (locals); INE Padró T=29005 sumat per CCAA
ccaa,13,Madrid (Comunidad de),2020,478,Punts de venda i mercadillos,3076,6779888,0.454,-1.16,False,,INE DIRCE T=294 (locals); INE Padró T=29005 sumat per CCAA
ccaa,13,Madrid (Comunidad de),2021,478,Punts de venda i mercadillos,2886,6751251,0.427,-6.18,False,,INE DIRCE T=294 (locals); INE Padró T=29005 sumat per CCAA
ccaa,13,Madrid (Comunidad de),2022,478,Punts de venda i mercadillos,2930,6750336,0.434,1.52,False,,INE DIRCE T=294 (locals); INE Padró T=29005 sumat per CCAA
ccaa,13,Madrid (Comunidad de),2023,478,Punts de venda i mercadillos,2622,6859914,0.382,-10.51,True,La variació 2022→2023 travessa el trencament de sèrie DIRCE de 2023: no comparable.,INE DIRCE T=294 (locals); INE Padró T=29005 sumat per CCAA
ccaa,13,Madrid (Comunidad de),2024,478,Punts de venda i mercadillos,2701,7001715,0.386,3.01,False,,INE DIRCE T=294 (locals); INE Padró T=29005 sumat per CCAA
ccaa,13,Madrid (Comunidad de),2025,478,Punts de venda i mercadillos,2761,7137031,0.387,2.22,False,,INE DIRCE T=294 (locals); INE Padró T=29005 sumat per CCAA
ccaa,13,Madrid (Comunidad de),2010,479,Comerç no en establiment (internet),1165,6458684,0.18,,False,,INE DIRCE T=294 (locals); INE Padró T=29005 sumat per CCAA
ccaa,13,Madrid (Comunidad de),2011,479,Comerç no en establiment (internet),1168,6489680,0.18,0.26,False,,INE DIRCE T=294 (locals); INE Padró T=29005 sumat per CCAA
ccaa,13,Madrid (Comunidad de),2012,479,Comerç no en establiment (internet),1214,6498560,0.187,3.94,False,,INE DIRCE T=294 (locals); INE Padró T=29005 sumat per CCAA
ccaa,13,Madrid (Comunidad de),2013,479,Comerç no en establiment (internet),1302,6495551,0.2,7.25,False,,INE DIRCE T=294 (locals); INE Padró T=29005 sumat per CCAA
ccaa,13,Madrid (Comunidad de),2014,479,Comerç no en establiment (internet),1423,6454440,0.22,9.29,False,,INE DIRCE T=294 (locals); INE Padró T=29005 sumat per CCAA
ccaa,13,Madrid (Comunidad de),2015,479,Comerç no en establiment (internet),1539,6436996,0.239,8.15,False,,INE DIRCE T=294 (locals); INE Padró T=29005 sumat per CCAA
ccaa,13,Madrid (Comunidad de),2016,479,Comerç no en establiment (internet),1573,6466996,0.243,2.21,False,,INE DIRCE T=294 (locals); INE Padró T=29005 sumat per CCAA
ccaa,13,Madrid (Comunidad de),2017,479,Comerç no en establiment (internet),1635,6507184,0.251,3.94,False,,INE DIRCE T=294 (locals); INE Padró T=29005 sumat per CCAA
ccaa,13,Madrid (Comunidad de),2018,479,Comerç no en establiment (internet),1739,6578079,0.264,6.36,False,,INE DIRCE T=294 (locals); INE Padró T=29005 sumat per CCAA
ccaa,13,Madrid (Comunidad de),2019,479,Comerç no en establiment (internet),1907,6663394,0.286,9.66,False,,INE DIRCE T=294 (locals); INE Padró T=29005 sumat per CCAA
ccaa,13,Madrid (Comunidad de),2020,479,Comerç no en establiment (internet),1998,6779888,0.295,4.77,False,,INE DIRCE T=294 (locals); INE Padró T=29005 sumat per CCAA
ccaa,13,Madrid (Comunidad de),2021,479,Comerç no en establiment (internet),2177,6751251,0.322,8.96,False,,INE DIRCE T=294 (locals); INE Padró T=29005 sumat per CCAA
ccaa,13,Madrid (Comunidad de),2022,479,Comerç no en establiment (internet),2467,6750336,0.365,13.32,False,,INE DIRCE T=294 (locals); INE Padró T=29005 sumat per CCAA
ccaa,13,Madrid (Comunidad de),2023,479,Comerç no en establiment (internet),2218,6859914,0.323,-10.09,True,La variació 2022→2023 travessa el trencament de sèrie DIRCE de 2023: no comparable.,INE DIRCE T=294 (locals); INE Padró T=29005 sumat per CCAA
ccaa,13,Madrid (Comunidad de),2024,479,Comerç no en establiment (internet),2463,7001715,0.352,11.05,False,,INE DIRCE T=294 (locals); INE Padró T=29005 sumat per CCAA
ccaa,13,Madrid (Comunidad de),2025,479,Comerç no en establiment (internet),2659,7137031,0.373,7.96,False,,INE DIRCE T=294 (locals); INE Padró T=29005 sumat per CCAA
ccaa,14,Murcia (Región de),2010,47,Comerç al detall (total CNAE 47),18151,1461979,12.415,,False,,INE DIRCE T=294 (locals); INE Padró T=29005 sumat per CCAA
ccaa,14,Murcia (Región de),2011,47,Comerç al detall (total CNAE 47),17986,1470069,12.235,-0.91,False,,INE DIRCE T=294 (locals); INE Padró T=29005 sumat per CCAA
ccaa,14,Murcia (Región de),2012,47,Comerç al detall (total CNAE 47),17757,1474449,12.043,-1.27,False,,INE DIRCE T=294 (locals); INE Padró T=29005 sumat per CCAA
ccaa,14,Murcia (Región de),2013,47,Comerç al detall (total CNAE 47),17610,1472049,11.963,-0.83,False,,INE DIRCE T=294 (locals); INE Padró T=29005 sumat per CCAA
ccaa,14,Murcia (Región de),2014,47,Comerç al detall (total CNAE 47),17483,1466818,11.919,-0.72,False,,INE DIRCE T=294 (locals); INE Padró T=29005 sumat per CCAA
ccaa,14,Murcia (Región de),2015,47,Comerç al detall (total CNAE 47),17648,1467288,12.028,0.94,False,,INE DIRCE T=294 (locals); INE Padró T=29005 sumat per CCAA
ccaa,14,Murcia (Región de),2016,47,Comerç al detall (total CNAE 47),17646,1464847,12.046,-0.01,False,,INE DIRCE T=294 (locals); INE Padró T=29005 sumat per CCAA
ccaa,14,Murcia (Región de),2017,47,Comerç al detall (total CNAE 47),17711,1470273,12.046,0.37,False,,INE DIRCE T=294 (locals); INE Padró T=29005 sumat per CCAA
ccaa,14,Murcia (Región de),2018,47,Comerç al detall (total CNAE 47),17528,1478509,11.855,-1.03,False,,INE DIRCE T=294 (locals); INE Padró T=29005 sumat per CCAA
ccaa,14,Murcia (Región de),2019,47,Comerç al detall (total CNAE 47),17315,1493898,11.59,-1.22,False,,INE DIRCE T=294 (locals); INE Padró T=29005 sumat per CCAA
ccaa,14,Murcia (Región de),2020,47,Comerç al detall (total CNAE 47),17019,1511251,11.262,-1.71,False,,INE DIRCE T=294 (locals); INE Padró T=29005 sumat per CCAA
ccaa,14,Murcia (Región de),2021,47,Comerç al detall (total CNAE 47),16828,1518486,11.082,-1.12,False,,INE DIRCE T=294 (locals); INE Padró T=29005 sumat per CCAA
ccaa,14,Murcia (Región de),2022,47,Comerç al detall (total CNAE 47),16777,1531878,10.952,-0.3,False,,INE DIRCE T=294 (locals); INE Padró T=29005 sumat per CCAA
ccaa,14,Murcia (Región de),2023,47,Comerç al detall (total CNAE 47),15893,1552457,10.237,-5.27,True,La variació 2022→2023 travessa el trencament de sèrie DIRCE de 2023: no comparable.,INE DIRCE T=294 (locals); INE Padró T=29005 sumat per CCAA
ccaa,14,Murcia (Región de),2024,47,Comerç al detall (total CNAE 47),15555,1571933,9.895,-2.13,False,,INE DIRCE T=294 (locals); INE Padró T=29005 sumat per CCAA
ccaa,14,Murcia (Región de),2025,47,Comerç al detall (total CNAE 47),15407,1589138,9.695,-0.95,False,,INE DIRCE T=294 (locals); INE Padró T=29005 sumat per CCAA
ccaa,14,Murcia (Región de),2010,471,Establiments no especialitzats (súper i hiper),2986,1461979,2.042,,False,,INE DIRCE T=294 (locals); INE Padró T=29005 sumat per CCAA
ccaa,14,Murcia (Región de),2011,471,Establiments no especialitzats (súper i hiper),2047,1470069,1.392,-31.45,False,,INE DIRCE T=294 (locals); INE Padró T=29005 sumat per CCAA
ccaa,14,Murcia (Región de),2012,471,Establiments no especialitzats (súper i hiper),2066,1474449,1.401,0.93,False,,INE DIRCE T=294 (locals); INE Padró T=29005 sumat per CCAA
ccaa,14,Murcia (Región de),2013,471,Establiments no especialitzats (súper i hiper),2111,1472049,1.434,2.18,False,,INE DIRCE T=294 (locals); INE Padró T=29005 sumat per CCAA
ccaa,14,Murcia (Región de),2014,471,Establiments no especialitzats (súper i hiper),2093,1466818,1.427,-0.85,False,,INE DIRCE T=294 (locals); INE Padró T=29005 sumat per CCAA
ccaa,14,Murcia (Región de),2015,471,Establiments no especialitzats (súper i hiper),2106,1467288,1.435,0.62,False,,INE DIRCE T=294 (locals); INE Padró T=29005 sumat per CCAA
ccaa,14,Murcia (Región de),2016,471,Establiments no especialitzats (súper i hiper),2084,1464847,1.423,-1.04,False,,INE DIRCE T=294 (locals); INE Padró T=29005 sumat per CCAA
ccaa,14,Murcia (Región de),2017,471,Establiments no especialitzats (súper i hiper),1993,1470273,1.356,-4.37,False,,INE DIRCE T=294 (locals); INE Padró T=29005 sumat per CCAA
ccaa,14,Murcia (Región de),2018,471,Establiments no especialitzats (súper i hiper),1997,1478509,1.351,0.2,False,,INE DIRCE T=294 (locals); INE Padró T=29005 sumat per CCAA
ccaa,14,Murcia (Región de),2019,471,Establiments no especialitzats (súper i hiper),2024,1493898,1.355,1.35,False,,INE DIRCE T=294 (locals); INE Padró T=29005 sumat per CCAA
ccaa,14,Murcia (Región de),2020,471,Establiments no especialitzats (súper i hiper),1882,1511251,1.245,-7.02,False,,INE DIRCE T=294 (locals); INE Padró T=29005 sumat per CCAA
ccaa,14,Murcia (Región de),2021,471,Establiments no especialitzats (súper i hiper),1956,1518486,1.288,3.93,False,,INE DIRCE T=294 (locals); INE Padró T=29005 sumat per CCAA
ccaa,14,Murcia (Región de),2022,471,Establiments no especialitzats (súper i hiper),1912,1531878,1.248,-2.25,False,,INE DIRCE T=294 (locals); INE Padró T=29005 sumat per CCAA
ccaa,14,Murcia (Región de),2023,471,Establiments no especialitzats (súper i hiper),1866,1552457,1.202,-2.41,True,La variació 2022→2023 travessa el trencament de sèrie DIRCE de 2023: no comparable.,INE DIRCE T=294 (locals); INE Padró T=29005 sumat per CCAA
ccaa,14,Murcia (Región de),2024,471,Establiments no especialitzats (súper i hiper),1851,1571933,1.178,-0.8,False,,INE DIRCE T=294 (locals); INE Padró T=29005 sumat per CCAA
ccaa,14,Murcia (Región de),2025,471,Establiments no especialitzats (súper i hiper),1872,1589138,1.178,1.13,False,,INE DIRCE T=294 (locals); INE Padró T=29005 sumat per CCAA
ccaa,14,Murcia (Región de),2010,472,"Aliments, begudes i tabac (especialitzat)",2582,1461979,1.766,,False,,INE DIRCE T=294 (locals); INE Padró T=29005 sumat per CCAA
ccaa,14,Murcia (Región de),2011,472,"Aliments, begudes i tabac (especialitzat)",3072,1470069,2.09,18.98,False,,INE DIRCE T=294 (locals); INE Padró T=29005 sumat per CCAA
ccaa,14,Murcia (Región de),2012,472,"Aliments, begudes i tabac (especialitzat)",3054,1474449,2.071,-0.59,False,,INE DIRCE T=294 (locals); INE Padró T=29005 sumat per CCAA
ccaa,14,Murcia (Región de),2013,472,"Aliments, begudes i tabac (especialitzat)",3079,1472049,2.092,0.82,False,,INE DIRCE T=294 (locals); INE Padró T=29005 sumat per CCAA
ccaa,14,Murcia (Región de),2014,472,"Aliments, begudes i tabac (especialitzat)",3026,1466818,2.063,-1.72,False,,INE DIRCE T=294 (locals); INE Padró T=29005 sumat per CCAA
ccaa,14,Murcia (Región de),2015,472,"Aliments, begudes i tabac (especialitzat)",3012,1467288,2.053,-0.46,False,,INE DIRCE T=294 (locals); INE Padró T=29005 sumat per CCAA
ccaa,14,Murcia (Región de),2016,472,"Aliments, begudes i tabac (especialitzat)",2955,1464847,2.017,-1.89,False,,INE DIRCE T=294 (locals); INE Padró T=29005 sumat per CCAA
ccaa,14,Murcia (Región de),2017,472,"Aliments, begudes i tabac (especialitzat)",2944,1470273,2.002,-0.37,False,,INE DIRCE T=294 (locals); INE Padró T=29005 sumat per CCAA
ccaa,14,Murcia (Región de),2018,472,"Aliments, begudes i tabac (especialitzat)",2883,1478509,1.95,-2.07,False,,INE DIRCE T=294 (locals); INE Padró T=29005 sumat per CCAA
ccaa,14,Murcia (Región de),2019,472,"Aliments, begudes i tabac (especialitzat)",2812,1493898,1.882,-2.46,False,,INE DIRCE T=294 (locals); INE Padró T=29005 sumat per CCAA
ccaa,14,Murcia (Región de),2020,472,"Aliments, begudes i tabac (especialitzat)",2732,1511251,1.808,-2.84,False,,INE DIRCE T=294 (locals); INE Padró T=29005 sumat per CCAA
ccaa,14,Murcia (Región de),2021,472,"Aliments, begudes i tabac (especialitzat)",2739,1518486,1.804,0.26,False,,INE DIRCE T=294 (locals); INE Padró T=29005 sumat per CCAA
ccaa,14,Murcia (Región de),2022,472,"Aliments, begudes i tabac (especialitzat)",2765,1531878,1.805,0.95,False,,INE DIRCE T=294 (locals); INE Padró T=29005 sumat per CCAA
ccaa,14,Murcia (Región de),2023,472,"Aliments, begudes i tabac (especialitzat)",2647,1552457,1.705,-4.27,True,La variació 2022→2023 travessa el trencament de sèrie DIRCE de 2023: no comparable.,INE DIRCE T=294 (locals); INE Padró T=29005 sumat per CCAA
ccaa,14,Murcia (Región de),2024,472,"Aliments, begudes i tabac (especialitzat)",2601,1571933,1.655,-1.74,False,,INE DIRCE T=294 (locals); INE Padró T=29005 sumat per CCAA
ccaa,14,Murcia (Región de),2025,472,"Aliments, begudes i tabac (especialitzat)",2502,1589138,1.574,-3.81,False,,INE DIRCE T=294 (locals); INE Padró T=29005 sumat per CCAA
ccaa,14,Murcia (Región de),2010,473,Combustible (gasolineres),318,1461979,0.218,,False,,INE DIRCE T=294 (locals); INE Padró T=29005 sumat per CCAA
ccaa,14,Murcia (Región de),2011,473,Combustible (gasolineres),328,1470069,0.223,3.14,False,,INE DIRCE T=294 (locals); INE Padró T=29005 sumat per CCAA
ccaa,14,Murcia (Región de),2012,473,Combustible (gasolineres),327,1474449,0.222,-0.3,False,,INE DIRCE T=294 (locals); INE Padró T=29005 sumat per CCAA
ccaa,14,Murcia (Región de),2013,473,Combustible (gasolineres),338,1472049,0.23,3.36,False,,INE DIRCE T=294 (locals); INE Padró T=29005 sumat per CCAA
ccaa,14,Murcia (Región de),2014,473,Combustible (gasolineres),343,1466818,0.234,1.48,False,,INE DIRCE T=294 (locals); INE Padró T=29005 sumat per CCAA
ccaa,14,Murcia (Región de),2015,473,Combustible (gasolineres),342,1467288,0.233,-0.29,False,,INE DIRCE T=294 (locals); INE Padró T=29005 sumat per CCAA
ccaa,14,Murcia (Región de),2016,473,Combustible (gasolineres),354,1464847,0.242,3.51,False,,INE DIRCE T=294 (locals); INE Padró T=29005 sumat per CCAA
ccaa,14,Murcia (Región de),2017,473,Combustible (gasolineres),365,1470273,0.248,3.11,False,,INE DIRCE T=294 (locals); INE Padró T=29005 sumat per CCAA
ccaa,14,Murcia (Región de),2018,473,Combustible (gasolineres),375,1478509,0.254,2.74,False,,INE DIRCE T=294 (locals); INE Padró T=29005 sumat per CCAA
ccaa,14,Murcia (Región de),2019,473,Combustible (gasolineres),397,1493898,0.266,5.87,False,,INE DIRCE T=294 (locals); INE Padró T=29005 sumat per CCAA
ccaa,14,Murcia (Región de),2020,473,Combustible (gasolineres),390,1511251,0.258,-1.76,False,,INE DIRCE T=294 (locals); INE Padró T=29005 sumat per CCAA
ccaa,14,Murcia (Región de),2021,473,Combustible (gasolineres),376,1518486,0.248,-3.59,False,,INE DIRCE T=294 (locals); INE Padró T=29005 sumat per CCAA
ccaa,14,Murcia (Región de),2022,473,Combustible (gasolineres),380,1531878,0.248,1.06,False,,INE DIRCE T=294 (locals); INE Padró T=29005 sumat per CCAA
ccaa,14,Murcia (Región de),2023,473,Combustible (gasolineres),389,1552457,0.251,2.37,True,La variació 2022→2023 travessa el trencament de sèrie DIRCE de 2023: no comparable.,INE DIRCE T=294 (locals); INE Padró T=29005 sumat per CCAA
ccaa,14,Murcia (Región de),2024,473,Combustible (gasolineres),402,1571933,0.256,3.34,False,,INE DIRCE T=294 (locals); INE Padró T=29005 sumat per CCAA
ccaa,14,Murcia (Región de),2025,473,Combustible (gasolineres),424,1589138,0.267,5.47,False,,INE DIRCE T=294 (locals); INE Padró T=29005 sumat per CCAA
ccaa,14,Murcia (Región de),2010,474,Equips TIC,600,1461979,0.41,,False,,INE DIRCE T=294 (locals); INE Padró T=29005 sumat per CCAA
ccaa,14,Murcia (Región de),2011,474,Equips TIC,576,1470069,0.392,-4.0,False,,INE DIRCE T=294 (locals); INE Padró T=29005 sumat per CCAA
ccaa,14,Murcia (Región de),2012,474,Equips TIC,554,1474449,0.376,-3.82,False,,INE DIRCE T=294 (locals); INE Padró T=29005 sumat per CCAA
ccaa,14,Murcia (Región de),2013,474,Equips TIC,502,1472049,0.341,-9.39,False,,INE DIRCE T=294 (locals); INE Padró T=29005 sumat per CCAA
ccaa,14,Murcia (Región de),2014,474,Equips TIC,480,1466818,0.327,-4.38,False,,INE DIRCE T=294 (locals); INE Padró T=29005 sumat per CCAA
ccaa,14,Murcia (Región de),2015,474,Equips TIC,464,1467288,0.316,-3.33,False,,INE DIRCE T=294 (locals); INE Padró T=29005 sumat per CCAA
ccaa,14,Murcia (Región de),2016,474,Equips TIC,436,1464847,0.298,-6.03,False,,INE DIRCE T=294 (locals); INE Padró T=29005 sumat per CCAA
ccaa,14,Murcia (Región de),2017,474,Equips TIC,411,1470273,0.28,-5.73,False,,INE DIRCE T=294 (locals); INE Padró T=29005 sumat per CCAA
ccaa,14,Murcia (Región de),2018,474,Equips TIC,406,1478509,0.275,-1.22,False,,INE DIRCE T=294 (locals); INE Padró T=29005 sumat per CCAA
ccaa,14,Murcia (Región de),2019,474,Equips TIC,369,1493898,0.247,-9.11,False,,INE DIRCE T=294 (locals); INE Padró T=29005 sumat per CCAA
ccaa,14,Murcia (Región de),2020,474,Equips TIC,368,1511251,0.244,-0.27,False,,INE DIRCE T=294 (locals); INE Padró T=29005 sumat per CCAA
ccaa,14,Murcia (Región de),2021,474,Equips TIC,368,1518486,0.242,0.0,False,,INE DIRCE T=294 (locals); INE Padró T=29005 sumat per CCAA
ccaa,14,Murcia (Región de),2022,474,Equips TIC,370,1531878,0.242,0.54,False,,INE DIRCE T=294 (locals); INE Padró T=29005 sumat per CCAA
ccaa,14,Murcia (Región de),2023,474,Equips TIC,333,1552457,0.214,-10.0,True,La variació 2022→2023 travessa el trencament de sèrie DIRCE de 2023: no comparable.,INE DIRCE T=294 (locals); INE Padró T=29005 sumat per CCAA
ccaa,14,Murcia (Región de),2024,474,Equips TIC,324,1571933,0.206,-2.7,False,,INE DIRCE T=294 (locals); INE Padró T=29005 sumat per CCAA
ccaa,14,Murcia (Región de),2025,474,Equips TIC,316,1589138,0.199,-2.47,False,,INE DIRCE T=294 (locals); INE Padró T=29005 sumat per CCAA
ccaa,14,Murcia (Región de),2010,475,Equipament de la llar,3226,1461979,2.207,,False,,INE DIRCE T=294 (locals); INE Padró T=29005 sumat per CCAA
ccaa,14,Murcia (Región de),2011,475,Equipament de la llar,3433,1470069,2.335,6.42,False,,INE DIRCE T=294 (locals); INE Padró T=29005 sumat per CCAA
ccaa,14,Murcia (Región de),2012,475,Equipament de la llar,3361,1474449,2.279,-2.1,False,,INE DIRCE T=294 (locals); INE Padró T=29005 sumat per CCAA
ccaa,14,Murcia (Región de),2013,475,Equipament de la llar,3209,1472049,2.18,-4.52,False,,INE DIRCE T=294 (locals); INE Padró T=29005 sumat per CCAA
ccaa,14,Murcia (Región de),2014,475,Equipament de la llar,3177,1466818,2.166,-1.0,False,,INE DIRCE T=294 (locals); INE Padró T=29005 sumat per CCAA
ccaa,14,Murcia (Región de),2015,475,Equipament de la llar,3118,1467288,2.125,-1.86,False,,INE DIRCE T=294 (locals); INE Padró T=29005 sumat per CCAA
ccaa,14,Murcia (Región de),2016,475,Equipament de la llar,3136,1464847,2.141,0.58,False,,INE DIRCE T=294 (locals); INE Padró T=29005 sumat per CCAA
ccaa,14,Murcia (Región de),2017,475,Equipament de la llar,3078,1470273,2.093,-1.85,False,,INE DIRCE T=294 (locals); INE Padró T=29005 sumat per CCAA
ccaa,14,Murcia (Región de),2018,475,Equipament de la llar,2992,1478509,2.024,-2.79,False,,INE DIRCE T=294 (locals); INE Padró T=29005 sumat per CCAA
ccaa,14,Murcia (Región de),2019,475,Equipament de la llar,2887,1493898,1.933,-3.51,False,,INE DIRCE T=294 (locals); INE Padró T=29005 sumat per CCAA
ccaa,14,Murcia (Región de),2020,475,Equipament de la llar,2816,1511251,1.863,-2.46,False,,INE DIRCE T=294 (locals); INE Padró T=29005 sumat per CCAA
ccaa,14,Murcia (Región de),2021,475,Equipament de la llar,2768,1518486,1.823,-1.7,False,,INE DIRCE T=294 (locals); INE Padró T=29005 sumat per CCAA
ccaa,14,Murcia (Región de),2022,475,Equipament de la llar,2729,1531878,1.781,-1.41,False,,INE DIRCE T=294 (locals); INE Padró T=29005 sumat per CCAA
ccaa,14,Murcia (Región de),2023,475,Equipament de la llar,2520,1552457,1.623,-7.66,True,La variació 2022→2023 travessa el trencament de sèrie DIRCE de 2023: no comparable.,INE DIRCE T=294 (locals); INE Padró T=29005 sumat per CCAA
ccaa,14,Murcia (Región de),2024,475,Equipament de la llar,2446,1571933,1.556,-2.94,False,,INE DIRCE T=294 (locals); INE Padró T=29005 sumat per CCAA
ccaa,14,Murcia (Región de),2025,475,Equipament de la llar,2439,1589138,1.535,-0.29,False,,INE DIRCE T=294 (locals); INE Padró T=29005 sumat per CCAA
ccaa,14,Murcia (Región de),2010,476,Articles culturals i recreatius,1028,1461979,0.703,,False,,INE DIRCE T=294 (locals); INE Padró T=29005 sumat per CCAA
ccaa,14,Murcia (Región de),2011,476,Articles culturals i recreatius,1120,1470069,0.762,8.95,False,,INE DIRCE T=294 (locals); INE Padró T=29005 sumat per CCAA
ccaa,14,Murcia (Región de),2012,476,Articles culturals i recreatius,1107,1474449,0.751,-1.16,False,,INE DIRCE T=294 (locals); INE Padró T=29005 sumat per CCAA
ccaa,14,Murcia (Región de),2013,476,Articles culturals i recreatius,1114,1472049,0.757,0.63,False,,INE DIRCE T=294 (locals); INE Padró T=29005 sumat per CCAA
ccaa,14,Murcia (Región de),2014,476,Articles culturals i recreatius,1143,1466818,0.779,2.6,False,,INE DIRCE T=294 (locals); INE Padró T=29005 sumat per CCAA
ccaa,14,Murcia (Región de),2015,476,Articles culturals i recreatius,1152,1467288,0.785,0.79,False,,INE DIRCE T=294 (locals); INE Padró T=29005 sumat per CCAA
ccaa,14,Murcia (Región de),2016,476,Articles culturals i recreatius,1144,1464847,0.781,-0.69,False,,INE DIRCE T=294 (locals); INE Padró T=29005 sumat per CCAA
ccaa,14,Murcia (Región de),2017,476,Articles culturals i recreatius,1140,1470273,0.775,-0.35,False,,INE DIRCE T=294 (locals); INE Padró T=29005 sumat per CCAA
ccaa,14,Murcia (Región de),2018,476,Articles culturals i recreatius,1103,1478509,0.746,-3.25,False,,INE DIRCE T=294 (locals); INE Padró T=29005 sumat per CCAA
ccaa,14,Murcia (Región de),2019,476,Articles culturals i recreatius,974,1493898,0.652,-11.7,False,,INE DIRCE T=294 (locals); INE Padró T=29005 sumat per CCAA
ccaa,14,Murcia (Región de),2020,476,Articles culturals i recreatius,961,1511251,0.636,-1.33,False,,INE DIRCE T=294 (locals); INE Padró T=29005 sumat per CCAA
ccaa,14,Murcia (Región de),2021,476,Articles culturals i recreatius,921,1518486,0.607,-4.16,False,,INE DIRCE T=294 (locals); INE Padró T=29005 sumat per CCAA
ccaa,14,Murcia (Región de),2022,476,Articles culturals i recreatius,905,1531878,0.591,-1.74,False,,INE DIRCE T=294 (locals); INE Padró T=29005 sumat per CCAA
ccaa,14,Murcia (Región de),2023,476,Articles culturals i recreatius,862,1552457,0.555,-4.75,True,La variació 2022→2023 travessa el trencament de sèrie DIRCE de 2023: no comparable.,INE DIRCE T=294 (locals); INE Padró T=29005 sumat per CCAA
ccaa,14,Murcia (Región de),2024,476,Articles culturals i recreatius,829,1571933,0.527,-3.83,False,,INE DIRCE T=294 (locals); INE Padró T=29005 sumat per CCAA
ccaa,14,Murcia (Región de),2025,476,Articles culturals i recreatius,806,1589138,0.507,-2.77,False,,INE DIRCE T=294 (locals); INE Padró T=29005 sumat per CCAA
ccaa,14,Murcia (Región de),2010,477,"Altres articles (moda, calçat, etc.)",5251,1461979,3.592,,False,,INE DIRCE T=294 (locals); INE Padró T=29005 sumat per CCAA
ccaa,14,Murcia (Región de),2011,477,"Altres articles (moda, calçat, etc.)",5262,1470069,3.579,0.21,False,,INE DIRCE T=294 (locals); INE Padró T=29005 sumat per CCAA
ccaa,14,Murcia (Región de),2012,477,"Altres articles (moda, calçat, etc.)",5230,1474449,3.547,-0.61,False,,INE DIRCE T=294 (locals); INE Padró T=29005 sumat per CCAA
ccaa,14,Murcia (Región de),2013,477,"Altres articles (moda, calçat, etc.)",5209,1472049,3.539,-0.4,False,,INE DIRCE T=294 (locals); INE Padró T=29005 sumat per CCAA
ccaa,14,Murcia (Región de),2014,477,"Altres articles (moda, calçat, etc.)",5273,1466818,3.595,1.23,False,,INE DIRCE T=294 (locals); INE Padró T=29005 sumat per CCAA
ccaa,14,Murcia (Región de),2015,477,"Altres articles (moda, calçat, etc.)",5453,1467288,3.716,3.41,False,,INE DIRCE T=294 (locals); INE Padró T=29005 sumat per CCAA
ccaa,14,Murcia (Región de),2016,477,"Altres articles (moda, calçat, etc.)",5441,1464847,3.714,-0.22,False,,INE DIRCE T=294 (locals); INE Padró T=29005 sumat per CCAA
ccaa,14,Murcia (Región de),2017,477,"Altres articles (moda, calçat, etc.)",5428,1470273,3.692,-0.24,False,,INE DIRCE T=294 (locals); INE Padró T=29005 sumat per CCAA
ccaa,14,Murcia (Región de),2018,477,"Altres articles (moda, calçat, etc.)",5454,1478509,3.689,0.48,False,,INE DIRCE T=294 (locals); INE Padró T=29005 sumat per CCAA
ccaa,14,Murcia (Región de),2019,477,"Altres articles (moda, calçat, etc.)",5453,1493898,3.65,-0.02,False,,INE DIRCE T=294 (locals); INE Padró T=29005 sumat per CCAA
ccaa,14,Murcia (Región de),2020,477,"Altres articles (moda, calçat, etc.)",5360,1511251,3.547,-1.71,False,,INE DIRCE T=294 (locals); INE Padró T=29005 sumat per CCAA
ccaa,14,Murcia (Región de),2021,477,"Altres articles (moda, calçat, etc.)",5253,1518486,3.459,-2.0,False,,INE DIRCE T=294 (locals); INE Padró T=29005 sumat per CCAA
ccaa,14,Murcia (Región de),2022,477,"Altres articles (moda, calçat, etc.)",5285,1531878,3.45,0.61,False,,INE DIRCE T=294 (locals); INE Padró T=29005 sumat per CCAA
ccaa,14,Murcia (Región de),2023,477,"Altres articles (moda, calçat, etc.)",4997,1552457,3.219,-5.45,True,La variació 2022→2023 travessa el trencament de sèrie DIRCE de 2023: no comparable.,INE DIRCE T=294 (locals); INE Padró T=29005 sumat per CCAA
ccaa,14,Murcia (Región de),2024,477,"Altres articles (moda, calçat, etc.)",4982,1571933,3.169,-0.3,False,,INE DIRCE T=294 (locals); INE Padró T=29005 sumat per CCAA
ccaa,14,Murcia (Región de),2025,477,"Altres articles (moda, calçat, etc.)",4927,1589138,3.1,-1.1,False,,INE DIRCE T=294 (locals); INE Padró T=29005 sumat per CCAA
ccaa,14,Murcia (Región de),2010,478,Punts de venda i mercadillos,1871,1461979,1.28,,False,,INE DIRCE T=294 (locals); INE Padró T=29005 sumat per CCAA
ccaa,14,Murcia (Región de),2011,478,Punts de venda i mercadillos,1850,1470069,1.258,-1.12,False,,INE DIRCE T=294 (locals); INE Padró T=29005 sumat per CCAA
ccaa,14,Murcia (Región de),2012,478,Punts de venda i mercadillos,1761,1474449,1.194,-4.81,False,,INE DIRCE T=294 (locals); INE Padró T=29005 sumat per CCAA
ccaa,14,Murcia (Región de),2013,478,Punts de venda i mercadillos,1757,1472049,1.194,-0.23,False,,INE DIRCE T=294 (locals); INE Padró T=29005 sumat per CCAA
ccaa,14,Murcia (Región de),2014,478,Punts de venda i mercadillos,1666,1466818,1.136,-5.18,False,,INE DIRCE T=294 (locals); INE Padró T=29005 sumat per CCAA
ccaa,14,Murcia (Región de),2015,478,Punts de venda i mercadillos,1697,1467288,1.157,1.86,False,,INE DIRCE T=294 (locals); INE Padró T=29005 sumat per CCAA
ccaa,14,Murcia (Región de),2016,478,Punts de venda i mercadillos,1777,1464847,1.213,4.71,False,,INE DIRCE T=294 (locals); INE Padró T=29005 sumat per CCAA
ccaa,14,Murcia (Región de),2017,478,Punts de venda i mercadillos,2003,1470273,1.362,12.72,False,,INE DIRCE T=294 (locals); INE Padró T=29005 sumat per CCAA
ccaa,14,Murcia (Región de),2018,478,Punts de venda i mercadillos,1958,1478509,1.324,-2.25,False,,INE DIRCE T=294 (locals); INE Padró T=29005 sumat per CCAA
ccaa,14,Murcia (Región de),2019,478,Punts de venda i mercadillos,2024,1493898,1.355,3.37,False,,INE DIRCE T=294 (locals); INE Padró T=29005 sumat per CCAA
ccaa,14,Murcia (Región de),2020,478,Punts de venda i mercadillos,2116,1511251,1.4,4.55,False,,INE DIRCE T=294 (locals); INE Padró T=29005 sumat per CCAA
ccaa,14,Murcia (Región de),2021,478,Punts de venda i mercadillos,2046,1518486,1.347,-3.31,False,,INE DIRCE T=294 (locals); INE Padró T=29005 sumat per CCAA
ccaa,14,Murcia (Región de),2022,478,Punts de venda i mercadillos,2021,1531878,1.319,-1.22,False,,INE DIRCE T=294 (locals); INE Padró T=29005 sumat per CCAA
ccaa,14,Murcia (Región de),2023,478,Punts de venda i mercadillos,1869,1552457,1.204,-7.52,True,La variació 2022→2023 travessa el trencament de sèrie DIRCE de 2023: no comparable.,INE DIRCE T=294 (locals); INE Padró T=29005 sumat per CCAA
ccaa,14,Murcia (Región de),2024,478,Punts de venda i mercadillos,1702,1571933,1.083,-8.94,False,,INE DIRCE T=294 (locals); INE Padró T=29005 sumat per CCAA
ccaa,14,Murcia (Región de),2025,478,Punts de venda i mercadillos,1698,1589138,1.069,-0.24,False,,INE DIRCE T=294 (locals); INE Padró T=29005 sumat per CCAA
ccaa,14,Murcia (Región de),2010,479,Comerç no en establiment (internet),289,1461979,0.198,,False,,INE DIRCE T=294 (locals); INE Padró T=29005 sumat per CCAA
ccaa,14,Murcia (Región de),2011,479,Comerç no en establiment (internet),298,1470069,0.203,3.11,False,,INE DIRCE T=294 (locals); INE Padró T=29005 sumat per CCAA
ccaa,14,Murcia (Región de),2012,479,Comerç no en establiment (internet),297,1474449,0.201,-0.34,False,,INE DIRCE T=294 (locals); INE Padró T=29005 sumat per CCAA
ccaa,14,Murcia (Región de),2013,479,Comerç no en establiment (internet),291,1472049,0.198,-2.02,False,,INE DIRCE T=294 (locals); INE Padró T=29005 sumat per CCAA
ccaa,14,Murcia (Región de),2014,479,Comerç no en establiment (internet),282,1466818,0.192,-3.09,False,,INE DIRCE T=294 (locals); INE Padró T=29005 sumat per CCAA
ccaa,14,Murcia (Región de),2015,479,Comerç no en establiment (internet),304,1467288,0.207,7.8,False,,INE DIRCE T=294 (locals); INE Padró T=29005 sumat per CCAA
ccaa,14,Murcia (Región de),2016,479,Comerç no en establiment (internet),319,1464847,0.218,4.93,False,,INE DIRCE T=294 (locals); INE Padró T=29005 sumat per CCAA
ccaa,14,Murcia (Región de),2017,479,Comerç no en establiment (internet),349,1470273,0.237,9.4,False,,INE DIRCE T=294 (locals); INE Padró T=29005 sumat per CCAA
ccaa,14,Murcia (Región de),2018,479,Comerç no en establiment (internet),360,1478509,0.243,3.15,False,,INE DIRCE T=294 (locals); INE Padró T=29005 sumat per CCAA
ccaa,14,Murcia (Región de),2019,479,Comerç no en establiment (internet),375,1493898,0.251,4.17,False,,INE DIRCE T=294 (locals); INE Padró T=29005 sumat per CCAA
ccaa,14,Murcia (Región de),2020,479,Comerç no en establiment (internet),394,1511251,0.261,5.07,False,,INE DIRCE T=294 (locals); INE Padró T=29005 sumat per CCAA
ccaa,14,Murcia (Región de),2021,479,Comerç no en establiment (internet),401,1518486,0.264,1.78,False,,INE DIRCE T=294 (locals); INE Padró T=29005 sumat per CCAA
ccaa,14,Murcia (Región de),2022,479,Comerç no en establiment (internet),410,1531878,0.268,2.24,False,,INE DIRCE T=294 (locals); INE Padró T=29005 sumat per CCAA
ccaa,14,Murcia (Región de),2023,479,Comerç no en establiment (internet),410,1552457,0.264,0.0,True,La variació 2022→2023 travessa el trencament de sèrie DIRCE de 2023: no comparable.,INE DIRCE T=294 (locals); INE Padró T=29005 sumat per CCAA
ccaa,14,Murcia (Región de),2024,479,Comerç no en establiment (internet),418,1571933,0.266,1.95,False,,INE DIRCE T=294 (locals); INE Padró T=29005 sumat per CCAA
ccaa,14,Murcia (Región de),2025,479,Comerç no en establiment (internet),423,1589138,0.266,1.2,False,,INE DIRCE T=294 (locals); INE Padró T=29005 sumat per CCAA
ccaa,15,Navarra (Comunidad Foral de),2010,47,Comerç al detall (total CNAE 47),7866,636924,12.35,,False,,INE DIRCE T=294 (locals); INE Padró T=29005 sumat per CCAA
ccaa,15,Navarra (Comunidad Foral de),2011,47,Comerç al detall (total CNAE 47),7802,642051,12.152,-0.81,False,,INE DIRCE T=294 (locals); INE Padró T=29005 sumat per CCAA
ccaa,15,Navarra (Comunidad Foral de),2012,47,Comerç al detall (total CNAE 47),7733,644566,11.997,-0.88,False,,INE DIRCE T=294 (locals); INE Padró T=29005 sumat per CCAA
ccaa,15,Navarra (Comunidad Foral de),2013,47,Comerç al detall (total CNAE 47),7760,644477,12.041,0.35,False,,INE DIRCE T=294 (locals); INE Padró T=29005 sumat per CCAA
ccaa,15,Navarra (Comunidad Foral de),2014,47,Comerç al detall (total CNAE 47),7792,640790,12.16,0.41,False,,INE DIRCE T=294 (locals); INE Padró T=29005 sumat per CCAA
ccaa,15,Navarra (Comunidad Foral de),2015,47,Comerç al detall (total CNAE 47),7912,640476,12.353,1.54,False,,INE DIRCE T=294 (locals); INE Padró T=29005 sumat per CCAA
ccaa,15,Navarra (Comunidad Foral de),2016,47,Comerç al detall (total CNAE 47),7917,640647,12.358,0.06,False,,INE DIRCE T=294 (locals); INE Padró T=29005 sumat per CCAA
ccaa,15,Navarra (Comunidad Foral de),2017,47,Comerç al detall (total CNAE 47),7821,643234,12.159,-1.21,False,,INE DIRCE T=294 (locals); INE Padró T=29005 sumat per CCAA
ccaa,15,Navarra (Comunidad Foral de),2018,47,Comerç al detall (total CNAE 47),7710,647554,11.906,-1.42,False,,INE DIRCE T=294 (locals); INE Padró T=29005 sumat per CCAA
ccaa,15,Navarra (Comunidad Foral de),2019,47,Comerç al detall (total CNAE 47),7537,654214,11.521,-2.24,False,,INE DIRCE T=294 (locals); INE Padró T=29005 sumat per CCAA
ccaa,15,Navarra (Comunidad Foral de),2020,47,Comerç al detall (total CNAE 47),7414,661197,11.213,-1.63,False,,INE DIRCE T=294 (locals); INE Padró T=29005 sumat per CCAA
ccaa,15,Navarra (Comunidad Foral de),2021,47,Comerç al detall (total CNAE 47),7269,661537,10.988,-1.96,False,,INE DIRCE T=294 (locals); INE Padró T=29005 sumat per CCAA
ccaa,15,Navarra (Comunidad Foral de),2022,47,Comerç al detall (total CNAE 47),7328,664117,11.034,0.81,False,,INE DIRCE T=294 (locals); INE Padró T=29005 sumat per CCAA
ccaa,15,Navarra (Comunidad Foral de),2023,47,Comerç al detall (total CNAE 47),6618,671746,9.852,-9.69,True,La variació 2022→2023 travessa el trencament de sèrie DIRCE de 2023: no comparable.,INE DIRCE T=294 (locals); INE Padró T=29005 sumat per CCAA
ccaa,15,Navarra (Comunidad Foral de),2024,47,Comerç al detall (total CNAE 47),6529,678338,9.625,-1.34,False,,INE DIRCE T=294 (locals); INE Padró T=29005 sumat per CCAA
ccaa,15,Navarra (Comunidad Foral de),2025,47,Comerç al detall (total CNAE 47),6571,683500,9.614,0.64,False,,INE DIRCE T=294 (locals); INE Padró T=29005 sumat per CCAA
ccaa,15,Navarra (Comunidad Foral de),2010,471,Establiments no especialitzats (súper i hiper),1031,636924,1.619,,False,,INE DIRCE T=294 (locals); INE Padró T=29005 sumat per CCAA
ccaa,15,Navarra (Comunidad Foral de),2011,471,Establiments no especialitzats (súper i hiper),790,642051,1.23,-23.38,False,,INE DIRCE T=294 (locals); INE Padró T=29005 sumat per CCAA
ccaa,15,Navarra (Comunidad Foral de),2012,471,Establiments no especialitzats (súper i hiper),814,644566,1.263,3.04,False,,INE DIRCE T=294 (locals); INE Padró T=29005 sumat per CCAA
ccaa,15,Navarra (Comunidad Foral de),2013,471,Establiments no especialitzats (súper i hiper),820,644477,1.272,0.74,False,,INE DIRCE T=294 (locals); INE Padró T=29005 sumat per CCAA
ccaa,15,Navarra (Comunidad Foral de),2014,471,Establiments no especialitzats (súper i hiper),829,640790,1.294,1.1,False,,INE DIRCE T=294 (locals); INE Padró T=29005 sumat per CCAA
ccaa,15,Navarra (Comunidad Foral de),2015,471,Establiments no especialitzats (súper i hiper),853,640476,1.332,2.9,False,,INE DIRCE T=294 (locals); INE Padró T=29005 sumat per CCAA
ccaa,15,Navarra (Comunidad Foral de),2016,471,Establiments no especialitzats (súper i hiper),866,640647,1.352,1.52,False,,INE DIRCE T=294 (locals); INE Padró T=29005 sumat per CCAA
ccaa,15,Navarra (Comunidad Foral de),2017,471,Establiments no especialitzats (súper i hiper),861,643234,1.339,-0.58,False,,INE DIRCE T=294 (locals); INE Padró T=29005 sumat per CCAA
ccaa,15,Navarra (Comunidad Foral de),2018,471,Establiments no especialitzats (súper i hiper),848,647554,1.31,-1.51,False,,INE DIRCE T=294 (locals); INE Padró T=29005 sumat per CCAA
ccaa,15,Navarra (Comunidad Foral de),2019,471,Establiments no especialitzats (súper i hiper),800,654214,1.223,-5.66,False,,INE DIRCE T=294 (locals); INE Padró T=29005 sumat per CCAA
ccaa,15,Navarra (Comunidad Foral de),2020,471,Establiments no especialitzats (súper i hiper),806,661197,1.219,0.75,False,,INE DIRCE T=294 (locals); INE Padró T=29005 sumat per CCAA
ccaa,15,Navarra (Comunidad Foral de),2021,471,Establiments no especialitzats (súper i hiper),784,661537,1.185,-2.73,False,,INE DIRCE T=294 (locals); INE Padró T=29005 sumat per CCAA
ccaa,15,Navarra (Comunidad Foral de),2022,471,Establiments no especialitzats (súper i hiper),828,664117,1.247,5.61,False,,INE DIRCE T=294 (locals); INE Padró T=29005 sumat per CCAA
ccaa,15,Navarra (Comunidad Foral de),2023,471,Establiments no especialitzats (súper i hiper),778,671746,1.158,-6.04,True,La variació 2022→2023 travessa el trencament de sèrie DIRCE de 2023: no comparable.,INE DIRCE T=294 (locals); INE Padró T=29005 sumat per CCAA
ccaa,15,Navarra (Comunidad Foral de),2024,471,Establiments no especialitzats (súper i hiper),803,678338,1.184,3.21,False,,INE DIRCE T=294 (locals); INE Padró T=29005 sumat per CCAA
ccaa,15,Navarra (Comunidad Foral de),2025,471,Establiments no especialitzats (súper i hiper),779,683500,1.14,-2.99,False,,INE DIRCE T=294 (locals); INE Padró T=29005 sumat per CCAA
ccaa,15,Navarra (Comunidad Foral de),2010,472,"Aliments, begudes i tabac (especialitzat)",1602,636924,2.515,,False,,INE DIRCE T=294 (locals); INE Padró T=29005 sumat per CCAA
ccaa,15,Navarra (Comunidad Foral de),2011,472,"Aliments, begudes i tabac (especialitzat)",1739,642051,2.709,8.55,False,,INE DIRCE T=294 (locals); INE Padró T=29005 sumat per CCAA
ccaa,15,Navarra (Comunidad Foral de),2012,472,"Aliments, begudes i tabac (especialitzat)",1697,644566,2.633,-2.42,False,,INE DIRCE T=294 (locals); INE Padró T=29005 sumat per CCAA
ccaa,15,Navarra (Comunidad Foral de),2013,472,"Aliments, begudes i tabac (especialitzat)",1755,644477,2.723,3.42,False,,INE DIRCE T=294 (locals); INE Padró T=29005 sumat per CCAA
ccaa,15,Navarra (Comunidad Foral de),2014,472,"Aliments, begudes i tabac (especialitzat)",1804,640790,2.815,2.79,False,,INE DIRCE T=294 (locals); INE Padró T=29005 sumat per CCAA
ccaa,15,Navarra (Comunidad Foral de),2015,472,"Aliments, begudes i tabac (especialitzat)",1820,640476,2.842,0.89,False,,INE DIRCE T=294 (locals); INE Padró T=29005 sumat per CCAA
ccaa,15,Navarra (Comunidad Foral de),2016,472,"Aliments, begudes i tabac (especialitzat)",1806,640647,2.819,-0.77,False,,INE DIRCE T=294 (locals); INE Padró T=29005 sumat per CCAA
ccaa,15,Navarra (Comunidad Foral de),2017,472,"Aliments, begudes i tabac (especialitzat)",1747,643234,2.716,-3.27,False,,INE DIRCE T=294 (locals); INE Padró T=29005 sumat per CCAA
ccaa,15,Navarra (Comunidad Foral de),2018,472,"Aliments, begudes i tabac (especialitzat)",1736,647554,2.681,-0.63,False,,INE DIRCE T=294 (locals); INE Padró T=29005 sumat per CCAA
ccaa,15,Navarra (Comunidad Foral de),2019,472,"Aliments, begudes i tabac (especialitzat)",1672,654214,2.556,-3.69,False,,INE DIRCE T=294 (locals); INE Padró T=29005 sumat per CCAA
ccaa,15,Navarra (Comunidad Foral de),2020,472,"Aliments, begudes i tabac (especialitzat)",1650,661197,2.495,-1.32,False,,INE DIRCE T=294 (locals); INE Padró T=29005 sumat per CCAA
ccaa,15,Navarra (Comunidad Foral de),2021,472,"Aliments, begudes i tabac (especialitzat)",1663,661537,2.514,0.79,False,,INE DIRCE T=294 (locals); INE Padró T=29005 sumat per CCAA
ccaa,15,Navarra (Comunidad Foral de),2022,472,"Aliments, begudes i tabac (especialitzat)",1694,664117,2.551,1.86,False,,INE DIRCE T=294 (locals); INE Padró T=29005 sumat per CCAA
ccaa,15,Navarra (Comunidad Foral de),2023,472,"Aliments, begudes i tabac (especialitzat)",1556,671746,2.316,-8.15,True,La variació 2022→2023 travessa el trencament de sèrie DIRCE de 2023: no comparable.,INE DIRCE T=294 (locals); INE Padró T=29005 sumat per CCAA
ccaa,15,Navarra (Comunidad Foral de),2024,472,"Aliments, begudes i tabac (especialitzat)",1498,678338,2.208,-3.73,False,,INE DIRCE T=294 (locals); INE Padró T=29005 sumat per CCAA
ccaa,15,Navarra (Comunidad Foral de),2025,472,"Aliments, begudes i tabac (especialitzat)",1508,683500,2.206,0.67,False,,INE DIRCE T=294 (locals); INE Padró T=29005 sumat per CCAA
ccaa,15,Navarra (Comunidad Foral de),2010,473,Combustible (gasolineres),209,636924,0.328,,False,,INE DIRCE T=294 (locals); INE Padró T=29005 sumat per CCAA
ccaa,15,Navarra (Comunidad Foral de),2011,473,Combustible (gasolineres),196,642051,0.305,-6.22,False,,INE DIRCE T=294 (locals); INE Padró T=29005 sumat per CCAA
ccaa,15,Navarra (Comunidad Foral de),2012,473,Combustible (gasolineres),217,644566,0.337,10.71,False,,INE DIRCE T=294 (locals); INE Padró T=29005 sumat per CCAA
ccaa,15,Navarra (Comunidad Foral de),2013,473,Combustible (gasolineres),218,644477,0.338,0.46,False,,INE DIRCE T=294 (locals); INE Padró T=29005 sumat per CCAA
ccaa,15,Navarra (Comunidad Foral de),2014,473,Combustible (gasolineres),222,640790,0.346,1.83,False,,INE DIRCE T=294 (locals); INE Padró T=29005 sumat per CCAA
ccaa,15,Navarra (Comunidad Foral de),2015,473,Combustible (gasolineres),226,640476,0.353,1.8,False,,INE DIRCE T=294 (locals); INE Padró T=29005 sumat per CCAA
ccaa,15,Navarra (Comunidad Foral de),2016,473,Combustible (gasolineres),228,640647,0.356,0.88,False,,INE DIRCE T=294 (locals); INE Padró T=29005 sumat per CCAA
ccaa,15,Navarra (Comunidad Foral de),2017,473,Combustible (gasolineres),228,643234,0.354,0.0,False,,INE DIRCE T=294 (locals); INE Padró T=29005 sumat per CCAA
ccaa,15,Navarra (Comunidad Foral de),2018,473,Combustible (gasolineres),229,647554,0.354,0.44,False,,INE DIRCE T=294 (locals); INE Padró T=29005 sumat per CCAA
ccaa,15,Navarra (Comunidad Foral de),2019,473,Combustible (gasolineres),240,654214,0.367,4.8,False,,INE DIRCE T=294 (locals); INE Padró T=29005 sumat per CCAA
ccaa,15,Navarra (Comunidad Foral de),2020,473,Combustible (gasolineres),250,661197,0.378,4.17,False,,INE DIRCE T=294 (locals); INE Padró T=29005 sumat per CCAA
ccaa,15,Navarra (Comunidad Foral de),2021,473,Combustible (gasolineres),247,661537,0.373,-1.2,False,,INE DIRCE T=294 (locals); INE Padró T=29005 sumat per CCAA
ccaa,15,Navarra (Comunidad Foral de),2022,473,Combustible (gasolineres),240,664117,0.361,-2.83,False,,INE DIRCE T=294 (locals); INE Padró T=29005 sumat per CCAA
ccaa,15,Navarra (Comunidad Foral de),2023,473,Combustible (gasolineres),237,671746,0.353,-1.25,True,La variació 2022→2023 travessa el trencament de sèrie DIRCE de 2023: no comparable.,INE DIRCE T=294 (locals); INE Padró T=29005 sumat per CCAA
ccaa,15,Navarra (Comunidad Foral de),2024,473,Combustible (gasolineres),256,678338,0.377,8.02,False,,INE DIRCE T=294 (locals); INE Padró T=29005 sumat per CCAA
ccaa,15,Navarra (Comunidad Foral de),2025,473,Combustible (gasolineres),267,683500,0.391,4.3,False,,INE DIRCE T=294 (locals); INE Padró T=29005 sumat per CCAA
ccaa,15,Navarra (Comunidad Foral de),2010,474,Equips TIC,163,636924,0.256,,False,,INE DIRCE T=294 (locals); INE Padró T=29005 sumat per CCAA
ccaa,15,Navarra (Comunidad Foral de),2011,474,Equips TIC,127,642051,0.198,-22.09,False,,INE DIRCE T=294 (locals); INE Padró T=29005 sumat per CCAA
ccaa,15,Navarra (Comunidad Foral de),2012,474,Equips TIC,124,644566,0.192,-2.36,False,,INE DIRCE T=294 (locals); INE Padró T=29005 sumat per CCAA
ccaa,15,Navarra (Comunidad Foral de),2013,474,Equips TIC,120,644477,0.186,-3.23,False,,INE DIRCE T=294 (locals); INE Padró T=29005 sumat per CCAA
ccaa,15,Navarra (Comunidad Foral de),2014,474,Equips TIC,104,640790,0.162,-13.33,False,,INE DIRCE T=294 (locals); INE Padró T=29005 sumat per CCAA
ccaa,15,Navarra (Comunidad Foral de),2015,474,Equips TIC,121,640476,0.189,16.35,False,,INE DIRCE T=294 (locals); INE Padró T=29005 sumat per CCAA
ccaa,15,Navarra (Comunidad Foral de),2016,474,Equips TIC,119,640647,0.186,-1.65,False,,INE DIRCE T=294 (locals); INE Padró T=29005 sumat per CCAA
ccaa,15,Navarra (Comunidad Foral de),2017,474,Equips TIC,110,643234,0.171,-7.56,False,,INE DIRCE T=294 (locals); INE Padró T=29005 sumat per CCAA
ccaa,15,Navarra (Comunidad Foral de),2018,474,Equips TIC,127,647554,0.196,15.45,False,,INE DIRCE T=294 (locals); INE Padró T=29005 sumat per CCAA
ccaa,15,Navarra (Comunidad Foral de),2019,474,Equips TIC,120,654214,0.183,-5.51,False,,INE DIRCE T=294 (locals); INE Padró T=29005 sumat per CCAA
ccaa,15,Navarra (Comunidad Foral de),2020,474,Equips TIC,110,661197,0.166,-8.33,False,,INE DIRCE T=294 (locals); INE Padró T=29005 sumat per CCAA
ccaa,15,Navarra (Comunidad Foral de),2021,474,Equips TIC,103,661537,0.156,-6.36,False,,INE DIRCE T=294 (locals); INE Padró T=29005 sumat per CCAA
ccaa,15,Navarra (Comunidad Foral de),2022,474,Equips TIC,115,664117,0.173,11.65,False,,INE DIRCE T=294 (locals); INE Padró T=29005 sumat per CCAA
ccaa,15,Navarra (Comunidad Foral de),2023,474,Equips TIC,102,671746,0.152,-11.3,True,La variació 2022→2023 travessa el trencament de sèrie DIRCE de 2023: no comparable.,INE DIRCE T=294 (locals); INE Padró T=29005 sumat per CCAA
ccaa,15,Navarra (Comunidad Foral de),2024,474,Equips TIC,95,678338,0.14,-6.86,False,,INE DIRCE T=294 (locals); INE Padró T=29005 sumat per CCAA
ccaa,15,Navarra (Comunidad Foral de),2025,474,Equips TIC,95,683500,0.139,0.0,False,,INE DIRCE T=294 (locals); INE Padró T=29005 sumat per CCAA
ccaa,15,Navarra (Comunidad Foral de),2010,475,Equipament de la llar,1354,636924,2.126,,False,,INE DIRCE T=294 (locals); INE Padró T=29005 sumat per CCAA
ccaa,15,Navarra (Comunidad Foral de),2011,475,Equipament de la llar,1371,642051,2.135,1.26,False,,INE DIRCE T=294 (locals); INE Padró T=29005 sumat per CCAA
ccaa,15,Navarra (Comunidad Foral de),2012,475,Equipament de la llar,1324,644566,2.054,-3.43,False,,INE DIRCE T=294 (locals); INE Padró T=29005 sumat per CCAA
ccaa,15,Navarra (Comunidad Foral de),2013,475,Equipament de la llar,1342,644477,2.082,1.36,False,,INE DIRCE T=294 (locals); INE Padró T=29005 sumat per CCAA
ccaa,15,Navarra (Comunidad Foral de),2014,475,Equipament de la llar,1335,640790,2.083,-0.52,False,,INE DIRCE T=294 (locals); INE Padró T=29005 sumat per CCAA
ccaa,15,Navarra (Comunidad Foral de),2015,475,Equipament de la llar,1276,640476,1.992,-4.42,False,,INE DIRCE T=294 (locals); INE Padró T=29005 sumat per CCAA
ccaa,15,Navarra (Comunidad Foral de),2016,475,Equipament de la llar,1223,640647,1.909,-4.15,False,,INE DIRCE T=294 (locals); INE Padró T=29005 sumat per CCAA
ccaa,15,Navarra (Comunidad Foral de),2017,475,Equipament de la llar,1190,643234,1.85,-2.7,False,,INE DIRCE T=294 (locals); INE Padró T=29005 sumat per CCAA
ccaa,15,Navarra (Comunidad Foral de),2018,475,Equipament de la llar,1174,647554,1.813,-1.34,False,,INE DIRCE T=294 (locals); INE Padró T=29005 sumat per CCAA
ccaa,15,Navarra (Comunidad Foral de),2019,475,Equipament de la llar,1090,654214,1.666,-7.16,False,,INE DIRCE T=294 (locals); INE Padró T=29005 sumat per CCAA
ccaa,15,Navarra (Comunidad Foral de),2020,475,Equipament de la llar,1084,661197,1.639,-0.55,False,,INE DIRCE T=294 (locals); INE Padró T=29005 sumat per CCAA
ccaa,15,Navarra (Comunidad Foral de),2021,475,Equipament de la llar,1049,661537,1.586,-3.23,False,,INE DIRCE T=294 (locals); INE Padró T=29005 sumat per CCAA
ccaa,15,Navarra (Comunidad Foral de),2022,475,Equipament de la llar,1035,664117,1.558,-1.33,False,,INE DIRCE T=294 (locals); INE Padró T=29005 sumat per CCAA
ccaa,15,Navarra (Comunidad Foral de),2023,475,Equipament de la llar,968,671746,1.441,-6.47,True,La variació 2022→2023 travessa el trencament de sèrie DIRCE de 2023: no comparable.,INE DIRCE T=294 (locals); INE Padró T=29005 sumat per CCAA
ccaa,15,Navarra (Comunidad Foral de),2024,475,Equipament de la llar,968,678338,1.427,0.0,False,,INE DIRCE T=294 (locals); INE Padró T=29005 sumat per CCAA
ccaa,15,Navarra (Comunidad Foral de),2025,475,Equipament de la llar,975,683500,1.426,0.72,False,,INE DIRCE T=294 (locals); INE Padró T=29005 sumat per CCAA
ccaa,15,Navarra (Comunidad Foral de),2010,476,Articles culturals i recreatius,444,636924,0.697,,False,,INE DIRCE T=294 (locals); INE Padró T=29005 sumat per CCAA
ccaa,15,Navarra (Comunidad Foral de),2011,476,Articles culturals i recreatius,486,642051,0.757,9.46,False,,INE DIRCE T=294 (locals); INE Padró T=29005 sumat per CCAA
ccaa,15,Navarra (Comunidad Foral de),2012,476,Articles culturals i recreatius,490,644566,0.76,0.82,False,,INE DIRCE T=294 (locals); INE Padró T=29005 sumat per CCAA
ccaa,15,Navarra (Comunidad Foral de),2013,476,Articles culturals i recreatius,468,644477,0.726,-4.49,False,,INE DIRCE T=294 (locals); INE Padró T=29005 sumat per CCAA
ccaa,15,Navarra (Comunidad Foral de),2014,476,Articles culturals i recreatius,461,640790,0.719,-1.5,False,,INE DIRCE T=294 (locals); INE Padró T=29005 sumat per CCAA
ccaa,15,Navarra (Comunidad Foral de),2015,476,Articles culturals i recreatius,464,640476,0.724,0.65,False,,INE DIRCE T=294 (locals); INE Padró T=29005 sumat per CCAA
ccaa,15,Navarra (Comunidad Foral de),2016,476,Articles culturals i recreatius,459,640647,0.716,-1.08,False,,INE DIRCE T=294 (locals); INE Padró T=29005 sumat per CCAA
ccaa,15,Navarra (Comunidad Foral de),2017,476,Articles culturals i recreatius,442,643234,0.687,-3.7,False,,INE DIRCE T=294 (locals); INE Padró T=29005 sumat per CCAA
ccaa,15,Navarra (Comunidad Foral de),2018,476,Articles culturals i recreatius,451,647554,0.696,2.04,False,,INE DIRCE T=294 (locals); INE Padró T=29005 sumat per CCAA
ccaa,15,Navarra (Comunidad Foral de),2019,476,Articles culturals i recreatius,418,654214,0.639,-7.32,False,,INE DIRCE T=294 (locals); INE Padró T=29005 sumat per CCAA
ccaa,15,Navarra (Comunidad Foral de),2020,476,Articles culturals i recreatius,390,661197,0.59,-6.7,False,,INE DIRCE T=294 (locals); INE Padró T=29005 sumat per CCAA
ccaa,15,Navarra (Comunidad Foral de),2021,476,Articles culturals i recreatius,388,661537,0.587,-0.51,False,,INE DIRCE T=294 (locals); INE Padró T=29005 sumat per CCAA
ccaa,15,Navarra (Comunidad Foral de),2022,476,Articles culturals i recreatius,379,664117,0.571,-2.32,False,,INE DIRCE T=294 (locals); INE Padró T=29005 sumat per CCAA
ccaa,15,Navarra (Comunidad Foral de),2023,476,Articles culturals i recreatius,330,671746,0.491,-12.93,True,La variació 2022→2023 travessa el trencament de sèrie DIRCE de 2023: no comparable.,INE DIRCE T=294 (locals); INE Padró T=29005 sumat per CCAA
ccaa,15,Navarra (Comunidad Foral de),2024,476,Articles culturals i recreatius,328,678338,0.484,-0.61,False,,INE DIRCE T=294 (locals); INE Padró T=29005 sumat per CCAA
ccaa,15,Navarra (Comunidad Foral de),2025,476,Articles culturals i recreatius,327,683500,0.478,-0.3,False,,INE DIRCE T=294 (locals); INE Padró T=29005 sumat per CCAA
ccaa,15,Navarra (Comunidad Foral de),2010,477,"Altres articles (moda, calçat, etc.)",2458,636924,3.859,,False,,INE DIRCE T=294 (locals); INE Padró T=29005 sumat per CCAA
ccaa,15,Navarra (Comunidad Foral de),2011,477,"Altres articles (moda, calçat, etc.)",2390,642051,3.722,-2.77,False,,INE DIRCE T=294 (locals); INE Padró T=29005 sumat per CCAA
ccaa,15,Navarra (Comunidad Foral de),2012,477,"Altres articles (moda, calçat, etc.)",2421,644566,3.756,1.3,False,,INE DIRCE T=294 (locals); INE Padró T=29005 sumat per CCAA
ccaa,15,Navarra (Comunidad Foral de),2013,477,"Altres articles (moda, calçat, etc.)",2404,644477,3.73,-0.7,False,,INE DIRCE T=294 (locals); INE Padró T=29005 sumat per CCAA
ccaa,15,Navarra (Comunidad Foral de),2014,477,"Altres articles (moda, calçat, etc.)",2381,640790,3.716,-0.96,False,,INE DIRCE T=294 (locals); INE Padró T=29005 sumat per CCAA
ccaa,15,Navarra (Comunidad Foral de),2015,477,"Altres articles (moda, calçat, etc.)",2421,640476,3.78,1.68,False,,INE DIRCE T=294 (locals); INE Padró T=29005 sumat per CCAA
ccaa,15,Navarra (Comunidad Foral de),2016,477,"Altres articles (moda, calçat, etc.)",2465,640647,3.848,1.82,False,,INE DIRCE T=294 (locals); INE Padró T=29005 sumat per CCAA
ccaa,15,Navarra (Comunidad Foral de),2017,477,"Altres articles (moda, calçat, etc.)",2462,643234,3.828,-0.12,False,,INE DIRCE T=294 (locals); INE Padró T=29005 sumat per CCAA
ccaa,15,Navarra (Comunidad Foral de),2018,477,"Altres articles (moda, calçat, etc.)",2409,647554,3.72,-2.15,False,,INE DIRCE T=294 (locals); INE Padró T=29005 sumat per CCAA
ccaa,15,Navarra (Comunidad Foral de),2019,477,"Altres articles (moda, calçat, etc.)",2452,654214,3.748,1.78,False,,INE DIRCE T=294 (locals); INE Padró T=29005 sumat per CCAA
ccaa,15,Navarra (Comunidad Foral de),2020,477,"Altres articles (moda, calçat, etc.)",2382,661197,3.603,-2.85,False,,INE DIRCE T=294 (locals); INE Padró T=29005 sumat per CCAA
ccaa,15,Navarra (Comunidad Foral de),2021,477,"Altres articles (moda, calçat, etc.)",2314,661537,3.498,-2.85,False,,INE DIRCE T=294 (locals); INE Padró T=29005 sumat per CCAA
ccaa,15,Navarra (Comunidad Foral de),2022,477,"Altres articles (moda, calçat, etc.)",2305,664117,3.471,-0.39,False,,INE DIRCE T=294 (locals); INE Padró T=29005 sumat per CCAA
ccaa,15,Navarra (Comunidad Foral de),2023,477,"Altres articles (moda, calçat, etc.)",2088,671746,3.108,-9.41,True,La variació 2022→2023 travessa el trencament de sèrie DIRCE de 2023: no comparable.,INE DIRCE T=294 (locals); INE Padró T=29005 sumat per CCAA
ccaa,15,Navarra (Comunidad Foral de),2024,477,"Altres articles (moda, calçat, etc.)",2039,678338,3.006,-2.35,False,,INE DIRCE T=294 (locals); INE Padró T=29005 sumat per CCAA
ccaa,15,Navarra (Comunidad Foral de),2025,477,"Altres articles (moda, calçat, etc.)",2066,683500,3.023,1.32,False,,INE DIRCE T=294 (locals); INE Padró T=29005 sumat per CCAA
ccaa,15,Navarra (Comunidad Foral de),2010,478,Punts de venda i mercadillos,426,636924,0.669,,False,,INE DIRCE T=294 (locals); INE Padró T=29005 sumat per CCAA
ccaa,15,Navarra (Comunidad Foral de),2011,478,Punts de venda i mercadillos,414,642051,0.645,-2.82,False,,INE DIRCE T=294 (locals); INE Padró T=29005 sumat per CCAA
ccaa,15,Navarra (Comunidad Foral de),2012,478,Punts de venda i mercadillos,446,644566,0.692,7.73,False,,INE DIRCE T=294 (locals); INE Padró T=29005 sumat per CCAA
ccaa,15,Navarra (Comunidad Foral de),2013,478,Punts de venda i mercadillos,413,644477,0.641,-7.4,False,,INE DIRCE T=294 (locals); INE Padró T=29005 sumat per CCAA
ccaa,15,Navarra (Comunidad Foral de),2014,478,Punts de venda i mercadillos,429,640790,0.669,3.87,False,,INE DIRCE T=294 (locals); INE Padró T=29005 sumat per CCAA
ccaa,15,Navarra (Comunidad Foral de),2015,478,Punts de venda i mercadillos,486,640476,0.759,13.29,False,,INE DIRCE T=294 (locals); INE Padró T=29005 sumat per CCAA
ccaa,15,Navarra (Comunidad Foral de),2016,478,Punts de venda i mercadillos,501,640647,0.782,3.09,False,,INE DIRCE T=294 (locals); INE Padró T=29005 sumat per CCAA
ccaa,15,Navarra (Comunidad Foral de),2017,478,Punts de venda i mercadillos,537,643234,0.835,7.19,False,,INE DIRCE T=294 (locals); INE Padró T=29005 sumat per CCAA
ccaa,15,Navarra (Comunidad Foral de),2018,478,Punts de venda i mercadillos,502,647554,0.775,-6.52,False,,INE DIRCE T=294 (locals); INE Padró T=29005 sumat per CCAA
ccaa,15,Navarra (Comunidad Foral de),2019,478,Punts de venda i mercadillos,499,654214,0.763,-0.6,False,,INE DIRCE T=294 (locals); INE Padró T=29005 sumat per CCAA
ccaa,15,Navarra (Comunidad Foral de),2020,478,Punts de venda i mercadillos,492,661197,0.744,-1.4,False,,INE DIRCE T=294 (locals); INE Padró T=29005 sumat per CCAA
ccaa,15,Navarra (Comunidad Foral de),2021,478,Punts de venda i mercadillos,476,661537,0.72,-3.25,False,,INE DIRCE T=294 (locals); INE Padró T=29005 sumat per CCAA
ccaa,15,Navarra (Comunidad Foral de),2022,478,Punts de venda i mercadillos,475,664117,0.715,-0.21,False,,INE DIRCE T=294 (locals); INE Padró T=29005 sumat per CCAA
ccaa,15,Navarra (Comunidad Foral de),2023,478,Punts de venda i mercadillos,353,671746,0.525,-25.68,True,La variació 2022→2023 travessa el trencament de sèrie DIRCE de 2023: no comparable.,INE DIRCE T=294 (locals); INE Padró T=29005 sumat per CCAA
ccaa,15,Navarra (Comunidad Foral de),2024,478,Punts de venda i mercadillos,334,678338,0.492,-5.38,False,,INE DIRCE T=294 (locals); INE Padró T=29005 sumat per CCAA
ccaa,15,Navarra (Comunidad Foral de),2025,478,Punts de venda i mercadillos,338,683500,0.495,1.2,False,,INE DIRCE T=294 (locals); INE Padró T=29005 sumat per CCAA
ccaa,15,Navarra (Comunidad Foral de),2010,479,Comerç no en establiment (internet),179,636924,0.281,,False,,INE DIRCE T=294 (locals); INE Padró T=29005 sumat per CCAA
ccaa,15,Navarra (Comunidad Foral de),2011,479,Comerç no en establiment (internet),289,642051,0.45,61.45,False,,INE DIRCE T=294 (locals); INE Padró T=29005 sumat per CCAA
ccaa,15,Navarra (Comunidad Foral de),2012,479,Comerç no en establiment (internet),200,644566,0.31,-30.8,False,,INE DIRCE T=294 (locals); INE Padró T=29005 sumat per CCAA
ccaa,15,Navarra (Comunidad Foral de),2013,479,Comerç no en establiment (internet),220,644477,0.341,10.0,False,,INE DIRCE T=294 (locals); INE Padró T=29005 sumat per CCAA
ccaa,15,Navarra (Comunidad Foral de),2014,479,Comerç no en establiment (internet),227,640790,0.354,3.18,False,,INE DIRCE T=294 (locals); INE Padró T=29005 sumat per CCAA
ccaa,15,Navarra (Comunidad Foral de),2015,479,Comerç no en establiment (internet),245,640476,0.383,7.93,False,,INE DIRCE T=294 (locals); INE Padró T=29005 sumat per CCAA
ccaa,15,Navarra (Comunidad Foral de),2016,479,Comerç no en establiment (internet),250,640647,0.39,2.04,False,,INE DIRCE T=294 (locals); INE Padró T=29005 sumat per CCAA
ccaa,15,Navarra (Comunidad Foral de),2017,479,Comerç no en establiment (internet),244,643234,0.379,-2.4,False,,INE DIRCE T=294 (locals); INE Padró T=29005 sumat per CCAA
ccaa,15,Navarra (Comunidad Foral de),2018,479,Comerç no en establiment (internet),234,647554,0.361,-4.1,False,,INE DIRCE T=294 (locals); INE Padró T=29005 sumat per CCAA
ccaa,15,Navarra (Comunidad Foral de),2019,479,Comerç no en establiment (internet),246,654214,0.376,5.13,False,,INE DIRCE T=294 (locals); INE Padró T=29005 sumat per CCAA
ccaa,15,Navarra (Comunidad Foral de),2020,479,Comerç no en establiment (internet),250,661197,0.378,1.63,False,,INE DIRCE T=294 (locals); INE Padró T=29005 sumat per CCAA
ccaa,15,Navarra (Comunidad Foral de),2021,479,Comerç no en establiment (internet),245,661537,0.37,-2.0,False,,INE DIRCE T=294 (locals); INE Padró T=29005 sumat per CCAA
ccaa,15,Navarra (Comunidad Foral de),2022,479,Comerç no en establiment (internet),257,664117,0.387,4.9,False,,INE DIRCE T=294 (locals); INE Padró T=29005 sumat per CCAA
ccaa,15,Navarra (Comunidad Foral de),2023,479,Comerç no en establiment (internet),206,671746,0.307,-19.84,True,La variació 2022→2023 travessa el trencament de sèrie DIRCE de 2023: no comparable.,INE DIRCE T=294 (locals); INE Padró T=29005 sumat per CCAA
ccaa,15,Navarra (Comunidad Foral de),2024,479,Comerç no en establiment (internet),208,678338,0.307,0.97,False,,INE DIRCE T=294 (locals); INE Padró T=29005 sumat per CCAA
ccaa,15,Navarra (Comunidad Foral de),2025,479,Comerç no en establiment (internet),216,683500,0.316,3.85,False,,INE DIRCE T=294 (locals); INE Padró T=29005 sumat per CCAA
ccaa,16,País Vasco,2010,47,Comerç al detall (total CNAE 47),29263,2178339,13.434,,False,,INE DIRCE T=294 (locals); INE Padró T=29005 sumat per CCAA
ccaa,16,País Vasco,2011,47,Comerç al detall (total CNAE 47),28390,2184606,12.995,-2.98,False,,INE DIRCE T=294 (locals); INE Padró T=29005 sumat per CCAA
ccaa,16,País Vasco,2012,47,Comerç al detall (total CNAE 47),27246,2193093,12.424,-4.03,False,,INE DIRCE T=294 (locals); INE Padró T=29005 sumat per CCAA
ccaa,16,País Vasco,2013,47,Comerç al detall (total CNAE 47),26497,2191682,12.09,-2.75,False,,INE DIRCE T=294 (locals); INE Padró T=29005 sumat per CCAA
ccaa,16,País Vasco,2014,47,Comerç al detall (total CNAE 47),25952,2188985,11.856,-2.06,False,,INE DIRCE T=294 (locals); INE Padró T=29005 sumat per CCAA
ccaa,16,País Vasco,2015,47,Comerç al detall (total CNAE 47),25752,2189257,11.763,-0.77,False,,INE DIRCE T=294 (locals); INE Padró T=29005 sumat per CCAA
ccaa,16,País Vasco,2016,47,Comerç al detall (total CNAE 47),26074,2189534,11.908,1.25,False,,INE DIRCE T=294 (locals); INE Padró T=29005 sumat per CCAA
ccaa,16,País Vasco,2017,47,Comerç al detall (total CNAE 47),24168,2194158,11.015,-7.31,False,,INE DIRCE T=294 (locals); INE Padró T=29005 sumat per CCAA
ccaa,16,País Vasco,2018,47,Comerç al detall (total CNAE 47),24566,2199088,11.171,1.65,False,,INE DIRCE T=294 (locals); INE Padró T=29005 sumat per CCAA
ccaa,16,País Vasco,2019,47,Comerç al detall (total CNAE 47),23955,2207776,10.85,-2.49,False,,INE DIRCE T=294 (locals); INE Padró T=29005 sumat per CCAA
ccaa,16,País Vasco,2020,47,Comerç al detall (total CNAE 47),23441,2220504,10.557,-2.15,False,,INE DIRCE T=294 (locals); INE Padró T=29005 sumat per CCAA
ccaa,16,País Vasco,2021,47,Comerç al detall (total CNAE 47),22494,2213993,10.16,-4.04,False,,INE DIRCE T=294 (locals); INE Padró T=29005 sumat per CCAA
ccaa,16,País Vasco,2022,47,Comerç al detall (total CNAE 47),22304,2208174,10.101,-0.84,False,,INE DIRCE T=294 (locals); INE Padró T=29005 sumat per CCAA
ccaa,16,País Vasco,2023,47,Comerç al detall (total CNAE 47),21462,2219019,9.672,-3.78,True,La variació 2022→2023 travessa el trencament de sèrie DIRCE de 2023: no comparable.,INE DIRCE T=294 (locals); INE Padró T=29005 sumat per CCAA
ccaa,16,País Vasco,2024,47,Comerç al detall (total CNAE 47),21018,2230452,9.423,-2.07,False,,INE DIRCE T=294 (locals); INE Padró T=29005 sumat per CCAA
ccaa,16,País Vasco,2025,47,Comerç al detall (total CNAE 47),20527,2242342,9.154,-2.34,False,,INE DIRCE T=294 (locals); INE Padró T=29005 sumat per CCAA
ccaa,16,País Vasco,2010,471,Establiments no especialitzats (súper i hiper),2601,2178339,1.194,,False,,INE DIRCE T=294 (locals); INE Padró T=29005 sumat per CCAA
ccaa,16,País Vasco,2011,471,Establiments no especialitzats (súper i hiper),1760,2184606,0.806,-32.33,False,,INE DIRCE T=294 (locals); INE Padró T=29005 sumat per CCAA
ccaa,16,País Vasco,2012,471,Establiments no especialitzats (súper i hiper),1804,2193093,0.823,2.5,False,,INE DIRCE T=294 (locals); INE Padró T=29005 sumat per CCAA
ccaa,16,País Vasco,2013,471,Establiments no especialitzats (súper i hiper),1834,2191682,0.837,1.66,False,,INE DIRCE T=294 (locals); INE Padró T=29005 sumat per CCAA
ccaa,16,País Vasco,2014,471,Establiments no especialitzats (súper i hiper),1847,2188985,0.844,0.71,False,,INE DIRCE T=294 (locals); INE Padró T=29005 sumat per CCAA
ccaa,16,País Vasco,2015,471,Establiments no especialitzats (súper i hiper),1866,2189257,0.852,1.03,False,,INE DIRCE T=294 (locals); INE Padró T=29005 sumat per CCAA
ccaa,16,País Vasco,2016,471,Establiments no especialitzats (súper i hiper),1896,2189534,0.866,1.61,False,,INE DIRCE T=294 (locals); INE Padró T=29005 sumat per CCAA
ccaa,16,País Vasco,2017,471,Establiments no especialitzats (súper i hiper),1781,2194158,0.812,-6.07,False,,INE DIRCE T=294 (locals); INE Padró T=29005 sumat per CCAA
ccaa,16,País Vasco,2018,471,Establiments no especialitzats (súper i hiper),1779,2199088,0.809,-0.11,False,,INE DIRCE T=294 (locals); INE Padró T=29005 sumat per CCAA
ccaa,16,País Vasco,2019,471,Establiments no especialitzats (súper i hiper),1914,2207776,0.867,7.59,False,,INE DIRCE T=294 (locals); INE Padró T=29005 sumat per CCAA
ccaa,16,País Vasco,2020,471,Establiments no especialitzats (súper i hiper),1935,2220504,0.871,1.1,False,,INE DIRCE T=294 (locals); INE Padró T=29005 sumat per CCAA
ccaa,16,País Vasco,2021,471,Establiments no especialitzats (súper i hiper),1835,2213993,0.829,-5.17,False,,INE DIRCE T=294 (locals); INE Padró T=29005 sumat per CCAA
ccaa,16,País Vasco,2022,471,Establiments no especialitzats (súper i hiper),1814,2208174,0.821,-1.14,False,,INE DIRCE T=294 (locals); INE Padró T=29005 sumat per CCAA
ccaa,16,País Vasco,2023,471,Establiments no especialitzats (súper i hiper),1819,2219019,0.82,0.28,True,La variació 2022→2023 travessa el trencament de sèrie DIRCE de 2023: no comparable.,INE DIRCE T=294 (locals); INE Padró T=29005 sumat per CCAA
ccaa,16,País Vasco,2024,471,Establiments no especialitzats (súper i hiper),1781,2230452,0.798,-2.09,False,,INE DIRCE T=294 (locals); INE Padró T=29005 sumat per CCAA
ccaa,16,País Vasco,2025,471,Establiments no especialitzats (súper i hiper),1749,2242342,0.78,-1.8,False,,INE DIRCE T=294 (locals); INE Padró T=29005 sumat per CCAA
ccaa,16,País Vasco,2010,472,"Aliments, begudes i tabac (especialitzat)",7261,2178339,3.333,,False,,INE DIRCE T=294 (locals); INE Padró T=29005 sumat per CCAA
ccaa,16,País Vasco,2011,472,"Aliments, begudes i tabac (especialitzat)",7243,2184606,3.315,-0.25,False,,INE DIRCE T=294 (locals); INE Padró T=29005 sumat per CCAA
ccaa,16,País Vasco,2012,472,"Aliments, begudes i tabac (especialitzat)",6939,2193093,3.164,-4.2,False,,INE DIRCE T=294 (locals); INE Padró T=29005 sumat per CCAA
ccaa,16,País Vasco,2013,472,"Aliments, begudes i tabac (especialitzat)",6824,2191682,3.114,-1.66,False,,INE DIRCE T=294 (locals); INE Padró T=29005 sumat per CCAA
ccaa,16,País Vasco,2014,472,"Aliments, begudes i tabac (especialitzat)",6730,2188985,3.074,-1.38,False,,INE DIRCE T=294 (locals); INE Padró T=29005 sumat per CCAA
ccaa,16,País Vasco,2015,472,"Aliments, begudes i tabac (especialitzat)",6804,2189257,3.108,1.1,False,,INE DIRCE T=294 (locals); INE Padró T=29005 sumat per CCAA
ccaa,16,País Vasco,2016,472,"Aliments, begudes i tabac (especialitzat)",6945,2189534,3.172,2.07,False,,INE DIRCE T=294 (locals); INE Padró T=29005 sumat per CCAA
ccaa,16,País Vasco,2017,472,"Aliments, begudes i tabac (especialitzat)",6356,2194158,2.897,-8.48,False,,INE DIRCE T=294 (locals); INE Padró T=29005 sumat per CCAA
ccaa,16,País Vasco,2018,472,"Aliments, begudes i tabac (especialitzat)",6538,2199088,2.973,2.86,False,,INE DIRCE T=294 (locals); INE Padró T=29005 sumat per CCAA
ccaa,16,País Vasco,2019,472,"Aliments, begudes i tabac (especialitzat)",6447,2207776,2.92,-1.39,False,,INE DIRCE T=294 (locals); INE Padró T=29005 sumat per CCAA
ccaa,16,País Vasco,2020,472,"Aliments, begudes i tabac (especialitzat)",6321,2220504,2.847,-1.95,False,,INE DIRCE T=294 (locals); INE Padró T=29005 sumat per CCAA
ccaa,16,País Vasco,2021,472,"Aliments, begudes i tabac (especialitzat)",6154,2213993,2.78,-2.64,False,,INE DIRCE T=294 (locals); INE Padró T=29005 sumat per CCAA
ccaa,16,País Vasco,2022,472,"Aliments, begudes i tabac (especialitzat)",6148,2208174,2.784,-0.1,False,,INE DIRCE T=294 (locals); INE Padró T=29005 sumat per CCAA
ccaa,16,País Vasco,2023,472,"Aliments, begudes i tabac (especialitzat)",5913,2219019,2.665,-3.82,True,La variació 2022→2023 travessa el trencament de sèrie DIRCE de 2023: no comparable.,INE DIRCE T=294 (locals); INE Padró T=29005 sumat per CCAA
ccaa,16,País Vasco,2024,472,"Aliments, begudes i tabac (especialitzat)",5785,2230452,2.594,-2.16,False,,INE DIRCE T=294 (locals); INE Padró T=29005 sumat per CCAA
ccaa,16,País Vasco,2025,472,"Aliments, begudes i tabac (especialitzat)",5557,2242342,2.478,-3.94,False,,INE DIRCE T=294 (locals); INE Padró T=29005 sumat per CCAA
ccaa,16,País Vasco,2010,473,Combustible (gasolineres),264,2178339,0.121,,False,,INE DIRCE T=294 (locals); INE Padró T=29005 sumat per CCAA
ccaa,16,País Vasco,2011,473,Combustible (gasolineres),281,2184606,0.129,6.44,False,,INE DIRCE T=294 (locals); INE Padró T=29005 sumat per CCAA
ccaa,16,País Vasco,2012,473,Combustible (gasolineres),282,2193093,0.129,0.36,False,,INE DIRCE T=294 (locals); INE Padró T=29005 sumat per CCAA
ccaa,16,País Vasco,2013,473,Combustible (gasolineres),270,2191682,0.123,-4.26,False,,INE DIRCE T=294 (locals); INE Padró T=29005 sumat per CCAA
ccaa,16,País Vasco,2014,473,Combustible (gasolineres),278,2188985,0.127,2.96,False,,INE DIRCE T=294 (locals); INE Padró T=29005 sumat per CCAA
ccaa,16,País Vasco,2015,473,Combustible (gasolineres),268,2189257,0.122,-3.6,False,,INE DIRCE T=294 (locals); INE Padró T=29005 sumat per CCAA
ccaa,16,País Vasco,2016,473,Combustible (gasolineres),270,2189534,0.123,0.75,False,,INE DIRCE T=294 (locals); INE Padró T=29005 sumat per CCAA
ccaa,16,País Vasco,2017,473,Combustible (gasolineres),276,2194158,0.126,2.22,False,,INE DIRCE T=294 (locals); INE Padró T=29005 sumat per CCAA
ccaa,16,País Vasco,2018,473,Combustible (gasolineres),290,2199088,0.132,5.07,False,,INE DIRCE T=294 (locals); INE Padró T=29005 sumat per CCAA
ccaa,16,País Vasco,2019,473,Combustible (gasolineres),289,2207776,0.131,-0.34,False,,INE DIRCE T=294 (locals); INE Padró T=29005 sumat per CCAA
ccaa,16,País Vasco,2020,473,Combustible (gasolineres),314,2220504,0.141,8.65,False,,INE DIRCE T=294 (locals); INE Padró T=29005 sumat per CCAA
ccaa,16,País Vasco,2021,473,Combustible (gasolineres),307,2213993,0.139,-2.23,False,,INE DIRCE T=294 (locals); INE Padró T=29005 sumat per CCAA
ccaa,16,País Vasco,2022,473,Combustible (gasolineres),323,2208174,0.146,5.21,False,,INE DIRCE T=294 (locals); INE Padró T=29005 sumat per CCAA
ccaa,16,País Vasco,2023,473,Combustible (gasolineres),329,2219019,0.148,1.86,True,La variació 2022→2023 travessa el trencament de sèrie DIRCE de 2023: no comparable.,INE DIRCE T=294 (locals); INE Padró T=29005 sumat per CCAA
ccaa,16,País Vasco,2024,473,Combustible (gasolineres),367,2230452,0.165,11.55,False,,INE DIRCE T=294 (locals); INE Padró T=29005 sumat per CCAA
ccaa,16,País Vasco,2025,473,Combustible (gasolineres),389,2242342,0.173,5.99,False,,INE DIRCE T=294 (locals); INE Padró T=29005 sumat per CCAA
ccaa,16,País Vasco,2010,474,Equips TIC,855,2178339,0.393,,False,,INE DIRCE T=294 (locals); INE Padró T=29005 sumat per CCAA
ccaa,16,País Vasco,2011,474,Equips TIC,867,2184606,0.397,1.4,False,,INE DIRCE T=294 (locals); INE Padró T=29005 sumat per CCAA
ccaa,16,País Vasco,2012,474,Equips TIC,909,2193093,0.414,4.84,False,,INE DIRCE T=294 (locals); INE Padró T=29005 sumat per CCAA
ccaa,16,País Vasco,2013,474,Equips TIC,902,2191682,0.412,-0.77,False,,INE DIRCE T=294 (locals); INE Padró T=29005 sumat per CCAA
ccaa,16,País Vasco,2014,474,Equips TIC,881,2188985,0.402,-2.33,False,,INE DIRCE T=294 (locals); INE Padró T=29005 sumat per CCAA
ccaa,16,País Vasco,2015,474,Equips TIC,852,2189257,0.389,-3.29,False,,INE DIRCE T=294 (locals); INE Padró T=29005 sumat per CCAA
ccaa,16,País Vasco,2016,474,Equips TIC,840,2189534,0.384,-1.41,False,,INE DIRCE T=294 (locals); INE Padró T=29005 sumat per CCAA
ccaa,16,País Vasco,2017,474,Equips TIC,775,2194158,0.353,-7.74,False,,INE DIRCE T=294 (locals); INE Padró T=29005 sumat per CCAA
ccaa,16,País Vasco,2018,474,Equips TIC,760,2199088,0.346,-1.94,False,,INE DIRCE T=294 (locals); INE Padró T=29005 sumat per CCAA
ccaa,16,País Vasco,2019,474,Equips TIC,748,2207776,0.339,-1.58,False,,INE DIRCE T=294 (locals); INE Padró T=29005 sumat per CCAA
ccaa,16,País Vasco,2020,474,Equips TIC,735,2220504,0.331,-1.74,False,,INE DIRCE T=294 (locals); INE Padró T=29005 sumat per CCAA
ccaa,16,País Vasco,2021,474,Equips TIC,675,2213993,0.305,-8.16,False,,INE DIRCE T=294 (locals); INE Padró T=29005 sumat per CCAA
ccaa,16,País Vasco,2022,474,Equips TIC,663,2208174,0.3,-1.78,False,,INE DIRCE T=294 (locals); INE Padró T=29005 sumat per CCAA
ccaa,16,País Vasco,2023,474,Equips TIC,641,2219019,0.289,-3.32,True,La variació 2022→2023 travessa el trencament de sèrie DIRCE de 2023: no comparable.,INE DIRCE T=294 (locals); INE Padró T=29005 sumat per CCAA
ccaa,16,País Vasco,2024,474,Equips TIC,631,2230452,0.283,-1.56,False,,INE DIRCE T=294 (locals); INE Padró T=29005 sumat per CCAA
ccaa,16,País Vasco,2025,474,Equips TIC,603,2242342,0.269,-4.44,False,,INE DIRCE T=294 (locals); INE Padró T=29005 sumat per CCAA
ccaa,16,País Vasco,2010,475,Equipament de la llar,5276,2178339,2.422,,False,,INE DIRCE T=294 (locals); INE Padró T=29005 sumat per CCAA
ccaa,16,País Vasco,2011,475,Equipament de la llar,5393,2184606,2.469,2.22,False,,INE DIRCE T=294 (locals); INE Padró T=29005 sumat per CCAA
ccaa,16,País Vasco,2012,475,Equipament de la llar,5115,2193093,2.332,-5.15,False,,INE DIRCE T=294 (locals); INE Padró T=29005 sumat per CCAA
ccaa,16,País Vasco,2013,475,Equipament de la llar,4831,2191682,2.204,-5.55,False,,INE DIRCE T=294 (locals); INE Padró T=29005 sumat per CCAA
ccaa,16,País Vasco,2014,475,Equipament de la llar,4609,2188985,2.106,-4.6,False,,INE DIRCE T=294 (locals); INE Padró T=29005 sumat per CCAA
ccaa,16,País Vasco,2015,475,Equipament de la llar,4413,2189257,2.016,-4.25,False,,INE DIRCE T=294 (locals); INE Padró T=29005 sumat per CCAA
ccaa,16,País Vasco,2016,475,Equipament de la llar,4467,2189534,2.04,1.22,False,,INE DIRCE T=294 (locals); INE Padró T=29005 sumat per CCAA
ccaa,16,País Vasco,2017,475,Equipament de la llar,4102,2194158,1.87,-8.17,False,,INE DIRCE T=294 (locals); INE Padró T=29005 sumat per CCAA
ccaa,16,País Vasco,2018,475,Equipament de la llar,4148,2199088,1.886,1.12,False,,INE DIRCE T=294 (locals); INE Padró T=29005 sumat per CCAA
ccaa,16,País Vasco,2019,475,Equipament de la llar,3817,2207776,1.729,-7.98,False,,INE DIRCE T=294 (locals); INE Padró T=29005 sumat per CCAA
ccaa,16,País Vasco,2020,475,Equipament de la llar,3782,2220504,1.703,-0.92,False,,INE DIRCE T=294 (locals); INE Padró T=29005 sumat per CCAA
ccaa,16,País Vasco,2021,475,Equipament de la llar,3634,2213993,1.641,-3.91,False,,INE DIRCE T=294 (locals); INE Padró T=29005 sumat per CCAA
ccaa,16,País Vasco,2022,475,Equipament de la llar,3519,2208174,1.594,-3.16,False,,INE DIRCE T=294 (locals); INE Padró T=29005 sumat per CCAA
ccaa,16,País Vasco,2023,475,Equipament de la llar,3332,2219019,1.502,-5.31,True,La variació 2022→2023 travessa el trencament de sèrie DIRCE de 2023: no comparable.,INE DIRCE T=294 (locals); INE Padró T=29005 sumat per CCAA
ccaa,16,País Vasco,2024,475,Equipament de la llar,3185,2230452,1.428,-4.41,False,,INE DIRCE T=294 (locals); INE Padró T=29005 sumat per CCAA
ccaa,16,País Vasco,2025,475,Equipament de la llar,3102,2242342,1.383,-2.61,False,,INE DIRCE T=294 (locals); INE Padró T=29005 sumat per CCAA
ccaa,16,País Vasco,2010,476,Articles culturals i recreatius,2060,2178339,0.946,,False,,INE DIRCE T=294 (locals); INE Padró T=29005 sumat per CCAA
ccaa,16,País Vasco,2011,476,Articles culturals i recreatius,2108,2184606,0.965,2.33,False,,INE DIRCE T=294 (locals); INE Padró T=29005 sumat per CCAA
ccaa,16,País Vasco,2012,476,Articles culturals i recreatius,1952,2193093,0.89,-7.4,False,,INE DIRCE T=294 (locals); INE Padró T=29005 sumat per CCAA
ccaa,16,País Vasco,2013,476,Articles culturals i recreatius,1889,2191682,0.862,-3.23,False,,INE DIRCE T=294 (locals); INE Padró T=29005 sumat per CCAA
ccaa,16,País Vasco,2014,476,Articles culturals i recreatius,1838,2188985,0.84,-2.7,False,,INE DIRCE T=294 (locals); INE Padró T=29005 sumat per CCAA
ccaa,16,País Vasco,2015,476,Articles culturals i recreatius,1804,2189257,0.824,-1.85,False,,INE DIRCE T=294 (locals); INE Padró T=29005 sumat per CCAA
ccaa,16,País Vasco,2016,476,Articles culturals i recreatius,1805,2189534,0.824,0.06,False,,INE DIRCE T=294 (locals); INE Padró T=29005 sumat per CCAA
ccaa,16,País Vasco,2017,476,Articles culturals i recreatius,1651,2194158,0.752,-8.53,False,,INE DIRCE T=294 (locals); INE Padró T=29005 sumat per CCAA
ccaa,16,País Vasco,2018,476,Articles culturals i recreatius,1650,2199088,0.75,-0.06,False,,INE DIRCE T=294 (locals); INE Padró T=29005 sumat per CCAA
ccaa,16,País Vasco,2019,476,Articles culturals i recreatius,1498,2207776,0.679,-9.21,False,,INE DIRCE T=294 (locals); INE Padró T=29005 sumat per CCAA
ccaa,16,País Vasco,2020,476,Articles culturals i recreatius,1482,2220504,0.667,-1.07,False,,INE DIRCE T=294 (locals); INE Padró T=29005 sumat per CCAA
ccaa,16,País Vasco,2021,476,Articles culturals i recreatius,1419,2213993,0.641,-4.25,False,,INE DIRCE T=294 (locals); INE Padró T=29005 sumat per CCAA
ccaa,16,País Vasco,2022,476,Articles culturals i recreatius,1388,2208174,0.629,-2.18,False,,INE DIRCE T=294 (locals); INE Padró T=29005 sumat per CCAA
ccaa,16,País Vasco,2023,476,Articles culturals i recreatius,1347,2219019,0.607,-2.95,True,La variació 2022→2023 travessa el trencament de sèrie DIRCE de 2023: no comparable.,INE DIRCE T=294 (locals); INE Padró T=29005 sumat per CCAA
ccaa,16,País Vasco,2024,476,Articles culturals i recreatius,1303,2230452,0.584,-3.27,False,,INE DIRCE T=294 (locals); INE Padró T=29005 sumat per CCAA
ccaa,16,País Vasco,2025,476,Articles culturals i recreatius,1288,2242342,0.574,-1.15,False,,INE DIRCE T=294 (locals); INE Padró T=29005 sumat per CCAA
ccaa,16,País Vasco,2010,477,"Altres articles (moda, calçat, etc.)",9532,2178339,4.376,,False,,INE DIRCE T=294 (locals); INE Padró T=29005 sumat per CCAA
ccaa,16,País Vasco,2011,477,"Altres articles (moda, calçat, etc.)",9409,2184606,4.307,-1.29,False,,INE DIRCE T=294 (locals); INE Padró T=29005 sumat per CCAA
ccaa,16,País Vasco,2012,477,"Altres articles (moda, calçat, etc.)",9102,2193093,4.15,-3.26,False,,INE DIRCE T=294 (locals); INE Padró T=29005 sumat per CCAA
ccaa,16,País Vasco,2013,477,"Altres articles (moda, calçat, etc.)",8860,2191682,4.043,-2.66,False,,INE DIRCE T=294 (locals); INE Padró T=29005 sumat per CCAA
ccaa,16,País Vasco,2014,477,"Altres articles (moda, calçat, etc.)",8694,2188985,3.972,-1.87,False,,INE DIRCE T=294 (locals); INE Padró T=29005 sumat per CCAA
ccaa,16,País Vasco,2015,477,"Altres articles (moda, calçat, etc.)",8617,2189257,3.936,-0.89,False,,INE DIRCE T=294 (locals); INE Padró T=29005 sumat per CCAA
ccaa,16,País Vasco,2016,477,"Altres articles (moda, calçat, etc.)",8722,2189534,3.983,1.22,False,,INE DIRCE T=294 (locals); INE Padró T=29005 sumat per CCAA
ccaa,16,País Vasco,2017,477,"Altres articles (moda, calçat, etc.)",8088,2194158,3.686,-7.27,False,,INE DIRCE T=294 (locals); INE Padró T=29005 sumat per CCAA
ccaa,16,País Vasco,2018,477,"Altres articles (moda, calçat, etc.)",8194,2199088,3.726,1.31,False,,INE DIRCE T=294 (locals); INE Padró T=29005 sumat per CCAA
ccaa,16,País Vasco,2019,477,"Altres articles (moda, calçat, etc.)",8027,2207776,3.636,-2.04,False,,INE DIRCE T=294 (locals); INE Padró T=29005 sumat per CCAA
ccaa,16,País Vasco,2020,477,"Altres articles (moda, calçat, etc.)",7709,2220504,3.472,-3.96,False,,INE DIRCE T=294 (locals); INE Padró T=29005 sumat per CCAA
ccaa,16,País Vasco,2021,477,"Altres articles (moda, calçat, etc.)",7303,2213993,3.299,-5.27,False,,INE DIRCE T=294 (locals); INE Padró T=29005 sumat per CCAA
ccaa,16,País Vasco,2022,477,"Altres articles (moda, calçat, etc.)",7231,2208174,3.275,-0.99,False,,INE DIRCE T=294 (locals); INE Padró T=29005 sumat per CCAA
ccaa,16,País Vasco,2023,477,"Altres articles (moda, calçat, etc.)",6968,2219019,3.14,-3.64,True,La variació 2022→2023 travessa el trencament de sèrie DIRCE de 2023: no comparable.,INE DIRCE T=294 (locals); INE Padró T=29005 sumat per CCAA
ccaa,16,País Vasco,2024,477,"Altres articles (moda, calçat, etc.)",6848,2230452,3.07,-1.72,False,,INE DIRCE T=294 (locals); INE Padró T=29005 sumat per CCAA
ccaa,16,País Vasco,2025,477,"Altres articles (moda, calçat, etc.)",6767,2242342,3.018,-1.18,False,,INE DIRCE T=294 (locals); INE Padró T=29005 sumat per CCAA
ccaa,16,País Vasco,2010,478,Punts de venda i mercadillos,1004,2178339,0.461,,False,,INE DIRCE T=294 (locals); INE Padró T=29005 sumat per CCAA
ccaa,16,País Vasco,2011,478,Punts de venda i mercadillos,935,2184606,0.428,-6.87,False,,INE DIRCE T=294 (locals); INE Padró T=29005 sumat per CCAA
ccaa,16,País Vasco,2012,478,Punts de venda i mercadillos,753,2193093,0.343,-19.47,False,,INE DIRCE T=294 (locals); INE Padró T=29005 sumat per CCAA
ccaa,16,País Vasco,2013,478,Punts de venda i mercadillos,649,2191682,0.296,-13.81,False,,INE DIRCE T=294 (locals); INE Padró T=29005 sumat per CCAA
ccaa,16,País Vasco,2014,478,Punts de venda i mercadillos,629,2188985,0.287,-3.08,False,,INE DIRCE T=294 (locals); INE Padró T=29005 sumat per CCAA
ccaa,16,País Vasco,2015,478,Punts de venda i mercadillos,642,2189257,0.293,2.07,False,,INE DIRCE T=294 (locals); INE Padró T=29005 sumat per CCAA
ccaa,16,País Vasco,2016,478,Punts de venda i mercadillos,647,2189534,0.295,0.78,False,,INE DIRCE T=294 (locals); INE Padró T=29005 sumat per CCAA
ccaa,16,País Vasco,2017,478,Punts de venda i mercadillos,633,2194158,0.288,-2.16,False,,INE DIRCE T=294 (locals); INE Padró T=29005 sumat per CCAA
ccaa,16,País Vasco,2018,478,Punts de venda i mercadillos,665,2199088,0.302,5.06,False,,INE DIRCE T=294 (locals); INE Padró T=29005 sumat per CCAA
ccaa,16,País Vasco,2019,478,Punts de venda i mercadillos,681,2207776,0.308,2.41,False,,INE DIRCE T=294 (locals); INE Padró T=29005 sumat per CCAA
ccaa,16,País Vasco,2020,478,Punts de venda i mercadillos,626,2220504,0.282,-8.08,False,,INE DIRCE T=294 (locals); INE Padró T=29005 sumat per CCAA
ccaa,16,País Vasco,2021,478,Punts de venda i mercadillos,620,2213993,0.28,-0.96,False,,INE DIRCE T=294 (locals); INE Padró T=29005 sumat per CCAA
ccaa,16,País Vasco,2022,478,Punts de venda i mercadillos,605,2208174,0.274,-2.42,False,,INE DIRCE T=294 (locals); INE Padró T=29005 sumat per CCAA
ccaa,16,País Vasco,2023,478,Punts de venda i mercadillos,559,2219019,0.252,-7.6,True,La variació 2022→2023 travessa el trencament de sèrie DIRCE de 2023: no comparable.,INE DIRCE T=294 (locals); INE Padró T=29005 sumat per CCAA
ccaa,16,País Vasco,2024,478,Punts de venda i mercadillos,550,2230452,0.247,-1.61,False,,INE DIRCE T=294 (locals); INE Padró T=29005 sumat per CCAA
ccaa,16,País Vasco,2025,478,Punts de venda i mercadillos,511,2242342,0.228,-7.09,False,,INE DIRCE T=294 (locals); INE Padró T=29005 sumat per CCAA
ccaa,16,País Vasco,2010,479,Comerç no en establiment (internet),410,2178339,0.188,,False,,INE DIRCE T=294 (locals); INE Padró T=29005 sumat per CCAA
ccaa,16,País Vasco,2011,479,Comerç no en establiment (internet),394,2184606,0.18,-3.9,False,,INE DIRCE T=294 (locals); INE Padró T=29005 sumat per CCAA
ccaa,16,País Vasco,2012,479,Comerç no en establiment (internet),390,2193093,0.178,-1.02,False,,INE DIRCE T=294 (locals); INE Padró T=29005 sumat per CCAA
ccaa,16,País Vasco,2013,479,Comerç no en establiment (internet),438,2191682,0.2,12.31,False,,INE DIRCE T=294 (locals); INE Padró T=29005 sumat per CCAA
ccaa,16,País Vasco,2014,479,Comerç no en establiment (internet),446,2188985,0.204,1.83,False,,INE DIRCE T=294 (locals); INE Padró T=29005 sumat per CCAA
ccaa,16,País Vasco,2015,479,Comerç no en establiment (internet),486,2189257,0.222,8.97,False,,INE DIRCE T=294 (locals); INE Padró T=29005 sumat per CCAA
ccaa,16,País Vasco,2016,479,Comerç no en establiment (internet),482,2189534,0.22,-0.82,False,,INE DIRCE T=294 (locals); INE Padró T=29005 sumat per CCAA
ccaa,16,País Vasco,2017,479,Comerç no en establiment (internet),506,2194158,0.231,4.98,False,,INE DIRCE T=294 (locals); INE Padró T=29005 sumat per CCAA
ccaa,16,País Vasco,2018,479,Comerç no en establiment (internet),542,2199088,0.246,7.11,False,,INE DIRCE T=294 (locals); INE Padró T=29005 sumat per CCAA
ccaa,16,País Vasco,2019,479,Comerç no en establiment (internet),534,2207776,0.242,-1.48,False,,INE DIRCE T=294 (locals); INE Padró T=29005 sumat per CCAA
ccaa,16,País Vasco,2020,479,Comerç no en establiment (internet),537,2220504,0.242,0.56,False,,INE DIRCE T=294 (locals); INE Padró T=29005 sumat per CCAA
ccaa,16,País Vasco,2021,479,Comerç no en establiment (internet),547,2213993,0.247,1.86,False,,INE DIRCE T=294 (locals); INE Padró T=29005 sumat per CCAA
ccaa,16,País Vasco,2022,479,Comerç no en establiment (internet),613,2208174,0.278,12.07,False,,INE DIRCE T=294 (locals); INE Padró T=29005 sumat per CCAA
ccaa,16,País Vasco,2023,479,Comerç no en establiment (internet),554,2219019,0.25,-9.62,True,La variació 2022→2023 travessa el trencament de sèrie DIRCE de 2023: no comparable.,INE DIRCE T=294 (locals); INE Padró T=29005 sumat per CCAA
ccaa,16,País Vasco,2024,479,Comerç no en establiment (internet),568,2230452,0.255,2.53,False,,INE DIRCE T=294 (locals); INE Padró T=29005 sumat per CCAA
ccaa,16,País Vasco,2025,479,Comerç no en establiment (internet),561,2242342,0.25,-1.23,False,,INE DIRCE T=294 (locals); INE Padró T=29005 sumat per CCAA
ccaa,17,Rioja (La),2010,47,Comerç al detall (total CNAE 47),4375,322415,13.569,,False,,INE DIRCE T=294 (locals); INE Padró T=29005 sumat per CCAA
ccaa,17,Rioja (La),2011,47,Comerç al detall (total CNAE 47),4322,322955,13.383,-1.21,False,,INE DIRCE T=294 (locals); INE Padró T=29005 sumat per CCAA
ccaa,17,Rioja (La),2012,47,Comerç al detall (total CNAE 47),4291,323609,13.26,-0.72,False,,INE DIRCE T=294 (locals); INE Padró T=29005 sumat per CCAA
ccaa,17,Rioja (La),2013,47,Comerç al detall (total CNAE 47),4247,322027,13.188,-1.03,False,,INE DIRCE T=294 (locals); INE Padró T=29005 sumat per CCAA
ccaa,17,Rioja (La),2014,47,Comerç al detall (total CNAE 47),4167,319002,13.063,-1.88,False,,INE DIRCE T=294 (locals); INE Padró T=29005 sumat per CCAA
ccaa,17,Rioja (La),2015,47,Comerç al detall (total CNAE 47),4165,317053,13.137,-0.05,False,,INE DIRCE T=294 (locals); INE Padró T=29005 sumat per CCAA
ccaa,17,Rioja (La),2016,47,Comerç al detall (total CNAE 47),4079,315794,12.917,-2.06,False,,INE DIRCE T=294 (locals); INE Padró T=29005 sumat per CCAA
ccaa,17,Rioja (La),2017,47,Comerç al detall (total CNAE 47),4069,315381,12.902,-0.25,False,,INE DIRCE T=294 (locals); INE Padró T=29005 sumat per CCAA
ccaa,17,Rioja (La),2018,47,Comerç al detall (total CNAE 47),3999,315675,12.668,-1.72,False,,INE DIRCE T=294 (locals); INE Padró T=29005 sumat per CCAA
ccaa,17,Rioja (La),2019,47,Comerç al detall (total CNAE 47),3814,316798,12.039,-4.63,False,,INE DIRCE T=294 (locals); INE Padró T=29005 sumat per CCAA
ccaa,17,Rioja (La),2020,47,Comerç al detall (total CNAE 47),3764,319914,11.766,-1.31,False,,INE DIRCE T=294 (locals); INE Padró T=29005 sumat per CCAA
ccaa,17,Rioja (La),2021,47,Comerç al detall (total CNAE 47),3688,319796,11.532,-2.02,False,,INE DIRCE T=294 (locals); INE Padró T=29005 sumat per CCAA
ccaa,17,Rioja (La),2022,47,Comerç al detall (total CNAE 47),3646,319892,11.398,-1.14,False,,INE DIRCE T=294 (locals); INE Padró T=29005 sumat per CCAA
ccaa,17,Rioja (La),2023,47,Comerç al detall (total CNAE 47),3472,322490,10.766,-4.77,True,La variació 2022→2023 travessa el trencament de sèrie DIRCE de 2023: no comparable.,INE DIRCE T=294 (locals); INE Padró T=29005 sumat per CCAA
ccaa,17,Rioja (La),2024,47,Comerç al detall (total CNAE 47),3440,324399,10.604,-0.92,False,,INE DIRCE T=294 (locals); INE Padró T=29005 sumat per CCAA
ccaa,17,Rioja (La),2025,47,Comerç al detall (total CNAE 47),3438,327286,10.505,-0.06,False,,INE DIRCE T=294 (locals); INE Padró T=29005 sumat per CCAA
ccaa,17,Rioja (La),2010,471,Establiments no especialitzats (súper i hiper),604,322415,1.873,,False,,INE DIRCE T=294 (locals); INE Padró T=29005 sumat per CCAA
ccaa,17,Rioja (La),2011,471,Establiments no especialitzats (súper i hiper),436,322955,1.35,-27.81,False,,INE DIRCE T=294 (locals); INE Padró T=29005 sumat per CCAA
ccaa,17,Rioja (La),2012,471,Establiments no especialitzats (súper i hiper),456,323609,1.409,4.59,False,,INE DIRCE T=294 (locals); INE Padró T=29005 sumat per CCAA
ccaa,17,Rioja (La),2013,471,Establiments no especialitzats (súper i hiper),444,322027,1.379,-2.63,False,,INE DIRCE T=294 (locals); INE Padró T=29005 sumat per CCAA
ccaa,17,Rioja (La),2014,471,Establiments no especialitzats (súper i hiper),416,319002,1.304,-6.31,False,,INE DIRCE T=294 (locals); INE Padró T=29005 sumat per CCAA
ccaa,17,Rioja (La),2015,471,Establiments no especialitzats (súper i hiper),432,317053,1.363,3.85,False,,INE DIRCE T=294 (locals); INE Padró T=29005 sumat per CCAA
ccaa,17,Rioja (La),2016,471,Establiments no especialitzats (súper i hiper),426,315794,1.349,-1.39,False,,INE DIRCE T=294 (locals); INE Padró T=29005 sumat per CCAA
ccaa,17,Rioja (La),2017,471,Establiments no especialitzats (súper i hiper),450,315381,1.427,5.63,False,,INE DIRCE T=294 (locals); INE Padró T=29005 sumat per CCAA
ccaa,17,Rioja (La),2018,471,Establiments no especialitzats (súper i hiper),433,315675,1.372,-3.78,False,,INE DIRCE T=294 (locals); INE Padró T=29005 sumat per CCAA
ccaa,17,Rioja (La),2019,471,Establiments no especialitzats (súper i hiper),425,316798,1.342,-1.85,False,,INE DIRCE T=294 (locals); INE Padró T=29005 sumat per CCAA
ccaa,17,Rioja (La),2020,471,Establiments no especialitzats (súper i hiper),421,319914,1.316,-0.94,False,,INE DIRCE T=294 (locals); INE Padró T=29005 sumat per CCAA
ccaa,17,Rioja (La),2021,471,Establiments no especialitzats (súper i hiper),442,319796,1.382,4.99,False,,INE DIRCE T=294 (locals); INE Padró T=29005 sumat per CCAA
ccaa,17,Rioja (La),2022,471,Establiments no especialitzats (súper i hiper),434,319892,1.357,-1.81,False,,INE DIRCE T=294 (locals); INE Padró T=29005 sumat per CCAA
ccaa,17,Rioja (La),2023,471,Establiments no especialitzats (súper i hiper),414,322490,1.284,-4.61,True,La variació 2022→2023 travessa el trencament de sèrie DIRCE de 2023: no comparable.,INE DIRCE T=294 (locals); INE Padró T=29005 sumat per CCAA
ccaa,17,Rioja (La),2024,471,Establiments no especialitzats (súper i hiper),405,324399,1.248,-2.17,False,,INE DIRCE T=294 (locals); INE Padró T=29005 sumat per CCAA
ccaa,17,Rioja (La),2025,471,Establiments no especialitzats (súper i hiper),425,327286,1.299,4.94,False,,INE DIRCE T=294 (locals); INE Padró T=29005 sumat per CCAA
ccaa,17,Rioja (La),2010,472,"Aliments, begudes i tabac (especialitzat)",813,322415,2.522,,False,,INE DIRCE T=294 (locals); INE Padró T=29005 sumat per CCAA
ccaa,17,Rioja (La),2011,472,"Aliments, begudes i tabac (especialitzat)",919,322955,2.846,13.04,False,,INE DIRCE T=294 (locals); INE Padró T=29005 sumat per CCAA
ccaa,17,Rioja (La),2012,472,"Aliments, begudes i tabac (especialitzat)",931,323609,2.877,1.31,False,,INE DIRCE T=294 (locals); INE Padró T=29005 sumat per CCAA
ccaa,17,Rioja (La),2013,472,"Aliments, begudes i tabac (especialitzat)",940,322027,2.919,0.97,False,,INE DIRCE T=294 (locals); INE Padró T=29005 sumat per CCAA
ccaa,17,Rioja (La),2014,472,"Aliments, begudes i tabac (especialitzat)",951,319002,2.981,1.17,False,,INE DIRCE T=294 (locals); INE Padró T=29005 sumat per CCAA
ccaa,17,Rioja (La),2015,472,"Aliments, begudes i tabac (especialitzat)",940,317053,2.965,-1.16,False,,INE DIRCE T=294 (locals); INE Padró T=29005 sumat per CCAA
ccaa,17,Rioja (La),2016,472,"Aliments, begudes i tabac (especialitzat)",910,315794,2.882,-3.19,False,,INE DIRCE T=294 (locals); INE Padró T=29005 sumat per CCAA
ccaa,17,Rioja (La),2017,472,"Aliments, begudes i tabac (especialitzat)",893,315381,2.831,-1.87,False,,INE DIRCE T=294 (locals); INE Padró T=29005 sumat per CCAA
ccaa,17,Rioja (La),2018,472,"Aliments, begudes i tabac (especialitzat)",892,315675,2.826,-0.11,False,,INE DIRCE T=294 (locals); INE Padró T=29005 sumat per CCAA
ccaa,17,Rioja (La),2019,472,"Aliments, begudes i tabac (especialitzat)",835,316798,2.636,-6.39,False,,INE DIRCE T=294 (locals); INE Padró T=29005 sumat per CCAA
ccaa,17,Rioja (La),2020,472,"Aliments, begudes i tabac (especialitzat)",802,319914,2.507,-3.95,False,,INE DIRCE T=294 (locals); INE Padró T=29005 sumat per CCAA
ccaa,17,Rioja (La),2021,472,"Aliments, begudes i tabac (especialitzat)",788,319796,2.464,-1.75,False,,INE DIRCE T=294 (locals); INE Padró T=29005 sumat per CCAA
ccaa,17,Rioja (La),2022,472,"Aliments, begudes i tabac (especialitzat)",777,319892,2.429,-1.4,False,,INE DIRCE T=294 (locals); INE Padró T=29005 sumat per CCAA
ccaa,17,Rioja (La),2023,472,"Aliments, begudes i tabac (especialitzat)",752,322490,2.332,-3.22,True,La variació 2022→2023 travessa el trencament de sèrie DIRCE de 2023: no comparable.,INE DIRCE T=294 (locals); INE Padró T=29005 sumat per CCAA
ccaa,17,Rioja (La),2024,472,"Aliments, begudes i tabac (especialitzat)",741,324399,2.284,-1.46,False,,INE DIRCE T=294 (locals); INE Padró T=29005 sumat per CCAA
ccaa,17,Rioja (La),2025,472,"Aliments, begudes i tabac (especialitzat)",730,327286,2.23,-1.48,False,,INE DIRCE T=294 (locals); INE Padró T=29005 sumat per CCAA
ccaa,17,Rioja (La),2010,473,Combustible (gasolineres),55,322415,0.171,,False,,INE DIRCE T=294 (locals); INE Padró T=29005 sumat per CCAA
ccaa,17,Rioja (La),2011,473,Combustible (gasolineres),52,322955,0.161,-5.45,False,,INE DIRCE T=294 (locals); INE Padró T=29005 sumat per CCAA
ccaa,17,Rioja (La),2012,473,Combustible (gasolineres),51,323609,0.158,-1.92,False,,INE DIRCE T=294 (locals); INE Padró T=29005 sumat per CCAA
ccaa,17,Rioja (La),2013,473,Combustible (gasolineres),51,322027,0.158,0.0,False,,INE DIRCE T=294 (locals); INE Padró T=29005 sumat per CCAA
ccaa,17,Rioja (La),2014,473,Combustible (gasolineres),51,319002,0.16,0.0,False,,INE DIRCE T=294 (locals); INE Padró T=29005 sumat per CCAA
ccaa,17,Rioja (La),2015,473,Combustible (gasolineres),56,317053,0.177,9.8,False,,INE DIRCE T=294 (locals); INE Padró T=29005 sumat per CCAA
ccaa,17,Rioja (La),2016,473,Combustible (gasolineres),57,315794,0.18,1.79,False,,INE DIRCE T=294 (locals); INE Padró T=29005 sumat per CCAA
ccaa,17,Rioja (La),2017,473,Combustible (gasolineres),57,315381,0.181,0.0,False,,INE DIRCE T=294 (locals); INE Padró T=29005 sumat per CCAA
ccaa,17,Rioja (La),2018,473,Combustible (gasolineres),54,315675,0.171,-5.26,False,,INE DIRCE T=294 (locals); INE Padró T=29005 sumat per CCAA
ccaa,17,Rioja (La),2019,473,Combustible (gasolineres),57,316798,0.18,5.56,False,,INE DIRCE T=294 (locals); INE Padró T=29005 sumat per CCAA
ccaa,17,Rioja (La),2020,473,Combustible (gasolineres),58,319914,0.181,1.75,False,,INE DIRCE T=294 (locals); INE Padró T=29005 sumat per CCAA
ccaa,17,Rioja (La),2021,473,Combustible (gasolineres),59,319796,0.184,1.72,False,,INE DIRCE T=294 (locals); INE Padró T=29005 sumat per CCAA
ccaa,17,Rioja (La),2022,473,Combustible (gasolineres),64,319892,0.2,8.47,False,,INE DIRCE T=294 (locals); INE Padró T=29005 sumat per CCAA
ccaa,17,Rioja (La),2023,473,Combustible (gasolineres),65,322490,0.202,1.56,True,La variació 2022→2023 travessa el trencament de sèrie DIRCE de 2023: no comparable.,INE DIRCE T=294 (locals); INE Padró T=29005 sumat per CCAA
ccaa,17,Rioja (La),2024,473,Combustible (gasolineres),66,324399,0.203,1.54,False,,INE DIRCE T=294 (locals); INE Padró T=29005 sumat per CCAA
ccaa,17,Rioja (La),2025,473,Combustible (gasolineres),65,327286,0.199,-1.52,False,,INE DIRCE T=294 (locals); INE Padró T=29005 sumat per CCAA
ccaa,17,Rioja (La),2010,474,Equips TIC,63,322415,0.195,,False,,INE DIRCE T=294 (locals); INE Padró T=29005 sumat per CCAA
ccaa,17,Rioja (La),2011,474,Equips TIC,57,322955,0.176,-9.52,False,,INE DIRCE T=294 (locals); INE Padró T=29005 sumat per CCAA
ccaa,17,Rioja (La),2012,474,Equips TIC,58,323609,0.179,1.75,False,,INE DIRCE T=294 (locals); INE Padró T=29005 sumat per CCAA
ccaa,17,Rioja (La),2013,474,Equips TIC,66,322027,0.205,13.79,False,,INE DIRCE T=294 (locals); INE Padró T=29005 sumat per CCAA
ccaa,17,Rioja (La),2014,474,Equips TIC,64,319002,0.201,-3.03,False,,INE DIRCE T=294 (locals); INE Padró T=29005 sumat per CCAA
ccaa,17,Rioja (La),2015,474,Equips TIC,65,317053,0.205,1.56,False,,INE DIRCE T=294 (locals); INE Padró T=29005 sumat per CCAA
ccaa,17,Rioja (La),2016,474,Equips TIC,68,315794,0.215,4.62,False,,INE DIRCE T=294 (locals); INE Padró T=29005 sumat per CCAA
ccaa,17,Rioja (La),2017,474,Equips TIC,67,315381,0.212,-1.47,False,,INE DIRCE T=294 (locals); INE Padró T=29005 sumat per CCAA
ccaa,17,Rioja (La),2018,474,Equips TIC,66,315675,0.209,-1.49,False,,INE DIRCE T=294 (locals); INE Padró T=29005 sumat per CCAA
ccaa,17,Rioja (La),2019,474,Equips TIC,65,316798,0.205,-1.52,False,,INE DIRCE T=294 (locals); INE Padró T=29005 sumat per CCAA
ccaa,17,Rioja (La),2020,474,Equips TIC,68,319914,0.213,4.62,False,,INE DIRCE T=294 (locals); INE Padró T=29005 sumat per CCAA
ccaa,17,Rioja (La),2021,474,Equips TIC,66,319796,0.206,-2.94,False,,INE DIRCE T=294 (locals); INE Padró T=29005 sumat per CCAA
ccaa,17,Rioja (La),2022,474,Equips TIC,62,319892,0.194,-6.06,False,,INE DIRCE T=294 (locals); INE Padró T=29005 sumat per CCAA
ccaa,17,Rioja (La),2023,474,Equips TIC,58,322490,0.18,-6.45,True,La variació 2022→2023 travessa el trencament de sèrie DIRCE de 2023: no comparable.,INE DIRCE T=294 (locals); INE Padró T=29005 sumat per CCAA
ccaa,17,Rioja (La),2024,474,Equips TIC,50,324399,0.154,-13.79,False,,INE DIRCE T=294 (locals); INE Padró T=29005 sumat per CCAA
ccaa,17,Rioja (La),2025,474,Equips TIC,46,327286,0.141,-8.0,False,,INE DIRCE T=294 (locals); INE Padró T=29005 sumat per CCAA
ccaa,17,Rioja (La),2010,475,Equipament de la llar,933,322415,2.894,,False,,INE DIRCE T=294 (locals); INE Padró T=29005 sumat per CCAA
ccaa,17,Rioja (La),2011,475,Equipament de la llar,924,322955,2.861,-0.96,False,,INE DIRCE T=294 (locals); INE Padró T=29005 sumat per CCAA
ccaa,17,Rioja (La),2012,475,Equipament de la llar,870,323609,2.688,-5.84,False,,INE DIRCE T=294 (locals); INE Padró T=29005 sumat per CCAA
ccaa,17,Rioja (La),2013,475,Equipament de la llar,815,322027,2.531,-6.32,False,,INE DIRCE T=294 (locals); INE Padró T=29005 sumat per CCAA
ccaa,17,Rioja (La),2014,475,Equipament de la llar,783,319002,2.455,-3.93,False,,INE DIRCE T=294 (locals); INE Padró T=29005 sumat per CCAA
ccaa,17,Rioja (La),2015,475,Equipament de la llar,758,317053,2.391,-3.19,False,,INE DIRCE T=294 (locals); INE Padró T=29005 sumat per CCAA
ccaa,17,Rioja (La),2016,475,Equipament de la llar,760,315794,2.407,0.26,False,,INE DIRCE T=294 (locals); INE Padró T=29005 sumat per CCAA
ccaa,17,Rioja (La),2017,475,Equipament de la llar,721,315381,2.286,-5.13,False,,INE DIRCE T=294 (locals); INE Padró T=29005 sumat per CCAA
ccaa,17,Rioja (La),2018,475,Equipament de la llar,705,315675,2.233,-2.22,False,,INE DIRCE T=294 (locals); INE Padró T=29005 sumat per CCAA
ccaa,17,Rioja (La),2019,475,Equipament de la llar,639,316798,2.017,-9.36,False,,INE DIRCE T=294 (locals); INE Padró T=29005 sumat per CCAA
ccaa,17,Rioja (La),2020,475,Equipament de la llar,632,319914,1.976,-1.1,False,,INE DIRCE T=294 (locals); INE Padró T=29005 sumat per CCAA
ccaa,17,Rioja (La),2021,475,Equipament de la llar,616,319796,1.926,-2.53,False,,INE DIRCE T=294 (locals); INE Padró T=29005 sumat per CCAA
ccaa,17,Rioja (La),2022,475,Equipament de la llar,617,319892,1.929,0.16,False,,INE DIRCE T=294 (locals); INE Padró T=29005 sumat per CCAA
ccaa,17,Rioja (La),2023,475,Equipament de la llar,583,322490,1.808,-5.51,True,La variació 2022→2023 travessa el trencament de sèrie DIRCE de 2023: no comparable.,INE DIRCE T=294 (locals); INE Padró T=29005 sumat per CCAA
ccaa,17,Rioja (La),2024,475,Equipament de la llar,581,324399,1.791,-0.34,False,,INE DIRCE T=294 (locals); INE Padró T=29005 sumat per CCAA
ccaa,17,Rioja (La),2025,475,Equipament de la llar,575,327286,1.757,-1.03,False,,INE DIRCE T=294 (locals); INE Padró T=29005 sumat per CCAA
ccaa,17,Rioja (La),2010,476,Articles culturals i recreatius,236,322415,0.732,,False,,INE DIRCE T=294 (locals); INE Padró T=29005 sumat per CCAA
ccaa,17,Rioja (La),2011,476,Articles culturals i recreatius,259,322955,0.802,9.75,False,,INE DIRCE T=294 (locals); INE Padró T=29005 sumat per CCAA
ccaa,17,Rioja (La),2012,476,Articles culturals i recreatius,260,323609,0.803,0.39,False,,INE DIRCE T=294 (locals); INE Padró T=29005 sumat per CCAA
ccaa,17,Rioja (La),2013,476,Articles culturals i recreatius,269,322027,0.835,3.46,False,,INE DIRCE T=294 (locals); INE Padró T=29005 sumat per CCAA
ccaa,17,Rioja (La),2014,476,Articles culturals i recreatius,271,319002,0.85,0.74,False,,INE DIRCE T=294 (locals); INE Padró T=29005 sumat per CCAA
ccaa,17,Rioja (La),2015,476,Articles culturals i recreatius,260,317053,0.82,-4.06,False,,INE DIRCE T=294 (locals); INE Padró T=29005 sumat per CCAA
ccaa,17,Rioja (La),2016,476,Articles culturals i recreatius,255,315794,0.807,-1.92,False,,INE DIRCE T=294 (locals); INE Padró T=29005 sumat per CCAA
ccaa,17,Rioja (La),2017,476,Articles culturals i recreatius,252,315381,0.799,-1.18,False,,INE DIRCE T=294 (locals); INE Padró T=29005 sumat per CCAA
ccaa,17,Rioja (La),2018,476,Articles culturals i recreatius,243,315675,0.77,-3.57,False,,INE DIRCE T=294 (locals); INE Padró T=29005 sumat per CCAA
ccaa,17,Rioja (La),2019,476,Articles culturals i recreatius,225,316798,0.71,-7.41,False,,INE DIRCE T=294 (locals); INE Padró T=29005 sumat per CCAA
ccaa,17,Rioja (La),2020,476,Articles culturals i recreatius,213,319914,0.666,-5.33,False,,INE DIRCE T=294 (locals); INE Padró T=29005 sumat per CCAA
ccaa,17,Rioja (La),2021,476,Articles culturals i recreatius,191,319796,0.597,-10.33,False,,INE DIRCE T=294 (locals); INE Padró T=29005 sumat per CCAA
ccaa,17,Rioja (La),2022,476,Articles culturals i recreatius,202,319892,0.631,5.76,False,,INE DIRCE T=294 (locals); INE Padró T=29005 sumat per CCAA
ccaa,17,Rioja (La),2023,476,Articles culturals i recreatius,201,322490,0.623,-0.5,True,La variació 2022→2023 travessa el trencament de sèrie DIRCE de 2023: no comparable.,INE DIRCE T=294 (locals); INE Padró T=29005 sumat per CCAA
ccaa,17,Rioja (La),2024,476,Articles culturals i recreatius,190,324399,0.586,-5.47,False,,INE DIRCE T=294 (locals); INE Padró T=29005 sumat per CCAA
ccaa,17,Rioja (La),2025,476,Articles culturals i recreatius,184,327286,0.562,-3.16,False,,INE DIRCE T=294 (locals); INE Padró T=29005 sumat per CCAA
ccaa,17,Rioja (La),2010,477,"Altres articles (moda, calçat, etc.)",1377,322415,4.271,,False,,INE DIRCE T=294 (locals); INE Padró T=29005 sumat per CCAA
ccaa,17,Rioja (La),2011,477,"Altres articles (moda, calçat, etc.)",1370,322955,4.242,-0.51,False,,INE DIRCE T=294 (locals); INE Padró T=29005 sumat per CCAA
ccaa,17,Rioja (La),2012,477,"Altres articles (moda, calçat, etc.)",1367,323609,4.224,-0.22,False,,INE DIRCE T=294 (locals); INE Padró T=29005 sumat per CCAA
ccaa,17,Rioja (La),2013,477,"Altres articles (moda, calçat, etc.)",1357,322027,4.214,-0.73,False,,INE DIRCE T=294 (locals); INE Padró T=29005 sumat per CCAA
ccaa,17,Rioja (La),2014,477,"Altres articles (moda, calçat, etc.)",1343,319002,4.21,-1.03,False,,INE DIRCE T=294 (locals); INE Padró T=29005 sumat per CCAA
ccaa,17,Rioja (La),2015,477,"Altres articles (moda, calçat, etc.)",1355,317053,4.274,0.89,False,,INE DIRCE T=294 (locals); INE Padró T=29005 sumat per CCAA
ccaa,17,Rioja (La),2016,477,"Altres articles (moda, calçat, etc.)",1304,315794,4.129,-3.76,False,,INE DIRCE T=294 (locals); INE Padró T=29005 sumat per CCAA
ccaa,17,Rioja (La),2017,477,"Altres articles (moda, calçat, etc.)",1323,315381,4.195,1.46,False,,INE DIRCE T=294 (locals); INE Padró T=29005 sumat per CCAA
ccaa,17,Rioja (La),2018,477,"Altres articles (moda, calçat, etc.)",1291,315675,4.09,-2.42,False,,INE DIRCE T=294 (locals); INE Padró T=29005 sumat per CCAA
ccaa,17,Rioja (La),2019,477,"Altres articles (moda, calçat, etc.)",1268,316798,4.003,-1.78,False,,INE DIRCE T=294 (locals); INE Padró T=29005 sumat per CCAA
ccaa,17,Rioja (La),2020,477,"Altres articles (moda, calçat, etc.)",1255,319914,3.923,-1.03,False,,INE DIRCE T=294 (locals); INE Padró T=29005 sumat per CCAA
ccaa,17,Rioja (La),2021,477,"Altres articles (moda, calçat, etc.)",1204,319796,3.765,-4.06,False,,INE DIRCE T=294 (locals); INE Padró T=29005 sumat per CCAA
ccaa,17,Rioja (La),2022,477,"Altres articles (moda, calçat, etc.)",1181,319892,3.692,-1.91,False,,INE DIRCE T=294 (locals); INE Padró T=29005 sumat per CCAA
ccaa,17,Rioja (La),2023,477,"Altres articles (moda, calçat, etc.)",1103,322490,3.42,-6.6,True,La variació 2022→2023 travessa el trencament de sèrie DIRCE de 2023: no comparable.,INE DIRCE T=294 (locals); INE Padró T=29005 sumat per CCAA
ccaa,17,Rioja (La),2024,477,"Altres articles (moda, calçat, etc.)",1102,324399,3.397,-0.09,False,,INE DIRCE T=294 (locals); INE Padró T=29005 sumat per CCAA
ccaa,17,Rioja (La),2025,477,"Altres articles (moda, calçat, etc.)",1087,327286,3.321,-1.36,False,,INE DIRCE T=294 (locals); INE Padró T=29005 sumat per CCAA
ccaa,17,Rioja (La),2010,478,Punts de venda i mercadillos,209,322415,0.648,,False,,INE DIRCE T=294 (locals); INE Padró T=29005 sumat per CCAA
ccaa,17,Rioja (La),2011,478,Punts de venda i mercadillos,222,322955,0.687,6.22,False,,INE DIRCE T=294 (locals); INE Padró T=29005 sumat per CCAA
ccaa,17,Rioja (La),2012,478,Punts de venda i mercadillos,203,323609,0.627,-8.56,False,,INE DIRCE T=294 (locals); INE Padró T=29005 sumat per CCAA
ccaa,17,Rioja (La),2013,478,Punts de venda i mercadillos,201,322027,0.624,-0.99,False,,INE DIRCE T=294 (locals); INE Padró T=29005 sumat per CCAA
ccaa,17,Rioja (La),2014,478,Punts de venda i mercadillos,188,319002,0.589,-6.47,False,,INE DIRCE T=294 (locals); INE Padró T=29005 sumat per CCAA
ccaa,17,Rioja (La),2015,478,Punts de venda i mercadillos,188,317053,0.593,0.0,False,,INE DIRCE T=294 (locals); INE Padró T=29005 sumat per CCAA
ccaa,17,Rioja (La),2016,478,Punts de venda i mercadillos,181,315794,0.573,-3.72,False,,INE DIRCE T=294 (locals); INE Padró T=29005 sumat per CCAA
ccaa,17,Rioja (La),2017,478,Punts de venda i mercadillos,187,315381,0.593,3.31,False,,INE DIRCE T=294 (locals); INE Padró T=29005 sumat per CCAA
ccaa,17,Rioja (La),2018,478,Punts de venda i mercadillos,183,315675,0.58,-2.14,False,,INE DIRCE T=294 (locals); INE Padró T=29005 sumat per CCAA
ccaa,17,Rioja (La),2019,478,Punts de venda i mercadillos,185,316798,0.584,1.09,False,,INE DIRCE T=294 (locals); INE Padró T=29005 sumat per CCAA
ccaa,17,Rioja (La),2020,478,Punts de venda i mercadillos,190,319914,0.594,2.7,False,,INE DIRCE T=294 (locals); INE Padró T=29005 sumat per CCAA
ccaa,17,Rioja (La),2021,478,Punts de venda i mercadillos,187,319796,0.585,-1.58,False,,INE DIRCE T=294 (locals); INE Padró T=29005 sumat per CCAA
ccaa,17,Rioja (La),2022,478,Punts de venda i mercadillos,194,319892,0.606,3.74,False,,INE DIRCE T=294 (locals); INE Padró T=29005 sumat per CCAA
ccaa,17,Rioja (La),2023,478,Punts de venda i mercadillos,181,322490,0.561,-6.7,True,La variació 2022→2023 travessa el trencament de sèrie DIRCE de 2023: no comparable.,INE DIRCE T=294 (locals); INE Padró T=29005 sumat per CCAA
ccaa,17,Rioja (La),2024,478,Punts de venda i mercadillos,192,324399,0.592,6.08,False,,INE DIRCE T=294 (locals); INE Padró T=29005 sumat per CCAA
ccaa,17,Rioja (La),2025,478,Punts de venda i mercadillos,200,327286,0.611,4.17,False,,INE DIRCE T=294 (locals); INE Padró T=29005 sumat per CCAA
ccaa,17,Rioja (La),2010,479,Comerç no en establiment (internet),85,322415,0.264,,False,,INE DIRCE T=294 (locals); INE Padró T=29005 sumat per CCAA
ccaa,17,Rioja (La),2011,479,Comerç no en establiment (internet),83,322955,0.257,-2.35,False,,INE DIRCE T=294 (locals); INE Padró T=29005 sumat per CCAA
ccaa,17,Rioja (La),2012,479,Comerç no en establiment (internet),95,323609,0.294,14.46,False,,INE DIRCE T=294 (locals); INE Padró T=29005 sumat per CCAA
ccaa,17,Rioja (La),2013,479,Comerç no en establiment (internet),104,322027,0.323,9.47,False,,INE DIRCE T=294 (locals); INE Padró T=29005 sumat per CCAA
ccaa,17,Rioja (La),2014,479,Comerç no en establiment (internet),100,319002,0.313,-3.85,False,,INE DIRCE T=294 (locals); INE Padró T=29005 sumat per CCAA
ccaa,17,Rioja (La),2015,479,Comerç no en establiment (internet),111,317053,0.35,11.0,False,,INE DIRCE T=294 (locals); INE Padró T=29005 sumat per CCAA
ccaa,17,Rioja (La),2016,479,Comerç no en establiment (internet),118,315794,0.374,6.31,False,,INE DIRCE T=294 (locals); INE Padró T=29005 sumat per CCAA
ccaa,17,Rioja (La),2017,479,Comerç no en establiment (internet),119,315381,0.377,0.85,False,,INE DIRCE T=294 (locals); INE Padró T=29005 sumat per CCAA
ccaa,17,Rioja (La),2018,479,Comerç no en establiment (internet),132,315675,0.418,10.92,False,,INE DIRCE T=294 (locals); INE Padró T=29005 sumat per CCAA
ccaa,17,Rioja (La),2019,479,Comerç no en establiment (internet),115,316798,0.363,-12.88,False,,INE DIRCE T=294 (locals); INE Padró T=29005 sumat per CCAA
ccaa,17,Rioja (La),2020,479,Comerç no en establiment (internet),125,319914,0.391,8.7,False,,INE DIRCE T=294 (locals); INE Padró T=29005 sumat per CCAA
ccaa,17,Rioja (La),2021,479,Comerç no en establiment (internet),135,319796,0.422,8.0,False,,INE DIRCE T=294 (locals); INE Padró T=29005 sumat per CCAA
ccaa,17,Rioja (La),2022,479,Comerç no en establiment (internet),115,319892,0.359,-14.81,False,,INE DIRCE T=294 (locals); INE Padró T=29005 sumat per CCAA
ccaa,17,Rioja (La),2023,479,Comerç no en establiment (internet),115,322490,0.357,0.0,True,La variació 2022→2023 travessa el trencament de sèrie DIRCE de 2023: no comparable.,INE DIRCE T=294 (locals); INE Padró T=29005 sumat per CCAA
ccaa,17,Rioja (La),2024,479,Comerç no en establiment (internet),113,324399,0.348,-1.74,False,,INE DIRCE T=294 (locals); INE Padró T=29005 sumat per CCAA
ccaa,17,Rioja (La),2025,479,Comerç no en establiment (internet),126,327286,0.385,11.5,False,,INE DIRCE T=294 (locals); INE Padró T=29005 sumat per CCAA
ccaa,18,Ceuta,2010,47,Comerç al detall (total CNAE 47),1162,80579,14.421,,False,,INE DIRCE T=294 (locals); INE Padró T=29005 sumat per CCAA
ccaa,18,Ceuta,2011,47,Comerç al detall (total CNAE 47),1151,82376,13.973,-0.95,False,,INE DIRCE T=294 (locals); INE Padró T=29005 sumat per CCAA
ccaa,18,Ceuta,2012,47,Comerç al detall (total CNAE 47),1159,84018,13.795,0.7,False,,INE DIRCE T=294 (locals); INE Padró T=29005 sumat per CCAA
ccaa,18,Ceuta,2013,47,Comerç al detall (total CNAE 47),1170,84180,13.899,0.95,False,,INE DIRCE T=294 (locals); INE Padró T=29005 sumat per CCAA
ccaa,18,Ceuta,2014,47,Comerç al detall (total CNAE 47),1163,84963,13.688,-0.6,False,,INE DIRCE T=294 (locals); INE Padró T=29005 sumat per CCAA
ccaa,18,Ceuta,2015,47,Comerç al detall (total CNAE 47),1199,84263,14.229,3.1,False,,INE DIRCE T=294 (locals); INE Padró T=29005 sumat per CCAA
ccaa,18,Ceuta,2016,47,Comerç al detall (total CNAE 47),1174,84519,13.89,-2.09,False,,INE DIRCE T=294 (locals); INE Padró T=29005 sumat per CCAA
ccaa,18,Ceuta,2017,47,Comerç al detall (total CNAE 47),1191,84959,14.019,1.45,False,,INE DIRCE T=294 (locals); INE Padró T=29005 sumat per CCAA
ccaa,18,Ceuta,2018,47,Comerç al detall (total CNAE 47),1191,85144,13.988,0.0,False,,INE DIRCE T=294 (locals); INE Padró T=29005 sumat per CCAA
ccaa,18,Ceuta,2019,47,Comerç al detall (total CNAE 47),1146,84777,13.518,-3.78,False,,INE DIRCE T=294 (locals); INE Padró T=29005 sumat per CCAA
ccaa,18,Ceuta,2020,47,Comerç al detall (total CNAE 47),1145,84202,13.598,-0.09,False,,INE DIRCE T=294 (locals); INE Padró T=29005 sumat per CCAA
ccaa,18,Ceuta,2021,47,Comerç al detall (total CNAE 47),1094,83517,13.099,-4.45,False,,INE DIRCE T=294 (locals); INE Padró T=29005 sumat per CCAA
ccaa,18,Ceuta,2022,47,Comerç al detall (total CNAE 47),1089,83117,13.102,-0.46,False,,INE DIRCE T=294 (locals); INE Padró T=29005 sumat per CCAA
ccaa,18,Ceuta,2023,47,Comerç al detall (total CNAE 47),977,83039,11.766,-10.28,True,La variació 2022→2023 travessa el trencament de sèrie DIRCE de 2023: no comparable.,INE DIRCE T=294 (locals); INE Padró T=29005 sumat per CCAA
ccaa,18,Ceuta,2024,47,Comerç al detall (total CNAE 47),945,83229,11.354,-3.28,False,,INE DIRCE T=294 (locals); INE Padró T=29005 sumat per CCAA
ccaa,18,Ceuta,2025,47,Comerç al detall (total CNAE 47),902,83595,10.79,-4.55,False,,INE DIRCE T=294 (locals); INE Padró T=29005 sumat per CCAA
ccaa,18,Ceuta,2010,471,Establiments no especialitzats (súper i hiper),231,80579,2.867,,False,,INE DIRCE T=294 (locals); INE Padró T=29005 sumat per CCAA
ccaa,18,Ceuta,2011,471,Establiments no especialitzats (súper i hiper),133,82376,1.615,-42.42,False,,INE DIRCE T=294 (locals); INE Padró T=29005 sumat per CCAA
ccaa,18,Ceuta,2012,471,Establiments no especialitzats (súper i hiper),145,84018,1.726,9.02,False,,INE DIRCE T=294 (locals); INE Padró T=29005 sumat per CCAA
ccaa,18,Ceuta,2013,471,Establiments no especialitzats (súper i hiper),145,84180,1.722,0.0,False,,INE DIRCE T=294 (locals); INE Padró T=29005 sumat per CCAA
ccaa,18,Ceuta,2014,471,Establiments no especialitzats (súper i hiper),152,84963,1.789,4.83,False,,INE DIRCE T=294 (locals); INE Padró T=29005 sumat per CCAA
ccaa,18,Ceuta,2015,471,Establiments no especialitzats (súper i hiper),164,84263,1.946,7.89,False,,INE DIRCE T=294 (locals); INE Padró T=29005 sumat per CCAA
ccaa,18,Ceuta,2016,471,Establiments no especialitzats (súper i hiper),176,84519,2.082,7.32,False,,INE DIRCE T=294 (locals); INE Padró T=29005 sumat per CCAA
ccaa,18,Ceuta,2017,471,Establiments no especialitzats (súper i hiper),177,84959,2.083,0.57,False,,INE DIRCE T=294 (locals); INE Padró T=29005 sumat per CCAA
ccaa,18,Ceuta,2018,471,Establiments no especialitzats (súper i hiper),175,85144,2.055,-1.13,False,,INE DIRCE T=294 (locals); INE Padró T=29005 sumat per CCAA
ccaa,18,Ceuta,2019,471,Establiments no especialitzats (súper i hiper),196,84777,2.312,12.0,False,,INE DIRCE T=294 (locals); INE Padró T=29005 sumat per CCAA
ccaa,18,Ceuta,2020,471,Establiments no especialitzats (súper i hiper),192,84202,2.28,-2.04,False,,INE DIRCE T=294 (locals); INE Padró T=29005 sumat per CCAA
ccaa,18,Ceuta,2021,471,Establiments no especialitzats (súper i hiper),186,83517,2.227,-3.12,False,,INE DIRCE T=294 (locals); INE Padró T=29005 sumat per CCAA
ccaa,18,Ceuta,2022,471,Establiments no especialitzats (súper i hiper),160,83117,1.925,-13.98,False,,INE DIRCE T=294 (locals); INE Padró T=29005 sumat per CCAA
ccaa,18,Ceuta,2023,471,Establiments no especialitzats (súper i hiper),135,83039,1.626,-15.62,True,La variació 2022→2023 travessa el trencament de sèrie DIRCE de 2023: no comparable.,INE DIRCE T=294 (locals); INE Padró T=29005 sumat per CCAA
ccaa,18,Ceuta,2024,471,Establiments no especialitzats (súper i hiper),128,83229,1.538,-5.19,False,,INE DIRCE T=294 (locals); INE Padró T=29005 sumat per CCAA
ccaa,18,Ceuta,2025,471,Establiments no especialitzats (súper i hiper),136,83595,1.627,6.25,False,,INE DIRCE T=294 (locals); INE Padró T=29005 sumat per CCAA
ccaa,18,Ceuta,2010,472,"Aliments, begudes i tabac (especialitzat)",226,80579,2.805,,False,,INE DIRCE T=294 (locals); INE Padró T=29005 sumat per CCAA
ccaa,18,Ceuta,2011,472,"Aliments, begudes i tabac (especialitzat)",270,82376,3.278,19.47,False,,INE DIRCE T=294 (locals); INE Padró T=29005 sumat per CCAA
ccaa,18,Ceuta,2012,472,"Aliments, begudes i tabac (especialitzat)",269,84018,3.202,-0.37,False,,INE DIRCE T=294 (locals); INE Padró T=29005 sumat per CCAA
ccaa,18,Ceuta,2013,472,"Aliments, begudes i tabac (especialitzat)",264,84180,3.136,-1.86,False,,INE DIRCE T=294 (locals); INE Padró T=29005 sumat per CCAA
ccaa,18,Ceuta,2014,472,"Aliments, begudes i tabac (especialitzat)",249,84963,2.931,-5.68,False,,INE DIRCE T=294 (locals); INE Padró T=29005 sumat per CCAA
ccaa,18,Ceuta,2015,472,"Aliments, begudes i tabac (especialitzat)",245,84263,2.908,-1.61,False,,INE DIRCE T=294 (locals); INE Padró T=29005 sumat per CCAA
ccaa,18,Ceuta,2016,472,"Aliments, begudes i tabac (especialitzat)",229,84519,2.709,-6.53,False,,INE DIRCE T=294 (locals); INE Padró T=29005 sumat per CCAA
ccaa,18,Ceuta,2017,472,"Aliments, begudes i tabac (especialitzat)",240,84959,2.825,4.8,False,,INE DIRCE T=294 (locals); INE Padró T=29005 sumat per CCAA
ccaa,18,Ceuta,2018,472,"Aliments, begudes i tabac (especialitzat)",238,85144,2.795,-0.83,False,,INE DIRCE T=294 (locals); INE Padró T=29005 sumat per CCAA
ccaa,18,Ceuta,2019,472,"Aliments, begudes i tabac (especialitzat)",233,84777,2.748,-2.1,False,,INE DIRCE T=294 (locals); INE Padró T=29005 sumat per CCAA
ccaa,18,Ceuta,2020,472,"Aliments, begudes i tabac (especialitzat)",226,84202,2.684,-3.0,False,,INE DIRCE T=294 (locals); INE Padró T=29005 sumat per CCAA
ccaa,18,Ceuta,2021,472,"Aliments, begudes i tabac (especialitzat)",223,83517,2.67,-1.33,False,,INE DIRCE T=294 (locals); INE Padró T=29005 sumat per CCAA
ccaa,18,Ceuta,2022,472,"Aliments, begudes i tabac (especialitzat)",233,83117,2.803,4.48,False,,INE DIRCE T=294 (locals); INE Padró T=29005 sumat per CCAA
ccaa,18,Ceuta,2023,472,"Aliments, begudes i tabac (especialitzat)",220,83039,2.649,-5.58,True,La variació 2022→2023 travessa el trencament de sèrie DIRCE de 2023: no comparable.,INE DIRCE T=294 (locals); INE Padró T=29005 sumat per CCAA
ccaa,18,Ceuta,2024,472,"Aliments, begudes i tabac (especialitzat)",199,83229,2.391,-9.55,False,,INE DIRCE T=294 (locals); INE Padró T=29005 sumat per CCAA
ccaa,18,Ceuta,2025,472,"Aliments, begudes i tabac (especialitzat)",187,83595,2.237,-6.03,False,,INE DIRCE T=294 (locals); INE Padró T=29005 sumat per CCAA
ccaa,18,Ceuta,2010,473,Combustible (gasolineres),9,80579,0.112,,False,,INE DIRCE T=294 (locals); INE Padró T=29005 sumat per CCAA
ccaa,18,Ceuta,2011,473,Combustible (gasolineres),8,82376,0.097,-11.11,False,,INE DIRCE T=294 (locals); INE Padró T=29005 sumat per CCAA
ccaa,18,Ceuta,2012,473,Combustible (gasolineres),9,84018,0.107,12.5,False,,INE DIRCE T=294 (locals); INE Padró T=29005 sumat per CCAA
ccaa,18,Ceuta,2013,473,Combustible (gasolineres),8,84180,0.095,-11.11,False,,INE DIRCE T=294 (locals); INE Padró T=29005 sumat per CCAA
ccaa,18,Ceuta,2014,473,Combustible (gasolineres),8,84963,0.094,0.0,False,,INE DIRCE T=294 (locals); INE Padró T=29005 sumat per CCAA
ccaa,18,Ceuta,2015,473,Combustible (gasolineres),7,84263,0.083,-12.5,False,,INE DIRCE T=294 (locals); INE Padró T=29005 sumat per CCAA
ccaa,18,Ceuta,2016,473,Combustible (gasolineres),5,84519,0.059,-28.57,False,,INE DIRCE T=294 (locals); INE Padró T=29005 sumat per CCAA
ccaa,18,Ceuta,2017,473,Combustible (gasolineres),5,84959,0.059,0.0,False,,INE DIRCE T=294 (locals); INE Padró T=29005 sumat per CCAA
ccaa,18,Ceuta,2018,473,Combustible (gasolineres),5,85144,0.059,0.0,False,,INE DIRCE T=294 (locals); INE Padró T=29005 sumat per CCAA
ccaa,18,Ceuta,2019,473,Combustible (gasolineres),6,84777,0.071,20.0,False,,INE DIRCE T=294 (locals); INE Padró T=29005 sumat per CCAA
ccaa,18,Ceuta,2020,473,Combustible (gasolineres),6,84202,0.071,0.0,False,,INE DIRCE T=294 (locals); INE Padró T=29005 sumat per CCAA
ccaa,18,Ceuta,2021,473,Combustible (gasolineres),5,83517,0.06,-16.67,False,,INE DIRCE T=294 (locals); INE Padró T=29005 sumat per CCAA
ccaa,18,Ceuta,2022,473,Combustible (gasolineres),5,83117,0.06,0.0,False,,INE DIRCE T=294 (locals); INE Padró T=29005 sumat per CCAA
ccaa,18,Ceuta,2023,473,Combustible (gasolineres),4,83039,0.048,-20.0,True,La variació 2022→2023 travessa el trencament de sèrie DIRCE de 2023: no comparable.,INE DIRCE T=294 (locals); INE Padró T=29005 sumat per CCAA
ccaa,18,Ceuta,2024,473,Combustible (gasolineres),5,83229,0.06,25.0,False,,INE DIRCE T=294 (locals); INE Padró T=29005 sumat per CCAA
ccaa,18,Ceuta,2025,473,Combustible (gasolineres),6,83595,0.072,20.0,False,,INE DIRCE T=294 (locals); INE Padró T=29005 sumat per CCAA
ccaa,18,Ceuta,2010,474,Equips TIC,74,80579,0.918,,False,,INE DIRCE T=294 (locals); INE Padró T=29005 sumat per CCAA
ccaa,18,Ceuta,2011,474,Equips TIC,79,82376,0.959,6.76,False,,INE DIRCE T=294 (locals); INE Padró T=29005 sumat per CCAA
ccaa,18,Ceuta,2012,474,Equips TIC,68,84018,0.809,-13.92,False,,INE DIRCE T=294 (locals); INE Padró T=29005 sumat per CCAA
ccaa,18,Ceuta,2013,474,Equips TIC,51,84180,0.606,-25.0,False,,INE DIRCE T=294 (locals); INE Padró T=29005 sumat per CCAA
ccaa,18,Ceuta,2014,474,Equips TIC,51,84963,0.6,0.0,False,,INE DIRCE T=294 (locals); INE Padró T=29005 sumat per CCAA
ccaa,18,Ceuta,2015,474,Equips TIC,45,84263,0.534,-11.76,False,,INE DIRCE T=294 (locals); INE Padró T=29005 sumat per CCAA
ccaa,18,Ceuta,2016,474,Equips TIC,41,84519,0.485,-8.89,False,,INE DIRCE T=294 (locals); INE Padró T=29005 sumat per CCAA
ccaa,18,Ceuta,2017,474,Equips TIC,36,84959,0.424,-12.2,False,,INE DIRCE T=294 (locals); INE Padró T=29005 sumat per CCAA
ccaa,18,Ceuta,2018,474,Equips TIC,31,85144,0.364,-13.89,False,,INE DIRCE T=294 (locals); INE Padró T=29005 sumat per CCAA
ccaa,18,Ceuta,2019,474,Equips TIC,36,84777,0.425,16.13,False,,INE DIRCE T=294 (locals); INE Padró T=29005 sumat per CCAA
ccaa,18,Ceuta,2020,474,Equips TIC,31,84202,0.368,-13.89,False,,INE DIRCE T=294 (locals); INE Padró T=29005 sumat per CCAA
ccaa,18,Ceuta,2021,474,Equips TIC,32,83517,0.383,3.23,False,,INE DIRCE T=294 (locals); INE Padró T=29005 sumat per CCAA
ccaa,18,Ceuta,2022,474,Equips TIC,36,83117,0.433,12.5,False,,INE DIRCE T=294 (locals); INE Padró T=29005 sumat per CCAA
ccaa,18,Ceuta,2023,474,Equips TIC,29,83039,0.349,-19.44,True,La variació 2022→2023 travessa el trencament de sèrie DIRCE de 2023: no comparable.,INE DIRCE T=294 (locals); INE Padró T=29005 sumat per CCAA
ccaa,18,Ceuta,2024,474,Equips TIC,29,83229,0.348,0.0,False,,INE DIRCE T=294 (locals); INE Padró T=29005 sumat per CCAA
ccaa,18,Ceuta,2025,474,Equips TIC,26,83595,0.311,-10.34,False,,INE DIRCE T=294 (locals); INE Padró T=29005 sumat per CCAA
ccaa,18,Ceuta,2010,475,Equipament de la llar,184,80579,2.283,,False,,INE DIRCE T=294 (locals); INE Padró T=29005 sumat per CCAA
ccaa,18,Ceuta,2011,475,Equipament de la llar,207,82376,2.513,12.5,False,,INE DIRCE T=294 (locals); INE Padró T=29005 sumat per CCAA
ccaa,18,Ceuta,2012,475,Equipament de la llar,218,84018,2.595,5.31,False,,INE DIRCE T=294 (locals); INE Padró T=29005 sumat per CCAA
ccaa,18,Ceuta,2013,475,Equipament de la llar,239,84180,2.839,9.63,False,,INE DIRCE T=294 (locals); INE Padró T=29005 sumat per CCAA
ccaa,18,Ceuta,2014,475,Equipament de la llar,238,84963,2.801,-0.42,False,,INE DIRCE T=294 (locals); INE Padró T=29005 sumat per CCAA
ccaa,18,Ceuta,2015,475,Equipament de la llar,236,84263,2.801,-0.84,False,,INE DIRCE T=294 (locals); INE Padró T=29005 sumat per CCAA
ccaa,18,Ceuta,2016,475,Equipament de la llar,231,84519,2.733,-2.12,False,,INE DIRCE T=294 (locals); INE Padró T=29005 sumat per CCAA
ccaa,18,Ceuta,2017,475,Equipament de la llar,220,84959,2.589,-4.76,False,,INE DIRCE T=294 (locals); INE Padró T=29005 sumat per CCAA
ccaa,18,Ceuta,2018,475,Equipament de la llar,213,85144,2.502,-3.18,False,,INE DIRCE T=294 (locals); INE Padró T=29005 sumat per CCAA
ccaa,18,Ceuta,2019,475,Equipament de la llar,185,84777,2.182,-13.15,False,,INE DIRCE T=294 (locals); INE Padró T=29005 sumat per CCAA
ccaa,18,Ceuta,2020,475,Equipament de la llar,185,84202,2.197,0.0,False,,INE DIRCE T=294 (locals); INE Padró T=29005 sumat per CCAA
ccaa,18,Ceuta,2021,475,Equipament de la llar,176,83517,2.107,-4.86,False,,INE DIRCE T=294 (locals); INE Padró T=29005 sumat per CCAA
ccaa,18,Ceuta,2022,475,Equipament de la llar,177,83117,2.13,0.57,False,,INE DIRCE T=294 (locals); INE Padró T=29005 sumat per CCAA
ccaa,18,Ceuta,2023,475,Equipament de la llar,172,83039,2.071,-2.82,True,La variació 2022→2023 travessa el trencament de sèrie DIRCE de 2023: no comparable.,INE DIRCE T=294 (locals); INE Padró T=29005 sumat per CCAA
ccaa,18,Ceuta,2024,475,Equipament de la llar,166,83229,1.994,-3.49,False,,INE DIRCE T=294 (locals); INE Padró T=29005 sumat per CCAA
ccaa,18,Ceuta,2025,475,Equipament de la llar,156,83595,1.866,-6.02,False,,INE DIRCE T=294 (locals); INE Padró T=29005 sumat per CCAA
ccaa,18,Ceuta,2010,476,Articles culturals i recreatius,63,80579,0.782,,False,,INE DIRCE T=294 (locals); INE Padró T=29005 sumat per CCAA
ccaa,18,Ceuta,2011,476,Articles culturals i recreatius,59,82376,0.716,-6.35,False,,INE DIRCE T=294 (locals); INE Padró T=29005 sumat per CCAA
ccaa,18,Ceuta,2012,476,Articles culturals i recreatius,59,84018,0.702,0.0,False,,INE DIRCE T=294 (locals); INE Padró T=29005 sumat per CCAA
ccaa,18,Ceuta,2013,476,Articles culturals i recreatius,57,84180,0.677,-3.39,False,,INE DIRCE T=294 (locals); INE Padró T=29005 sumat per CCAA
ccaa,18,Ceuta,2014,476,Articles culturals i recreatius,57,84963,0.671,0.0,False,,INE DIRCE T=294 (locals); INE Padró T=29005 sumat per CCAA
ccaa,18,Ceuta,2015,476,Articles culturals i recreatius,61,84263,0.724,7.02,False,,INE DIRCE T=294 (locals); INE Padró T=29005 sumat per CCAA
ccaa,18,Ceuta,2016,476,Articles culturals i recreatius,62,84519,0.734,1.64,False,,INE DIRCE T=294 (locals); INE Padró T=29005 sumat per CCAA
ccaa,18,Ceuta,2017,476,Articles culturals i recreatius,79,84959,0.93,27.42,False,,INE DIRCE T=294 (locals); INE Padró T=29005 sumat per CCAA
ccaa,18,Ceuta,2018,476,Articles culturals i recreatius,81,85144,0.951,2.53,False,,INE DIRCE T=294 (locals); INE Padró T=29005 sumat per CCAA
ccaa,18,Ceuta,2019,476,Articles culturals i recreatius,56,84777,0.661,-30.86,False,,INE DIRCE T=294 (locals); INE Padró T=29005 sumat per CCAA
ccaa,18,Ceuta,2020,476,Articles culturals i recreatius,60,84202,0.713,7.14,False,,INE DIRCE T=294 (locals); INE Padró T=29005 sumat per CCAA
ccaa,18,Ceuta,2021,476,Articles culturals i recreatius,55,83517,0.659,-8.33,False,,INE DIRCE T=294 (locals); INE Padró T=29005 sumat per CCAA
ccaa,18,Ceuta,2022,476,Articles culturals i recreatius,59,83117,0.71,7.27,False,,INE DIRCE T=294 (locals); INE Padró T=29005 sumat per CCAA
ccaa,18,Ceuta,2023,476,Articles culturals i recreatius,59,83039,0.711,0.0,True,La variació 2022→2023 travessa el trencament de sèrie DIRCE de 2023: no comparable.,INE DIRCE T=294 (locals); INE Padró T=29005 sumat per CCAA
ccaa,18,Ceuta,2024,476,Articles culturals i recreatius,63,83229,0.757,6.78,False,,INE DIRCE T=294 (locals); INE Padró T=29005 sumat per CCAA
ccaa,18,Ceuta,2025,476,Articles culturals i recreatius,56,83595,0.67,-11.11,False,,INE DIRCE T=294 (locals); INE Padró T=29005 sumat per CCAA
ccaa,18,Ceuta,2010,477,"Altres articles (moda, calçat, etc.)",354,80579,4.393,,False,,INE DIRCE T=294 (locals); INE Padró T=29005 sumat per CCAA
ccaa,18,Ceuta,2011,477,"Altres articles (moda, calçat, etc.)",372,82376,4.516,5.08,False,,INE DIRCE T=294 (locals); INE Padró T=29005 sumat per CCAA
ccaa,18,Ceuta,2012,477,"Altres articles (moda, calçat, etc.)",369,84018,4.392,-0.81,False,,INE DIRCE T=294 (locals); INE Padró T=29005 sumat per CCAA
ccaa,18,Ceuta,2013,477,"Altres articles (moda, calçat, etc.)",381,84180,4.526,3.25,False,,INE DIRCE T=294 (locals); INE Padró T=29005 sumat per CCAA
ccaa,18,Ceuta,2014,477,"Altres articles (moda, calçat, etc.)",378,84963,4.449,-0.79,False,,INE DIRCE T=294 (locals); INE Padró T=29005 sumat per CCAA
ccaa,18,Ceuta,2015,477,"Altres articles (moda, calçat, etc.)",400,84263,4.747,5.82,False,,INE DIRCE T=294 (locals); INE Padró T=29005 sumat per CCAA
ccaa,18,Ceuta,2016,477,"Altres articles (moda, calçat, etc.)",392,84519,4.638,-2.0,False,,INE DIRCE T=294 (locals); INE Padró T=29005 sumat per CCAA
ccaa,18,Ceuta,2017,477,"Altres articles (moda, calçat, etc.)",386,84959,4.543,-1.53,False,,INE DIRCE T=294 (locals); INE Padró T=29005 sumat per CCAA
ccaa,18,Ceuta,2018,477,"Altres articles (moda, calçat, etc.)",395,85144,4.639,2.33,False,,INE DIRCE T=294 (locals); INE Padró T=29005 sumat per CCAA
ccaa,18,Ceuta,2019,477,"Altres articles (moda, calçat, etc.)",379,84777,4.471,-4.05,False,,INE DIRCE T=294 (locals); INE Padró T=29005 sumat per CCAA
ccaa,18,Ceuta,2020,477,"Altres articles (moda, calçat, etc.)",381,84202,4.525,0.53,False,,INE DIRCE T=294 (locals); INE Padró T=29005 sumat per CCAA
ccaa,18,Ceuta,2021,477,"Altres articles (moda, calçat, etc.)",361,83517,4.322,-5.25,False,,INE DIRCE T=294 (locals); INE Padró T=29005 sumat per CCAA
ccaa,18,Ceuta,2022,477,"Altres articles (moda, calçat, etc.)",365,83117,4.391,1.11,False,,INE DIRCE T=294 (locals); INE Padró T=29005 sumat per CCAA
ccaa,18,Ceuta,2023,477,"Altres articles (moda, calçat, etc.)",321,83039,3.866,-12.05,True,La variació 2022→2023 travessa el trencament de sèrie DIRCE de 2023: no comparable.,INE DIRCE T=294 (locals); INE Padró T=29005 sumat per CCAA
ccaa,18,Ceuta,2024,477,"Altres articles (moda, calçat, etc.)",314,83229,3.773,-2.18,False,,INE DIRCE T=294 (locals); INE Padró T=29005 sumat per CCAA
ccaa,18,Ceuta,2025,477,"Altres articles (moda, calçat, etc.)",297,83595,3.553,-5.41,False,,INE DIRCE T=294 (locals); INE Padró T=29005 sumat per CCAA
ccaa,18,Ceuta,2010,478,Punts de venda i mercadillos,14,80579,0.174,,False,,INE DIRCE T=294 (locals); INE Padró T=29005 sumat per CCAA
ccaa,18,Ceuta,2011,478,Punts de venda i mercadillos,16,82376,0.194,14.29,False,,INE DIRCE T=294 (locals); INE Padró T=29005 sumat per CCAA
ccaa,18,Ceuta,2012,478,Punts de venda i mercadillos,13,84018,0.155,-18.75,False,,INE DIRCE T=294 (locals); INE Padró T=29005 sumat per CCAA
ccaa,18,Ceuta,2013,478,Punts de venda i mercadillos,16,84180,0.19,23.08,False,,INE DIRCE T=294 (locals); INE Padró T=29005 sumat per CCAA
ccaa,18,Ceuta,2014,478,Punts de venda i mercadillos,19,84963,0.224,18.75,False,,INE DIRCE T=294 (locals); INE Padró T=29005 sumat per CCAA
ccaa,18,Ceuta,2015,478,Punts de venda i mercadillos,27,84263,0.32,42.11,False,,INE DIRCE T=294 (locals); INE Padró T=29005 sumat per CCAA
ccaa,18,Ceuta,2016,478,Punts de venda i mercadillos,29,84519,0.343,7.41,False,,INE DIRCE T=294 (locals); INE Padró T=29005 sumat per CCAA
ccaa,18,Ceuta,2017,478,Punts de venda i mercadillos,35,84959,0.412,20.69,False,,INE DIRCE T=294 (locals); INE Padró T=29005 sumat per CCAA
ccaa,18,Ceuta,2018,478,Punts de venda i mercadillos,38,85144,0.446,8.57,False,,INE DIRCE T=294 (locals); INE Padró T=29005 sumat per CCAA
ccaa,18,Ceuta,2019,478,Punts de venda i mercadillos,35,84777,0.413,-7.89,False,,INE DIRCE T=294 (locals); INE Padró T=29005 sumat per CCAA
ccaa,18,Ceuta,2020,478,Punts de venda i mercadillos,42,84202,0.499,20.0,False,,INE DIRCE T=294 (locals); INE Padró T=29005 sumat per CCAA
ccaa,18,Ceuta,2021,478,Punts de venda i mercadillos,30,83517,0.359,-28.57,False,,INE DIRCE T=294 (locals); INE Padró T=29005 sumat per CCAA
ccaa,18,Ceuta,2022,478,Punts de venda i mercadillos,28,83117,0.337,-6.67,False,,INE DIRCE T=294 (locals); INE Padró T=29005 sumat per CCAA
ccaa,18,Ceuta,2023,478,Punts de venda i mercadillos,21,83039,0.253,-25.0,True,La variació 2022→2023 travessa el trencament de sèrie DIRCE de 2023: no comparable.,INE DIRCE T=294 (locals); INE Padró T=29005 sumat per CCAA
ccaa,18,Ceuta,2024,478,Punts de venda i mercadillos,24,83229,0.288,14.29,False,,INE DIRCE T=294 (locals); INE Padró T=29005 sumat per CCAA
ccaa,18,Ceuta,2025,478,Punts de venda i mercadillos,20,83595,0.239,-16.67,False,,INE DIRCE T=294 (locals); INE Padró T=29005 sumat per CCAA
ccaa,18,Ceuta,2010,479,Comerç no en establiment (internet),7,80579,0.087,,False,,INE DIRCE T=294 (locals); INE Padró T=29005 sumat per CCAA
ccaa,18,Ceuta,2011,479,Comerç no en establiment (internet),7,82376,0.085,0.0,False,,INE DIRCE T=294 (locals); INE Padró T=29005 sumat per CCAA
ccaa,18,Ceuta,2012,479,Comerç no en establiment (internet),9,84018,0.107,28.57,False,,INE DIRCE T=294 (locals); INE Padró T=29005 sumat per CCAA
ccaa,18,Ceuta,2013,479,Comerç no en establiment (internet),9,84180,0.107,0.0,False,,INE DIRCE T=294 (locals); INE Padró T=29005 sumat per CCAA
ccaa,18,Ceuta,2014,479,Comerç no en establiment (internet),11,84963,0.129,22.22,False,,INE DIRCE T=294 (locals); INE Padró T=29005 sumat per CCAA
ccaa,18,Ceuta,2015,479,Comerç no en establiment (internet),14,84263,0.166,27.27,False,,INE DIRCE T=294 (locals); INE Padró T=29005 sumat per CCAA
ccaa,18,Ceuta,2016,479,Comerç no en establiment (internet),9,84519,0.106,-35.71,False,,INE DIRCE T=294 (locals); INE Padró T=29005 sumat per CCAA
ccaa,18,Ceuta,2017,479,Comerç no en establiment (internet),13,84959,0.153,44.44,False,,INE DIRCE T=294 (locals); INE Padró T=29005 sumat per CCAA
ccaa,18,Ceuta,2018,479,Comerç no en establiment (internet),15,85144,0.176,15.38,False,,INE DIRCE T=294 (locals); INE Padró T=29005 sumat per CCAA
ccaa,18,Ceuta,2019,479,Comerç no en establiment (internet),20,84777,0.236,33.33,False,,INE DIRCE T=294 (locals); INE Padró T=29005 sumat per CCAA
ccaa,18,Ceuta,2020,479,Comerç no en establiment (internet),22,84202,0.261,10.0,False,,INE DIRCE T=294 (locals); INE Padró T=29005 sumat per CCAA
ccaa,18,Ceuta,2021,479,Comerç no en establiment (internet),26,83517,0.311,18.18,False,,INE DIRCE T=294 (locals); INE Padró T=29005 sumat per CCAA
ccaa,18,Ceuta,2022,479,Comerç no en establiment (internet),26,83117,0.313,0.0,False,,INE DIRCE T=294 (locals); INE Padró T=29005 sumat per CCAA
ccaa,18,Ceuta,2023,479,Comerç no en establiment (internet),16,83039,0.193,-38.46,True,La variació 2022→2023 travessa el trencament de sèrie DIRCE de 2023: no comparable.,INE DIRCE T=294 (locals); INE Padró T=29005 sumat per CCAA
ccaa,18,Ceuta,2024,479,Comerç no en establiment (internet),17,83229,0.204,6.25,False,,INE DIRCE T=294 (locals); INE Padró T=29005 sumat per CCAA
ccaa,18,Ceuta,2025,479,Comerç no en establiment (internet),18,83595,0.215,5.88,False,,INE DIRCE T=294 (locals); INE Padró T=29005 sumat per CCAA
ccaa,19,Melilla,2010,47,Comerç al detall (total CNAE 47),1371,76034,18.031,,False,,INE DIRCE T=294 (locals); INE Padró T=29005 sumat per CCAA
ccaa,19,Melilla,2011,47,Comerç al detall (total CNAE 47),1362,78476,17.356,-0.66,False,,INE DIRCE T=294 (locals); INE Padró T=29005 sumat per CCAA
ccaa,19,Melilla,2012,47,Comerç al detall (total CNAE 47),1420,80802,17.574,4.26,False,,INE DIRCE T=294 (locals); INE Padró T=29005 sumat per CCAA
ccaa,19,Melilla,2013,47,Comerç al detall (total CNAE 47),1430,83679,17.089,0.7,False,,INE DIRCE T=294 (locals); INE Padró T=29005 sumat per CCAA
ccaa,19,Melilla,2014,47,Comerç al detall (total CNAE 47),1380,84509,16.33,-3.5,False,,INE DIRCE T=294 (locals); INE Padró T=29005 sumat per CCAA
ccaa,19,Melilla,2015,47,Comerç al detall (total CNAE 47),1565,85584,18.286,13.41,False,,INE DIRCE T=294 (locals); INE Padró T=29005 sumat per CCAA
ccaa,19,Melilla,2016,47,Comerç al detall (total CNAE 47),1662,86026,19.32,6.2,False,,INE DIRCE T=294 (locals); INE Padró T=29005 sumat per CCAA
ccaa,19,Melilla,2017,47,Comerç al detall (total CNAE 47),1709,86120,19.844,2.83,False,,INE DIRCE T=294 (locals); INE Padró T=29005 sumat per CCAA
ccaa,19,Melilla,2018,47,Comerç al detall (total CNAE 47),1681,86384,19.46,-1.64,False,,INE DIRCE T=294 (locals); INE Padró T=29005 sumat per CCAA
ccaa,19,Melilla,2019,47,Comerç al detall (total CNAE 47),1618,86487,18.708,-3.75,False,,INE DIRCE T=294 (locals); INE Padró T=29005 sumat per CCAA
ccaa,19,Melilla,2020,47,Comerç al detall (total CNAE 47),1639,87076,18.823,1.3,False,,INE DIRCE T=294 (locals); INE Padró T=29005 sumat per CCAA
ccaa,19,Melilla,2021,47,Comerç al detall (total CNAE 47),1569,86261,18.189,-4.27,False,,INE DIRCE T=294 (locals); INE Padró T=29005 sumat per CCAA
ccaa,19,Melilla,2022,47,Comerç al detall (total CNAE 47),1505,85170,17.671,-4.08,False,,INE DIRCE T=294 (locals); INE Padró T=29005 sumat per CCAA
ccaa,19,Melilla,2023,47,Comerç al detall (total CNAE 47),1353,85491,15.826,-10.1,True,La variació 2022→2023 travessa el trencament de sèrie DIRCE de 2023: no comparable.,INE DIRCE T=294 (locals); INE Padró T=29005 sumat per CCAA
ccaa,19,Melilla,2024,47,Comerç al detall (total CNAE 47),1304,85811,15.196,-3.62,False,,INE DIRCE T=294 (locals); INE Padró T=29005 sumat per CCAA
ccaa,19,Melilla,2025,47,Comerç al detall (total CNAE 47),1267,86780,14.6,-2.84,False,,INE DIRCE T=294 (locals); INE Padró T=29005 sumat per CCAA
ccaa,19,Melilla,2010,471,Establiments no especialitzats (súper i hiper),289,76034,3.801,,False,,INE DIRCE T=294 (locals); INE Padró T=29005 sumat per CCAA
ccaa,19,Melilla,2011,471,Establiments no especialitzats (súper i hiper),173,78476,2.204,-40.14,False,,INE DIRCE T=294 (locals); INE Padró T=29005 sumat per CCAA
ccaa,19,Melilla,2012,471,Establiments no especialitzats (súper i hiper),176,80802,2.178,1.73,False,,INE DIRCE T=294 (locals); INE Padró T=29005 sumat per CCAA
ccaa,19,Melilla,2013,471,Establiments no especialitzats (súper i hiper),180,83679,2.151,2.27,False,,INE DIRCE T=294 (locals); INE Padró T=29005 sumat per CCAA
ccaa,19,Melilla,2014,471,Establiments no especialitzats (súper i hiper),171,84509,2.023,-5.0,False,,INE DIRCE T=294 (locals); INE Padró T=29005 sumat per CCAA
ccaa,19,Melilla,2015,471,Establiments no especialitzats (súper i hiper),175,85584,2.045,2.34,False,,INE DIRCE T=294 (locals); INE Padró T=29005 sumat per CCAA
ccaa,19,Melilla,2016,471,Establiments no especialitzats (súper i hiper),194,86026,2.255,10.86,False,,INE DIRCE T=294 (locals); INE Padró T=29005 sumat per CCAA
ccaa,19,Melilla,2017,471,Establiments no especialitzats (súper i hiper),186,86120,2.16,-4.12,False,,INE DIRCE T=294 (locals); INE Padró T=29005 sumat per CCAA
ccaa,19,Melilla,2018,471,Establiments no especialitzats (súper i hiper),187,86384,2.165,0.54,False,,INE DIRCE T=294 (locals); INE Padró T=29005 sumat per CCAA
ccaa,19,Melilla,2019,471,Establiments no especialitzats (súper i hiper),174,86487,2.012,-6.95,False,,INE DIRCE T=294 (locals); INE Padró T=29005 sumat per CCAA
ccaa,19,Melilla,2020,471,Establiments no especialitzats (súper i hiper),163,87076,1.872,-6.32,False,,INE DIRCE T=294 (locals); INE Padró T=29005 sumat per CCAA
ccaa,19,Melilla,2021,471,Establiments no especialitzats (súper i hiper),171,86261,1.982,4.91,False,,INE DIRCE T=294 (locals); INE Padró T=29005 sumat per CCAA
ccaa,19,Melilla,2022,471,Establiments no especialitzats (súper i hiper),169,85170,1.984,-1.17,False,,INE DIRCE T=294 (locals); INE Padró T=29005 sumat per CCAA
ccaa,19,Melilla,2023,471,Establiments no especialitzats (súper i hiper),159,85491,1.86,-5.92,True,La variació 2022→2023 travessa el trencament de sèrie DIRCE de 2023: no comparable.,INE DIRCE T=294 (locals); INE Padró T=29005 sumat per CCAA
ccaa,19,Melilla,2024,471,Establiments no especialitzats (súper i hiper),163,85811,1.9,2.52,False,,INE DIRCE T=294 (locals); INE Padró T=29005 sumat per CCAA
ccaa,19,Melilla,2025,471,Establiments no especialitzats (súper i hiper),149,86780,1.717,-8.59,False,,INE DIRCE T=294 (locals); INE Padró T=29005 sumat per CCAA
ccaa,19,Melilla,2010,472,"Aliments, begudes i tabac (especialitzat)",259,76034,3.406,,False,,INE DIRCE T=294 (locals); INE Padró T=29005 sumat per CCAA
ccaa,19,Melilla,2011,472,"Aliments, begudes i tabac (especialitzat)",312,78476,3.976,20.46,False,,INE DIRCE T=294 (locals); INE Padró T=29005 sumat per CCAA
ccaa,19,Melilla,2012,472,"Aliments, begudes i tabac (especialitzat)",318,80802,3.936,1.92,False,,INE DIRCE T=294 (locals); INE Padró T=29005 sumat per CCAA
ccaa,19,Melilla,2013,472,"Aliments, begudes i tabac (especialitzat)",320,83679,3.824,0.63,False,,INE DIRCE T=294 (locals); INE Padró T=29005 sumat per CCAA
ccaa,19,Melilla,2014,472,"Aliments, begudes i tabac (especialitzat)",299,84509,3.538,-6.56,False,,INE DIRCE T=294 (locals); INE Padró T=29005 sumat per CCAA
ccaa,19,Melilla,2015,472,"Aliments, begudes i tabac (especialitzat)",298,85584,3.482,-0.33,False,,INE DIRCE T=294 (locals); INE Padró T=29005 sumat per CCAA
ccaa,19,Melilla,2016,472,"Aliments, begudes i tabac (especialitzat)",292,86026,3.394,-2.01,False,,INE DIRCE T=294 (locals); INE Padró T=29005 sumat per CCAA
ccaa,19,Melilla,2017,472,"Aliments, begudes i tabac (especialitzat)",292,86120,3.391,0.0,False,,INE DIRCE T=294 (locals); INE Padró T=29005 sumat per CCAA
ccaa,19,Melilla,2018,472,"Aliments, begudes i tabac (especialitzat)",301,86384,3.484,3.08,False,,INE DIRCE T=294 (locals); INE Padró T=29005 sumat per CCAA
ccaa,19,Melilla,2019,472,"Aliments, begudes i tabac (especialitzat)",287,86487,3.318,-4.65,False,,INE DIRCE T=294 (locals); INE Padró T=29005 sumat per CCAA
ccaa,19,Melilla,2020,472,"Aliments, begudes i tabac (especialitzat)",294,87076,3.376,2.44,False,,INE DIRCE T=294 (locals); INE Padró T=29005 sumat per CCAA
ccaa,19,Melilla,2021,472,"Aliments, begudes i tabac (especialitzat)",285,86261,3.304,-3.06,False,,INE DIRCE T=294 (locals); INE Padró T=29005 sumat per CCAA
ccaa,19,Melilla,2022,472,"Aliments, begudes i tabac (especialitzat)",281,85170,3.299,-1.4,False,,INE DIRCE T=294 (locals); INE Padró T=29005 sumat per CCAA
ccaa,19,Melilla,2023,472,"Aliments, begudes i tabac (especialitzat)",250,85491,2.924,-11.03,True,La variació 2022→2023 travessa el trencament de sèrie DIRCE de 2023: no comparable.,INE DIRCE T=294 (locals); INE Padró T=29005 sumat per CCAA
ccaa,19,Melilla,2024,472,"Aliments, begudes i tabac (especialitzat)",228,85811,2.657,-8.8,False,,INE DIRCE T=294 (locals); INE Padró T=29005 sumat per CCAA
ccaa,19,Melilla,2025,472,"Aliments, begudes i tabac (especialitzat)",210,86780,2.42,-7.89,False,,INE DIRCE T=294 (locals); INE Padró T=29005 sumat per CCAA
ccaa,19,Melilla,2010,473,Combustible (gasolineres),9,76034,0.118,,False,,INE DIRCE T=294 (locals); INE Padró T=29005 sumat per CCAA
ccaa,19,Melilla,2011,473,Combustible (gasolineres),9,78476,0.115,0.0,False,,INE DIRCE T=294 (locals); INE Padró T=29005 sumat per CCAA
ccaa,19,Melilla,2012,473,Combustible (gasolineres),8,80802,0.099,-11.11,False,,INE DIRCE T=294 (locals); INE Padró T=29005 sumat per CCAA
ccaa,19,Melilla,2013,473,Combustible (gasolineres),9,83679,0.108,12.5,False,,INE DIRCE T=294 (locals); INE Padró T=29005 sumat per CCAA
ccaa,19,Melilla,2014,473,Combustible (gasolineres),10,84509,0.118,11.11,False,,INE DIRCE T=294 (locals); INE Padró T=29005 sumat per CCAA
ccaa,19,Melilla,2015,473,Combustible (gasolineres),8,85584,0.093,-20.0,False,,INE DIRCE T=294 (locals); INE Padró T=29005 sumat per CCAA
ccaa,19,Melilla,2016,473,Combustible (gasolineres),10,86026,0.116,25.0,False,,INE DIRCE T=294 (locals); INE Padró T=29005 sumat per CCAA
ccaa,19,Melilla,2017,473,Combustible (gasolineres),8,86120,0.093,-20.0,False,,INE DIRCE T=294 (locals); INE Padró T=29005 sumat per CCAA
ccaa,19,Melilla,2018,473,Combustible (gasolineres),8,86384,0.093,0.0,False,,INE DIRCE T=294 (locals); INE Padró T=29005 sumat per CCAA
ccaa,19,Melilla,2019,473,Combustible (gasolineres),7,86487,0.081,-12.5,False,,INE DIRCE T=294 (locals); INE Padró T=29005 sumat per CCAA
ccaa,19,Melilla,2020,473,Combustible (gasolineres),7,87076,0.08,0.0,False,,INE DIRCE T=294 (locals); INE Padró T=29005 sumat per CCAA
ccaa,19,Melilla,2021,473,Combustible (gasolineres),8,86261,0.093,14.29,False,,INE DIRCE T=294 (locals); INE Padró T=29005 sumat per CCAA
ccaa,19,Melilla,2022,473,Combustible (gasolineres),10,85170,0.117,25.0,False,,INE DIRCE T=294 (locals); INE Padró T=29005 sumat per CCAA
ccaa,19,Melilla,2023,473,Combustible (gasolineres),11,85491,0.129,10.0,True,La variació 2022→2023 travessa el trencament de sèrie DIRCE de 2023: no comparable.,INE DIRCE T=294 (locals); INE Padró T=29005 sumat per CCAA
ccaa,19,Melilla,2024,473,Combustible (gasolineres),10,85811,0.117,-9.09,False,,INE DIRCE T=294 (locals); INE Padró T=29005 sumat per CCAA
ccaa,19,Melilla,2025,473,Combustible (gasolineres),10,86780,0.115,0.0,False,,INE DIRCE T=294 (locals); INE Padró T=29005 sumat per CCAA
ccaa,19,Melilla,2010,474,Equips TIC,74,76034,0.973,,False,,INE DIRCE T=294 (locals); INE Padró T=29005 sumat per CCAA
ccaa,19,Melilla,2011,474,Equips TIC,72,78476,0.917,-2.7,False,,INE DIRCE T=294 (locals); INE Padró T=29005 sumat per CCAA
ccaa,19,Melilla,2012,474,Equips TIC,89,80802,1.101,23.61,False,,INE DIRCE T=294 (locals); INE Padró T=29005 sumat per CCAA
ccaa,19,Melilla,2013,474,Equips TIC,74,83679,0.884,-16.85,False,,INE DIRCE T=294 (locals); INE Padró T=29005 sumat per CCAA
ccaa,19,Melilla,2014,474,Equips TIC,66,84509,0.781,-10.81,False,,INE DIRCE T=294 (locals); INE Padró T=29005 sumat per CCAA
ccaa,19,Melilla,2015,474,Equips TIC,75,85584,0.876,13.64,False,,INE DIRCE T=294 (locals); INE Padró T=29005 sumat per CCAA
ccaa,19,Melilla,2016,474,Equips TIC,73,86026,0.849,-2.67,False,,INE DIRCE T=294 (locals); INE Padró T=29005 sumat per CCAA
ccaa,19,Melilla,2017,474,Equips TIC,64,86120,0.743,-12.33,False,,INE DIRCE T=294 (locals); INE Padró T=29005 sumat per CCAA
ccaa,19,Melilla,2018,474,Equips TIC,58,86384,0.671,-9.38,False,,INE DIRCE T=294 (locals); INE Padró T=29005 sumat per CCAA
ccaa,19,Melilla,2019,474,Equips TIC,50,86487,0.578,-13.79,False,,INE DIRCE T=294 (locals); INE Padró T=29005 sumat per CCAA
ccaa,19,Melilla,2020,474,Equips TIC,60,87076,0.689,20.0,False,,INE DIRCE T=294 (locals); INE Padró T=29005 sumat per CCAA
ccaa,19,Melilla,2021,474,Equips TIC,52,86261,0.603,-13.33,False,,INE DIRCE T=294 (locals); INE Padró T=29005 sumat per CCAA
ccaa,19,Melilla,2022,474,Equips TIC,45,85170,0.528,-13.46,False,,INE DIRCE T=294 (locals); INE Padró T=29005 sumat per CCAA
ccaa,19,Melilla,2023,474,Equips TIC,40,85491,0.468,-11.11,True,La variació 2022→2023 travessa el trencament de sèrie DIRCE de 2023: no comparable.,INE DIRCE T=294 (locals); INE Padró T=29005 sumat per CCAA
ccaa,19,Melilla,2024,474,Equips TIC,36,85811,0.42,-10.0,False,,INE DIRCE T=294 (locals); INE Padró T=29005 sumat per CCAA
ccaa,19,Melilla,2025,474,Equips TIC,38,86780,0.438,5.56,False,,INE DIRCE T=294 (locals); INE Padró T=29005 sumat per CCAA
ccaa,19,Melilla,2010,475,Equipament de la llar,229,76034,3.012,,False,,INE DIRCE T=294 (locals); INE Padró T=29005 sumat per CCAA
ccaa,19,Melilla,2011,475,Equipament de la llar,281,78476,3.581,22.71,False,,INE DIRCE T=294 (locals); INE Padró T=29005 sumat per CCAA
ccaa,19,Melilla,2012,475,Equipament de la llar,281,80802,3.478,0.0,False,,INE DIRCE T=294 (locals); INE Padró T=29005 sumat per CCAA
ccaa,19,Melilla,2013,475,Equipament de la llar,279,83679,3.334,-0.71,False,,INE DIRCE T=294 (locals); INE Padró T=29005 sumat per CCAA
ccaa,19,Melilla,2014,475,Equipament de la llar,268,84509,3.171,-3.94,False,,INE DIRCE T=294 (locals); INE Padró T=29005 sumat per CCAA
ccaa,19,Melilla,2015,475,Equipament de la llar,283,85584,3.307,5.6,False,,INE DIRCE T=294 (locals); INE Padró T=29005 sumat per CCAA
ccaa,19,Melilla,2016,475,Equipament de la llar,285,86026,3.313,0.71,False,,INE DIRCE T=294 (locals); INE Padró T=29005 sumat per CCAA
ccaa,19,Melilla,2017,475,Equipament de la llar,302,86120,3.507,5.96,False,,INE DIRCE T=294 (locals); INE Padró T=29005 sumat per CCAA
ccaa,19,Melilla,2018,475,Equipament de la llar,283,86384,3.276,-6.29,False,,INE DIRCE T=294 (locals); INE Padró T=29005 sumat per CCAA
ccaa,19,Melilla,2019,475,Equipament de la llar,287,86487,3.318,1.41,False,,INE DIRCE T=294 (locals); INE Padró T=29005 sumat per CCAA
ccaa,19,Melilla,2020,475,Equipament de la llar,277,87076,3.181,-3.48,False,,INE DIRCE T=294 (locals); INE Padró T=29005 sumat per CCAA
ccaa,19,Melilla,2021,475,Equipament de la llar,275,86261,3.188,-0.72,False,,INE DIRCE T=294 (locals); INE Padró T=29005 sumat per CCAA
ccaa,19,Melilla,2022,475,Equipament de la llar,261,85170,3.064,-5.09,False,,INE DIRCE T=294 (locals); INE Padró T=29005 sumat per CCAA
ccaa,19,Melilla,2023,475,Equipament de la llar,239,85491,2.796,-8.43,True,La variació 2022→2023 travessa el trencament de sèrie DIRCE de 2023: no comparable.,INE DIRCE T=294 (locals); INE Padró T=29005 sumat per CCAA
ccaa,19,Melilla,2024,475,Equipament de la llar,241,85811,2.808,0.84,False,,INE DIRCE T=294 (locals); INE Padró T=29005 sumat per CCAA
ccaa,19,Melilla,2025,475,Equipament de la llar,218,86780,2.512,-9.54,False,,INE DIRCE T=294 (locals); INE Padró T=29005 sumat per CCAA
ccaa,19,Melilla,2010,476,Articles culturals i recreatius,59,76034,0.776,,False,,INE DIRCE T=294 (locals); INE Padró T=29005 sumat per CCAA
ccaa,19,Melilla,2011,476,Articles culturals i recreatius,69,78476,0.879,16.95,False,,INE DIRCE T=294 (locals); INE Padró T=29005 sumat per CCAA
ccaa,19,Melilla,2012,476,Articles culturals i recreatius,78,80802,0.965,13.04,False,,INE DIRCE T=294 (locals); INE Padró T=29005 sumat per CCAA
ccaa,19,Melilla,2013,476,Articles culturals i recreatius,77,83679,0.92,-1.28,False,,INE DIRCE T=294 (locals); INE Padró T=29005 sumat per CCAA
ccaa,19,Melilla,2014,476,Articles culturals i recreatius,78,84509,0.923,1.3,False,,INE DIRCE T=294 (locals); INE Padró T=29005 sumat per CCAA
ccaa,19,Melilla,2015,476,Articles culturals i recreatius,82,85584,0.958,5.13,False,,INE DIRCE T=294 (locals); INE Padró T=29005 sumat per CCAA
ccaa,19,Melilla,2016,476,Articles culturals i recreatius,89,86026,1.035,8.54,False,,INE DIRCE T=294 (locals); INE Padró T=29005 sumat per CCAA
ccaa,19,Melilla,2017,476,Articles culturals i recreatius,89,86120,1.033,0.0,False,,INE DIRCE T=294 (locals); INE Padró T=29005 sumat per CCAA
ccaa,19,Melilla,2018,476,Articles culturals i recreatius,87,86384,1.007,-2.25,False,,INE DIRCE T=294 (locals); INE Padró T=29005 sumat per CCAA
ccaa,19,Melilla,2019,476,Articles culturals i recreatius,72,86487,0.832,-17.24,False,,INE DIRCE T=294 (locals); INE Padró T=29005 sumat per CCAA
ccaa,19,Melilla,2020,476,Articles culturals i recreatius,68,87076,0.781,-5.56,False,,INE DIRCE T=294 (locals); INE Padró T=29005 sumat per CCAA
ccaa,19,Melilla,2021,476,Articles culturals i recreatius,75,86261,0.869,10.29,False,,INE DIRCE T=294 (locals); INE Padró T=29005 sumat per CCAA
ccaa,19,Melilla,2022,476,Articles culturals i recreatius,81,85170,0.951,8.0,False,,INE DIRCE T=294 (locals); INE Padró T=29005 sumat per CCAA
ccaa,19,Melilla,2023,476,Articles culturals i recreatius,74,85491,0.866,-8.64,True,La variació 2022→2023 travessa el trencament de sèrie DIRCE de 2023: no comparable.,INE DIRCE T=294 (locals); INE Padró T=29005 sumat per CCAA
ccaa,19,Melilla,2024,476,Articles culturals i recreatius,73,85811,0.851,-1.35,False,,INE DIRCE T=294 (locals); INE Padró T=29005 sumat per CCAA
ccaa,19,Melilla,2025,476,Articles culturals i recreatius,76,86780,0.876,4.11,False,,INE DIRCE T=294 (locals); INE Padró T=29005 sumat per CCAA
ccaa,19,Melilla,2010,477,"Altres articles (moda, calçat, etc.)",336,76034,4.419,,False,,INE DIRCE T=294 (locals); INE Padró T=29005 sumat per CCAA
ccaa,19,Melilla,2011,477,"Altres articles (moda, calçat, etc.)",341,78476,4.345,1.49,False,,INE DIRCE T=294 (locals); INE Padró T=29005 sumat per CCAA
ccaa,19,Melilla,2012,477,"Altres articles (moda, calçat, etc.)",354,80802,4.381,3.81,False,,INE DIRCE T=294 (locals); INE Padró T=29005 sumat per CCAA
ccaa,19,Melilla,2013,477,"Altres articles (moda, calçat, etc.)",350,83679,4.183,-1.13,False,,INE DIRCE T=294 (locals); INE Padró T=29005 sumat per CCAA
ccaa,19,Melilla,2014,477,"Altres articles (moda, calçat, etc.)",351,84509,4.153,0.29,False,,INE DIRCE T=294 (locals); INE Padró T=29005 sumat per CCAA
ccaa,19,Melilla,2015,477,"Altres articles (moda, calçat, etc.)",380,85584,4.44,8.26,False,,INE DIRCE T=294 (locals); INE Padró T=29005 sumat per CCAA
ccaa,19,Melilla,2016,477,"Altres articles (moda, calçat, etc.)",400,86026,4.65,5.26,False,,INE DIRCE T=294 (locals); INE Padró T=29005 sumat per CCAA
ccaa,19,Melilla,2017,477,"Altres articles (moda, calçat, etc.)",425,86120,4.935,6.25,False,,INE DIRCE T=294 (locals); INE Padró T=29005 sumat per CCAA
ccaa,19,Melilla,2018,477,"Altres articles (moda, calçat, etc.)",426,86384,4.931,0.24,False,,INE DIRCE T=294 (locals); INE Padró T=29005 sumat per CCAA
ccaa,19,Melilla,2019,477,"Altres articles (moda, calçat, etc.)",434,86487,5.018,1.88,False,,INE DIRCE T=294 (locals); INE Padró T=29005 sumat per CCAA
ccaa,19,Melilla,2020,477,"Altres articles (moda, calçat, etc.)",444,87076,5.099,2.3,False,,INE DIRCE T=294 (locals); INE Padró T=29005 sumat per CCAA
ccaa,19,Melilla,2021,477,"Altres articles (moda, calçat, etc.)",396,86261,4.591,-10.81,False,,INE DIRCE T=294 (locals); INE Padró T=29005 sumat per CCAA
ccaa,19,Melilla,2022,477,"Altres articles (moda, calçat, etc.)",370,85170,4.344,-6.57,False,,INE DIRCE T=294 (locals); INE Padró T=29005 sumat per CCAA
ccaa,19,Melilla,2023,477,"Altres articles (moda, calçat, etc.)",320,85491,3.743,-13.51,True,La variació 2022→2023 travessa el trencament de sèrie DIRCE de 2023: no comparable.,INE DIRCE T=294 (locals); INE Padró T=29005 sumat per CCAA
ccaa,19,Melilla,2024,477,"Altres articles (moda, calçat, etc.)",305,85811,3.554,-4.69,False,,INE DIRCE T=294 (locals); INE Padró T=29005 sumat per CCAA
ccaa,19,Melilla,2025,477,"Altres articles (moda, calçat, etc.)",307,86780,3.538,0.66,False,,INE DIRCE T=294 (locals); INE Padró T=29005 sumat per CCAA
ccaa,19,Melilla,2010,478,Punts de venda i mercadillos,112,76034,1.473,,False,,INE DIRCE T=294 (locals); INE Padró T=29005 sumat per CCAA
ccaa,19,Melilla,2011,478,Punts de venda i mercadillos,98,78476,1.249,-12.5,False,,INE DIRCE T=294 (locals); INE Padró T=29005 sumat per CCAA
ccaa,19,Melilla,2012,478,Punts de venda i mercadillos,107,80802,1.324,9.18,False,,INE DIRCE T=294 (locals); INE Padró T=29005 sumat per CCAA
ccaa,19,Melilla,2013,478,Punts de venda i mercadillos,128,83679,1.53,19.63,False,,INE DIRCE T=294 (locals); INE Padró T=29005 sumat per CCAA
ccaa,19,Melilla,2014,478,Punts de venda i mercadillos,126,84509,1.491,-1.56,False,,INE DIRCE T=294 (locals); INE Padró T=29005 sumat per CCAA
ccaa,19,Melilla,2015,478,Punts de venda i mercadillos,252,85584,2.944,100.0,False,,INE DIRCE T=294 (locals); INE Padró T=29005 sumat per CCAA
ccaa,19,Melilla,2016,478,Punts de venda i mercadillos,303,86026,3.522,20.24,False,,INE DIRCE T=294 (locals); INE Padró T=29005 sumat per CCAA
ccaa,19,Melilla,2017,478,Punts de venda i mercadillos,327,86120,3.797,7.92,False,,INE DIRCE T=294 (locals); INE Padró T=29005 sumat per CCAA
ccaa,19,Melilla,2018,478,Punts de venda i mercadillos,314,86384,3.635,-3.98,False,,INE DIRCE T=294 (locals); INE Padró T=29005 sumat per CCAA
ccaa,19,Melilla,2019,478,Punts de venda i mercadillos,286,86487,3.307,-8.92,False,,INE DIRCE T=294 (locals); INE Padró T=29005 sumat per CCAA
ccaa,19,Melilla,2020,478,Punts de venda i mercadillos,304,87076,3.491,6.29,False,,INE DIRCE T=294 (locals); INE Padró T=29005 sumat per CCAA
ccaa,19,Melilla,2021,478,Punts de venda i mercadillos,282,86261,3.269,-7.24,False,,INE DIRCE T=294 (locals); INE Padró T=29005 sumat per CCAA
ccaa,19,Melilla,2022,478,Punts de venda i mercadillos,268,85170,3.147,-4.96,False,,INE DIRCE T=294 (locals); INE Padró T=29005 sumat per CCAA
ccaa,19,Melilla,2023,478,Punts de venda i mercadillos,247,85491,2.889,-7.84,True,La variació 2022→2023 travessa el trencament de sèrie DIRCE de 2023: no comparable.,INE DIRCE T=294 (locals); INE Padró T=29005 sumat per CCAA
ccaa,19,Melilla,2024,478,Punts de venda i mercadillos,234,85811,2.727,-5.26,False,,INE DIRCE T=294 (locals); INE Padró T=29005 sumat per CCAA
ccaa,19,Melilla,2025,478,Punts de venda i mercadillos,242,86780,2.789,3.42,False,,INE DIRCE T=294 (locals); INE Padró T=29005 sumat per CCAA
ccaa,19,Melilla,2010,479,Comerç no en establiment (internet),4,76034,0.053,,False,,INE DIRCE T=294 (locals); INE Padró T=29005 sumat per CCAA
ccaa,19,Melilla,2011,479,Comerç no en establiment (internet),7,78476,0.089,75.0,False,,INE DIRCE T=294 (locals); INE Padró T=29005 sumat per CCAA
ccaa,19,Melilla,2012,479,Comerç no en establiment (internet),9,80802,0.111,28.57,False,,INE DIRCE T=294 (locals); INE Padró T=29005 sumat per CCAA
ccaa,19,Melilla,2013,479,Comerç no en establiment (internet),13,83679,0.155,44.44,False,,INE DIRCE T=294 (locals); INE Padró T=29005 sumat per CCAA
ccaa,19,Melilla,2014,479,Comerç no en establiment (internet),11,84509,0.13,-15.38,False,,INE DIRCE T=294 (locals); INE Padró T=29005 sumat per CCAA
ccaa,19,Melilla,2015,479,Comerç no en establiment (internet),12,85584,0.14,9.09,False,,INE DIRCE T=294 (locals); INE Padró T=29005 sumat per CCAA
ccaa,19,Melilla,2016,479,Comerç no en establiment (internet),16,86026,0.186,33.33,False,,INE DIRCE T=294 (locals); INE Padró T=29005 sumat per CCAA
ccaa,19,Melilla,2017,479,Comerç no en establiment (internet),16,86120,0.186,0.0,False,,INE DIRCE T=294 (locals); INE Padró T=29005 sumat per CCAA
ccaa,19,Melilla,2018,479,Comerç no en establiment (internet),17,86384,0.197,6.25,False,,INE DIRCE T=294 (locals); INE Padró T=29005 sumat per CCAA
ccaa,19,Melilla,2019,479,Comerç no en establiment (internet),21,86487,0.243,23.53,False,,INE DIRCE T=294 (locals); INE Padró T=29005 sumat per CCAA
ccaa,19,Melilla,2020,479,Comerç no en establiment (internet),22,87076,0.253,4.76,False,,INE DIRCE T=294 (locals); INE Padró T=29005 sumat per CCAA
ccaa,19,Melilla,2021,479,Comerç no en establiment (internet),25,86261,0.29,13.64,False,,INE DIRCE T=294 (locals); INE Padró T=29005 sumat per CCAA
ccaa,19,Melilla,2022,479,Comerç no en establiment (internet),20,85170,0.235,-20.0,False,,INE DIRCE T=294 (locals); INE Padró T=29005 sumat per CCAA
ccaa,19,Melilla,2023,479,Comerç no en establiment (internet),13,85491,0.152,-35.0,True,La variació 2022→2023 travessa el trencament de sèrie DIRCE de 2023: no comparable.,INE DIRCE T=294 (locals); INE Padró T=29005 sumat per CCAA
ccaa,19,Melilla,2024,479,Comerç no en establiment (internet),14,85811,0.163,7.69,False,,INE DIRCE T=294 (locals); INE Padró T=29005 sumat per CCAA
ccaa,19,Melilla,2025,479,Comerç no en establiment (internet),17,86780,0.196,21.43,False,,INE DIRCE T=294 (locals); INE Padró T=29005 sumat per CCAA
