{"type":"FeatureCollection","features":[{"type":"Feature","geometry":{"type":"Polygon","coordinates":[[[-3.08915,43.0015],[-3.09048,43.00947],[-3.06533,43.023],[-3.06249,43.03559],[-3.05004,43.04671],[-3.04184,43.04364],[-3.02847,43.04621],[-3.0292,43.0368],[-3.0208,43.03212],[-3.03259,43.02309],[-3.029,43.01854],[-3.0181,43.01774],[-3.00787,43.01329],[-2.99733,43.01398],[-2.98579,43.01163],[-2.98422,43.00792],[-2.99164,43.00056],[-2.98571,42.99217],[-2.97095,42.99678],[-2.96628,43.00122],[-2.95823,42.99441],[-2.97057,42.98981],[-2.98425,42.98821],[-3.00108,42.9895],[-3.00909,42.98165],[-3.03753,42.98244],[-3.04488,42.97349],[-3.04187,42.96922],[-3.01985,42.95993],[-3.02044,42.95528],[-3.00831,42.95213],[-2.99444,42.95189],[-2.98107,42.93965],[-2.99146,42.93463],[-2.99782,42.92629],[-3.00546,42.92674],[-3.01455,42.91887],[-3.01891,42.90851],[-3.06005,42.90172],[-3.07057,42.90361],[-3.08952,42.899],[-3.10466,42.91016],[-3.10842,42.90616],[-3.12653,42.90406],[-3.13285,42.91348],[-3.14049,42.91309],[-3.15083,42.91919],[-3.14473,42.93468],[-3.16939,42.94021],[-3.18075,42.94453],[-3.20649,42.94694],[-3.21162,42.9443],[-3.22473,42.94969],[-3.23556,42.94386],[-3.23537,42.93307],[-3.24572,42.92384],[-3.24854,42.91215],[-3.27724,42.90158],[-3.2764,42.88702],[-3.28677,42.88515],[-3.28261,42.87551],[-3.25361,42.85282],[-3.23676,42.83793],[-3.22584,42.83012],[-3.21697,42.82652],[-3.20553,42.8274],[-3.22218,42.83864],[-3.20944,42.84423],[-3.207,42.85135],[-3.20047,42.85507],[-3.19069,42.86946],[-3.17306,42.85721],[-3.16282,42.85674],[-3.14989,42.86132],[-3.1257,42.89132],[-3.11257,42.88673],[-3.10505,42.87959],[-3.11315,42.86106],[-3.12843,42.84925],[-3.13294,42.83735],[-3.14058,42.83638],[-3.14886,42.82053],[-3.14814,42.81448],[-3.15923,42.80459],[-3.14117,42.79642],[-3.13139,42.7898],[-3.12823,42.7843],[-3.13664,42.76548],[-3.14791,42.7567],[-3.11571,42.75935],[-3.09973,42.76732],[-3.08164,42.76578],[-3.06357,42.76019],[-3.05339,42.76454],[-3.04669,42.76031],[-3.04871,42.74907],[-3.04076,42.73849],[-3.03101,42.7372],[-3.01861,42.74089],[-3.01611,42.73356],[-3.0073,42.72297],[-2.98875,42.71895],[-2.987,42.70903],[-2.9806,42.70348],[-2.97447,42.70838],[-2.95635,42.7104],[-2.93021,42.70803],[-2.9185,42.69792],[-2.9025,42.6936],[-2.90378,42.68643],[-2.89505,42.67931],[-2.90017,42.6673],[-2.89674,42.65478],[-2.88943,42.6489],[-2.87479,42.64305],[-2.87102,42.63918],[-2.85807,42.63838],[-2.84292,42.62972],[-2.84773,42.618],[-2.84216,42.61146],[-2.83435,42.60918],[-2.8199,42.6145],[-2.82364,42.60146],[-2.8177,42.59727],[-2.82566,42.58707],[-2.83876,42.58298],[-2.83787,42.57077],[-2.8269,42.56222],[-2.82483,42.55463],[-2.81681,42.55824],[-2.8148,42.5693],[-2.80039,42.56633],[-2.79931,42.573],[-2.7897,42.57831],[-2.7808,42.57963],[-2.77137,42.59634],[-2.7736,42.60703],[-2.76588,42.62016],[-2.75626,42.61884],[-2.74984,42.62383],[-2.74071,42.62244],[-2.73015,42.61702],[-2.72272,42.60874],[-2.70691,42.59969],[-2.68058,42.59421],[-2.68595,42.58266],[-2.68733,42.55955],[-2.6915,42.5418],[-2.70572,42.51666],[-2.6861,42.5201],[-2.67725,42.52404],[-2.67784,42.50957],[-2.66618,42.50982],[-2.65633,42.50368],[-2.64818,42.48366],[-2.63942,42.48459],[-2.63065,42.49062],[-2.62901,42.49574],[-2.60963,42.49629],[-2.60682,42.50268],[-2.59254,42.49257],[-2.60248,42.48017],[-2.59705,42.47301],[-2.58785,42.47376],[-2.593,42.48123],[-2.57717,42.48326],[-2.5727,42.49267],[-2.56565,42.4928],[-2.554,42.48387],[-2.53232,42.48324],[-2.53718,42.48904],[-2.53569,42.49678],[-2.51825,42.50914],[-2.5138,42.51802],[-2.5053,42.51234],[-2.51107,42.50339],[-2.51907,42.49621],[-2.51579,42.49068],[-2.47743,42.48664],[-2.47233,42.49259],[-2.4488,42.49688],[-2.43851,42.48912],[-2.42058,42.48923],[-2.42353,42.49908],[-2.42206,42.51172],[-2.4093,42.51602],[-2.3922,42.51695],[-2.39824,42.52939],[-2.40025,42.5439],[-2.38995,42.54906],[-2.39584,42.58035],[-2.40003,42.5891],[-2.39933,42.59788],[-2.41198,42.60029],[-2.42112,42.60712],[-2.42957,42.59728],[-2.44379,42.57468],[-2.45324,42.56711],[-2.46001,42.57885],[-2.46221,42.58739],[-2.47251,42.58936],[-2.49039,42.58762],[-2.50008,42.61648],[-2.48307,42.61216],[-2.47106,42.62726],[-2.46452,42.62732],[-2.45008,42.64725],[-2.43048,42.65532],[-2.42961,42.65831],[-2.4158,42.66268],[-2.4035,42.65935],[-2.38881,42.65849],[-2.37626,42.65071],[-2.37212,42.64338],[-2.37605,42.63726],[-2.34489,42.63451],[-2.33218,42.64618],[-2.31517,42.65127],[-2.30437,42.65269],[-2.29334,42.65086],[-2.28848,42.65507],[-2.28935,42.66829],[-2.29358,42.67794],[-2.30572,42.67564],[-2.31638,42.68332],[-2.31236,42.68826],[-2.3146,42.70183],[-2.31285,42.70868],[-2.32367,42.72441],[-2.31831,42.7301],[-2.31685,42.73935],[-2.30626,42.73558],[-2.27197,42.74489],[-2.26621,42.75294],[-2.27558,42.77627],[-2.28101,42.78513],[-2.26859,42.79511],[-2.27041,42.80892],[-2.26769,42.81341],[-2.25295,42.82068],[-2.23581,42.83449],[-2.23269,42.84382],[-2.23963,42.86172],[-2.24148,42.88638],[-2.25071,42.89547],[-2.27346,42.90111],[-2.29028,42.90216],[-2.29763,42.91491],[-2.29959,42.92257],[-2.30525,42.92742],[-2.31431,42.92668],[-2.32299,42.93156],[-2.33285,42.93358],[-2.35106,42.94251],[-2.35487,42.94967],[-2.36284,42.94693],[-2.39418,42.95217],[-2.40564,42.95924],[-2.42207,42.95564],[-2.4423,42.95878],[-2.45465,42.9566],[-2.47646,42.96604],[-2.48822,42.96432],[-2.5012,42.95948],[-2.5347,42.97328],[-2.54033,42.96521],[-2.53804,42.95745],[-2.54213,42.95013],[-2.5511,42.95888],[-2.58065,42.96376],[-2.58912,42.97318],[-2.59377,42.97303],[-2.60272,42.98225],[-2.59277,42.98748],[-2.5989,42.99381],[-2.60059,43.00107],[-2.59611,43.00879],[-2.58037,43.00819],[-2.57068,43.01465],[-2.55504,43.02109],[-2.54928,43.02],[-2.54056,43.02546],[-2.54105,43.03332],[-2.53006,43.04496],[-2.52997,43.05498],[-2.54079,43.06274],[-2.54078,43.07622],[-2.54639,43.08801],[-2.56701,43.08377],[-2.59256,43.08123],[-2.61139,43.08568],[-2.63269,43.08701],[-2.66124,43.07391],[-2.65992,43.06512],[-2.64819,43.05805],[-2.63329,43.04321],[-2.63387,43.03363],[-2.63059,43.02871],[-2.63362,43.01991],[-2.6433,43.02137],[-2.65344,43.02713],[-2.66688,43.03143],[-2.68661,43.02186],[-2.69331,43.02248],[-2.70663,43.02989],[-2.71496,43.03071],[-2.72894,43.02398],[-2.73861,43.03334],[-2.74553,43.03352],[-2.74931,43.0273],[-2.76972,43.02686],[-2.78118,43.03392],[-2.82171,43.0356],[-2.83611,43.04168],[-2.84797,43.04449],[-2.86417,43.05174],[-2.88009,43.05111],[-2.89018,43.04572],[-2.91935,43.06023],[-2.92992,43.07216],[-2.93853,43.07627],[-2.95811,43.09018],[-2.97471,43.09877],[-2.96524,43.10355],[-2.94129,43.1322],[-2.93553,43.13602],[-2.93736,43.14251],[-2.94977,43.15711],[-2.95392,43.15945],[-2.94632,43.17043],[-2.96002,43.17501],[-2.97295,43.18623],[-2.9799,43.19929],[-2.98753,43.20088],[-3.00646,43.19601],[-3.0191,43.21112],[-3.02827,43.21665],[-3.03972,43.21067],[-3.02185,43.19964],[-3.01858,43.18221],[-3.02813,43.16944],[-3.02666,43.1611],[-3.06615,43.15551],[-3.07469,43.14635],[-3.09374,43.15095],[-3.11224,43.14354],[-3.12349,43.15412],[-3.1331,43.15598],[-3.14189,43.16115],[-3.14974,43.16074],[-3.16185,43.15426],[-3.16677,43.14694],[-3.16148,43.14319],[-3.17232,43.12975],[-3.18179,43.12088],[-3.18043,43.11632],[-3.16966,43.10959],[-3.15206,43.10412],[-3.14149,43.11064],[-3.13394,43.09723],[-3.1476,43.08573],[-3.15809,43.07372],[-3.14104,43.0687],[-3.14177,43.04901],[-3.14768,43.0345],[-3.14346,43.0274],[-3.17025,43.02907],[-3.1778,43.02198],[-3.16887,43.01493],[-3.14479,43.00684],[-3.12439,43.00776],[-3.10611,43.0054],[-3.08915,43.0015]],[[-2.86446,42.74367],[-2.85342,42.74735],[-2.85109,42.75284],[-2.85391,42.76786],[-2.8478,42.77617],[-2.83934,42.78084],[-2.83547,42.79627],[-2.82545,42.78579],[-2.81788,42.78999],[-2.79377,42.79317],[-2.76728,42.79234],[-2.75518,42.79377],[-2.74387,42.7923],[-2.7317,42.79449],[-2.71125,42.78375],[-2.70234,42.78441],[-2.69338,42.77849],[-2.67871,42.77928],[-2.67119,42.77385],[-2.65376,42.77187],[-2.6521,42.76686],[-2.63509,42.76456],[-2.62298,42.77023],[-2.60269,42.76623],[-2.59291,42.75968],[-2.58937,42.75032],[-2.57733,42.75393],[-2.5583,42.76273],[-2.55898,42.75322],[-2.56417,42.74704],[-2.56257,42.74128],[-2.56969,42.73337],[-2.57263,42.72517],[-2.58598,42.71331],[-2.5924,42.71063],[-2.60031,42.71527],[-2.6076,42.70574],[-2.60898,42.69586],[-2.59414,42.69004],[-2.57812,42.67399],[-2.56765,42.67049],[-2.54838,42.6688],[-2.5394,42.68658],[-2.52202,42.68403],[-2.52322,42.66496],[-2.5174,42.65425],[-2.5174,42.64633],[-2.53988,42.63825],[-2.54917,42.63757],[-2.5479,42.64547],[-2.55686,42.6496],[-2.56492,42.64455],[-2.58485,42.65156],[-2.59988,42.6507],[-2.61334,42.6468],[-2.62661,42.6496],[-2.63485,42.6478],[-2.65172,42.66099],[-2.65393,42.66999],[-2.66096,42.67191],[-2.67873,42.66953],[-2.68708,42.67343],[-2.6992,42.67484],[-2.71475,42.66957],[-2.71801,42.66202],[-2.73504,42.66209],[-2.74891,42.66594],[-2.7679,42.66601],[-2.77051,42.67663],[-2.77836,42.68573],[-2.7845,42.69894],[-2.79549,42.69795],[-2.80673,42.70233],[-2.81101,42.70674],[-2.8253,42.70894],[-2.82899,42.71901],[-2.84424,42.7245],[-2.84674,42.73076],[-2.86446,42.74367]]]},"properties":{"codi_prov":"01","provincia":"Araba/Álava","codi_ccaa":"16"}},{"type":"Feature","geometry":{"type":"Polygon","coordinates":[[[-2.76456,38.53207],[-2.75562,38.52595],[-2.73632,38.5196],[-2.72942,38.51125],[-2.7139,38.50705],[-2.70076,38.50113],[-2.68125,38.49693],[-2.67266,38.49665],[-2.64555,38.50721],[-2.62619,38.51152],[-2.60711,38.51375],[-2.59728,38.51244],[-2.579,38.50198],[-2.5666,38.4907],[-2.57309,38.48727],[-2.57743,38.47602],[-2.56769,38.46101],[-2.56732,38.45288],[-2.57143,38.44728],[-2.56951,38.44122],[-2.57734,38.43484],[-2.57773,38.42532],[-2.57146,38.41366],[-2.56213,38.41245],[-2.55852,38.40633],[-2.55021,38.40296],[-2.5351,38.40608],[-2.51973,38.40362],[-2.51598,38.40021],[-2.49531,38.4003],[-2.48374,38.39799],[-2.48215,38.39285],[-2.49015,38.3802],[-2.49355,38.37117],[-2.48733,38.35367],[-2.4803,38.34894],[-2.4802,38.32834],[-2.48478,38.31964],[-2.4854,38.30148],[-2.48131,38.29494],[-2.44877,38.28811],[-2.44187,38.28482],[-2.43966,38.27558],[-2.43545,38.27195],[-2.4371,38.26187],[-2.44479,38.25003],[-2.44176,38.23868],[-2.44347,38.23113],[-2.45477,38.21566],[-2.45386,38.21065],[-2.44659,38.20667],[-2.44817,38.19039],[-2.44658,38.185],[-2.46732,38.17035],[-2.47441,38.15588],[-2.48723,38.14884],[-2.49567,38.13441],[-2.50138,38.13006],[-2.51068,38.12862],[-2.51642,38.11903],[-2.51735,38.11251],[-2.528,38.10223],[-2.53858,38.09764],[-2.5401,38.09237],[-2.55233,38.08409],[-2.54987,38.08054],[-2.52553,38.06987],[-2.5056,38.06838],[-2.49072,38.05702],[-2.48071,38.05305],[-2.47354,38.05694],[-2.46298,38.04988],[-2.43322,38.04275],[-2.42484,38.03292],[-2.40068,38.03188],[-2.37346,38.02269],[-2.3587,38.02184],[-2.34122,38.02583],[-2.34418,38.02978],[-2.33761,38.04915],[-2.32563,38.0702],[-2.31126,38.08068],[-2.2954,38.0866],[-2.27401,38.10541],[-2.26567,38.10884],[-2.26134,38.11766],[-2.25087,38.12968],[-2.25132,38.13842],[-2.2457,38.14876],[-2.23045,38.16262],[-2.22254,38.17976],[-2.22336,38.18255],[-2.21329,38.20205],[-2.20577,38.20687],[-2.187,38.21388],[-2.1747,38.22389],[-2.15981,38.22838],[-2.14194,38.23069],[-2.11288,38.23768],[-2.08243,38.2657],[-2.07581,38.28283],[-2.06326,38.29749],[-2.04857,38.30569],[-2.03065,38.29956],[-2.02129,38.30069],[-2.00074,38.28393],[-1.98258,38.28118],[-1.96443,38.28735],[-1.9478,38.28926],[-1.89484,38.30173],[-1.87023,38.31638],[-1.85758,38.32911],[-1.851,38.33337],[-1.83155,38.33315],[-1.82274,38.33543],[-1.81125,38.35129],[-1.79201,38.35319],[-1.78408,38.35585],[-1.79411,38.36364],[-1.78499,38.36537],[-1.77028,38.36425],[-1.77197,38.37838],[-1.768,38.37957],[-1.75549,38.37512],[-1.74392,38.3808],[-1.72385,38.36812],[-1.71799,38.36696],[-1.70057,38.37391],[-1.68153,38.35961],[-1.68243,38.35523],[-1.69258,38.34489],[-1.68318,38.32559],[-1.6798,38.32545],[-1.66607,38.31083],[-1.6313,38.30873],[-1.60074,38.31387],[-1.59487,38.3116],[-1.58287,38.3134],[-1.55876,38.32504],[-1.54852,38.33221],[-1.54214,38.34231],[-1.52062,38.35302],[-1.51735,38.3568],[-1.50593,38.35935],[-1.48829,38.37316],[-1.47843,38.37644],[-1.47489,38.40888],[-1.47765,38.42115],[-1.47646,38.44711],[-1.47996,38.46672],[-1.47991,38.47979],[-1.49085,38.51621],[-1.49875,38.53207],[-1.4908,38.55636],[-1.48701,38.56374],[-1.46718,38.57559],[-1.45202,38.58146],[-1.44781,38.615],[-1.44335,38.63697],[-1.44768,38.64948],[-1.42822,38.66812],[-1.42169,38.67706],[-1.40212,38.69081],[-1.3838,38.69923],[-1.36655,38.70397],[-1.34308,38.67741],[-1.32936,38.68207],[-1.32819,38.68501],[-1.31252,38.69531],[-1.3066,38.69676],[-1.28374,38.70717],[-1.27493,38.71521],[-1.26266,38.73035],[-1.24969,38.73865],[-1.22882,38.74463],[-1.20897,38.74692],[-1.18378,38.75508],[-1.11967,38.73769],[-1.1169,38.73246],[-1.11578,38.71141],[-1.08438,38.68891],[-1.07286,38.68256],[-1.0429,38.66127],[-1.02614,38.65561],[-1.00908,38.65827],[-0.99155,38.65507],[-0.96247,38.65693],[-0.92997,38.6799],[-0.91579,38.69596],[-0.92754,38.70681],[-0.92773,38.71308],[-0.94679,38.7413],[-0.95567,38.75791],[-0.9617,38.77452],[-0.94955,38.77624],[-0.92914,38.78365],[-0.93405,38.79363],[-0.93306,38.81087],[-0.92745,38.81577],[-0.92449,38.82377],[-0.93061,38.82984],[-0.93516,38.85563],[-0.93001,38.86344],[-0.93138,38.87949],[-0.92432,38.89159],[-0.94158,38.90008],[-0.95163,38.91141],[-0.95701,38.92071],[-0.95939,38.94429],[-0.9744,38.94217],[-1.00053,38.94965],[-1.01584,38.93809],[-1.03687,38.93417],[-1.04296,38.93658],[-1.06906,38.93414],[-1.10737,38.92854],[-1.12712,38.92963],[-1.13864,38.92752],[-1.14741,38.93105],[-1.16089,38.95482],[-1.17478,38.96768],[-1.19326,38.98821],[-1.20181,38.993],[-1.2086,39.00505],[-1.22654,39.02467],[-1.23955,39.03056],[-1.25205,39.03955],[-1.25926,39.04135],[-1.26675,39.05102],[-1.26377,39.06834],[-1.2657,39.07547],[-1.25582,39.08402],[-1.25572,39.10617],[-1.24051,39.11374],[-1.23083,39.13736],[-1.227,39.15171],[-1.21053,39.16222],[-1.1945,39.18041],[-1.18939,39.20083],[-1.18083,39.21182],[-1.17638,39.23025],[-1.17689,39.24667],[-1.17482,39.27928],[-1.16193,39.30557],[-1.16962,39.31332],[-1.1925,39.31646],[-1.20966,39.32629],[-1.21535,39.3191],[-1.22364,39.31607],[-1.23918,39.32234],[-1.25237,39.32313],[-1.25531,39.32724],[-1.26769,39.32823],[-1.27868,39.33243],[-1.28563,39.33181],[-1.30762,39.33921],[-1.31186,39.34272],[-1.32821,39.34123],[-1.33628,39.3338],[-1.34385,39.34032],[-1.35142,39.33962],[-1.36586,39.35511],[-1.38426,39.35366],[-1.3831,39.36554],[-1.39402,39.36718],[-1.40616,39.36568],[-1.40632,39.37183],[-1.41272,39.38044],[-1.42196,39.38181],[-1.42252,39.36495],[-1.43167,39.3774],[-1.44281,39.36699],[-1.45155,39.37232],[-1.44851,39.37868],[-1.46332,39.37947],[-1.46124,39.38707],[-1.45343,39.38603],[-1.45398,39.4003],[-1.4617,39.40031],[-1.46721,39.39027],[-1.47681,39.39479],[-1.46622,39.40149],[-1.47002,39.40781],[-1.47651,39.408],[-1.48178,39.40135],[-1.48982,39.40677],[-1.48858,39.41705],[-1.49662,39.41534],[-1.50524,39.41764],[-1.51595,39.41614],[-1.53476,39.40747],[-1.55568,39.40185],[-1.58146,39.38532],[-1.59776,39.37857],[-1.61573,39.36617],[-1.64605,39.35374],[-1.65826,39.35108],[-1.69659,39.33743],[-1.7166,39.32494],[-1.73928,39.32116],[-1.76347,39.30094],[-1.76985,39.28051],[-1.78638,39.28348],[-1.81243,39.28632],[-1.84519,39.28612],[-1.87113,39.29496],[-1.88688,39.30475],[-1.90964,39.30364],[-1.93687,39.30396],[-1.96659,39.30004],[-1.9898,39.29368],[-1.99477,39.30933],[-2.0192,39.3258],[-2.02894,39.33806],[-2.02086,39.35106],[-2.04436,39.35917],[-2.06668,39.35549],[-2.08117,39.35858],[-2.09562,39.35942],[-2.08627,39.34584],[-2.08582,39.33614],[-2.07867,39.33028],[-2.07314,39.31767],[-2.0769,39.31331],[-2.07479,39.30442],[-2.0672,39.29834],[-2.06743,39.28916],[-2.05976,39.28567],[-2.05873,39.27235],[-2.05526,39.26577],[-2.07413,39.26589],[-2.12199,39.27434],[-2.15192,39.27635],[-2.16841,39.28097],[-2.17838,39.27847],[-2.18034,39.27014],[-2.20595,39.26624],[-2.20814,39.26147],[-2.21947,39.26148],[-2.24544,39.24478],[-2.28854,39.22648],[-2.29338,39.23742],[-2.30261,39.25184],[-2.30183,39.26361],[-2.32119,39.28374],[-2.32919,39.28611],[-2.34935,39.27904],[-2.36132,39.25611],[-2.36109,39.24655],[-2.37427,39.23282],[-2.38541,39.24391],[-2.40937,39.25718],[-2.41959,39.26476],[-2.43237,39.27758],[-2.45483,39.29262],[-2.46751,39.30641],[-2.48376,39.31555],[-2.49154,39.32451],[-2.51112,39.34217],[-2.52897,39.32798],[-2.53206,39.32902],[-2.54754,39.32382],[-2.56789,39.32763],[-2.58573,39.33645],[-2.59982,39.33966],[-2.62,39.33931],[-2.62936,39.33405],[-2.63533,39.32763],[-2.65576,39.32563],[-2.67771,39.3213],[-2.68479,39.32276],[-2.69235,39.31858],[-2.70547,39.32254],[-2.71951,39.32034],[-2.73627,39.32077],[-2.74293,39.3183],[-2.73721,39.29825],[-2.72618,39.28553],[-2.72269,39.26684],[-2.72919,39.2564],[-2.74248,39.24426],[-2.7601,39.23043],[-2.77049,39.21682],[-2.77408,39.208],[-2.78206,39.1962],[-2.79421,39.18598],[-2.80733,39.17785],[-2.8192,39.15787],[-2.83446,39.14061],[-2.84167,39.13532],[-2.83313,39.11899],[-2.83167,39.10497],[-2.82262,39.09218],[-2.81587,39.09398],[-2.8061,39.0801],[-2.80717,39.06197],[-2.8094,39.05135],[-2.80699,39.04292],[-2.80993,39.02383],[-2.83226,39.02324],[-2.83746,39.01385],[-2.83814,39.00374],[-2.84591,38.98485],[-2.85865,38.97506],[-2.8655,38.96652],[-2.87847,38.9554],[-2.88289,38.93849],[-2.87622,38.92551],[-2.86569,38.92904],[-2.85766,38.92738],[-2.84282,38.91564],[-2.83581,38.90597],[-2.79928,38.90805],[-2.79246,38.90555],[-2.79065,38.89157],[-2.78041,38.88611],[-2.76231,38.88077],[-2.76153,38.86964],[-2.7564,38.86779],[-2.75107,38.84759],[-2.74933,38.83153],[-2.75238,38.82316],[-2.75028,38.80711],[-2.73548,38.79639],[-2.73224,38.78185],[-2.71137,38.78522],[-2.69742,38.78341],[-2.68326,38.77255],[-2.67457,38.76161],[-2.66606,38.75884],[-2.66299,38.75353],[-2.64346,38.74638],[-2.63789,38.73462],[-2.64182,38.72115],[-2.64675,38.71548],[-2.64971,38.70082],[-2.64902,38.693],[-2.65468,38.68077],[-2.65556,38.67143],[-2.66046,38.66686],[-2.66885,38.64922],[-2.67493,38.64817],[-2.68871,38.6346],[-2.70225,38.62479],[-2.71491,38.62488],[-2.72557,38.61702],[-2.73734,38.61759],[-2.7438,38.62382],[-2.76159,38.62781],[-2.75728,38.62026],[-2.7501,38.61557],[-2.75461,38.60134],[-2.75436,38.59267],[-2.75878,38.58037],[-2.76684,38.5738],[-2.76259,38.56176],[-2.74849,38.54477],[-2.75453,38.54226],[-2.76456,38.53207]]]},"properties":{"codi_prov":"02","provincia":"Albacete","codi_ccaa":"08"}},{"type":"Feature","geometry":{"type":"Polygon","coordinates":[[[-0.76241,37.8466],[-0.76198,37.86271],[-0.75425,37.87256],[-0.75043,37.89756],[-0.74097,37.90913],[-0.72787,37.91363],[-0.72219,37.92055],[-0.71761,37.93717],[-0.70543,37.94123],[-0.70363,37.95504],[-0.69651,37.96968],[-0.68584,37.97565],[-0.67949,37.97282],[-0.66422,37.97797],[-0.6545,37.98808],[-0.65551,37.99163],[-0.64736,38.00425],[-0.65228,38.00876],[-0.65276,38.02539],[-0.65087,38.05267],[-0.64614,38.0908],[-0.64128,38.11183],[-0.63816,38.13203],[-0.63314,38.14512],[-0.61073,38.17723],[-0.59738,38.1869],[-0.57906,38.19089],[-0.56174,38.19107],[-0.5377,38.1883],[-0.51723,38.19462],[-0.50972,38.20254],[-0.50745,38.21837],[-0.51332,38.23472],[-0.5187,38.26757],[-0.51976,38.29789],[-0.51692,38.3101],[-0.50921,38.32763],[-0.50409,38.3309],[-0.49338,38.32931],[-0.48652,38.3347],[-0.48735,38.33927],[-0.47298,38.34838],[-0.44239,38.36292],[-0.43444,38.35535],[-0.41134,38.35201],[-0.40947,38.36041],[-0.40797,38.38432],[-0.4051,38.39965],[-0.40077,38.41157],[-0.39043,38.41692],[-0.38922,38.42658],[-0.37494,38.44309],[-0.35723,38.44867],[-0.30264,38.48212],[-0.28623,38.4887],[-0.28194,38.48835],[-0.26759,38.4948],[-0.23294,38.50134],[-0.22539,38.50731],[-0.21276,38.50962],[-0.19677,38.51518],[-0.17203,38.51631],[-0.16742,38.52405],[-0.15383,38.53427],[-0.14377,38.53627],[-0.13158,38.53424],[-0.11083,38.53391],[-0.1089,38.5289],[-0.09666,38.524],[-0.08622,38.53328],[-0.07615,38.53746],[-0.06428,38.5506],[-0.04867,38.5636],[-0.06418,38.57288],[-0.062,38.58191],[-0.05495,38.59175],[-0.0423,38.60264],[-0.03226,38.61541],[-0.01594,38.62653],[-0.00645,38.63032],[0.00899,38.63039],[0.02167,38.62841],[0.03036,38.63084],[0.03553,38.63646],[0.04537,38.64066],[0.06748,38.64029],[0.07294,38.64248],[0.07777,38.65317],[0.08831,38.66476],[0.09792,38.67235],[0.11548,38.67505],[0.12563,38.6852],[0.13672,38.68724],[0.15498,38.68693],[0.1561,38.69827],[0.16469,38.70401],[0.16746,38.71056],[0.17394,38.7121],[0.18866,38.72306],[0.19918,38.72565],[0.20673,38.7326],[0.21959,38.73097],[0.23067,38.73283],[0.23274,38.74528],[0.22564,38.74495],[0.22185,38.75905],[0.21044,38.76044],[0.19164,38.77526],[0.18424,38.78493],[0.1821,38.79406],[0.18511,38.79854],[0.1989,38.80181],[0.19144,38.80778],[0.17387,38.8136],[0.16185,38.82056],[0.14755,38.83125],[0.13663,38.83403],[0.12475,38.8334],[0.10935,38.84592],[0.09491,38.85369],[0.07677,38.85681],[0.05151,38.86354],[0.04199,38.86016],[0.0335,38.86028],[0.0204,38.86532],[0.01675,38.86373],[-0.01164,38.87059],[-0.02241,38.87596],[-0.03757,38.88676],[-0.03712,38.88196],[-0.02959,38.87446],[-0.02711,38.86154],[-0.03346,38.85745],[-0.04213,38.85789],[-0.04589,38.86458],[-0.05695,38.86906],[-0.06571,38.87601],[-0.06798,38.88357],[-0.07879,38.884],[-0.08929,38.87816],[-0.09085,38.87313],[-0.10209,38.87503],[-0.12239,38.86711],[-0.14808,38.85843],[-0.15509,38.86048],[-0.15376,38.87189],[-0.15968,38.88351],[-0.16756,38.87989],[-0.18007,38.87876],[-0.19764,38.86632],[-0.19632,38.85944],[-0.23054,38.85349],[-0.23927,38.85755],[-0.25955,38.85978],[-0.27338,38.86402],[-0.28911,38.87262],[-0.29925,38.88169],[-0.31081,38.88151],[-0.31271,38.87499],[-0.32367,38.86349],[-0.33571,38.86404],[-0.35207,38.8596],[-0.358,38.84916],[-0.38291,38.83448],[-0.40221,38.83979],[-0.40407,38.83312],[-0.44027,38.82382],[-0.44431,38.8205],[-0.46062,38.81486],[-0.46204,38.80728],[-0.47449,38.80386],[-0.51583,38.80683],[-0.52564,38.81058],[-0.53531,38.81036],[-0.54882,38.8057],[-0.58056,38.80032],[-0.59522,38.7951],[-0.58865,38.77448],[-0.58426,38.76836],[-0.57561,38.76421],[-0.56564,38.75543],[-0.54734,38.76004],[-0.53791,38.76571],[-0.52963,38.76709],[-0.52088,38.75669],[-0.50747,38.75526],[-0.50712,38.74297],[-0.53494,38.73304],[-0.55226,38.71678],[-0.58416,38.70856],[-0.60373,38.69539],[-0.60893,38.69442],[-0.61805,38.68665],[-0.6287,38.68655],[-0.63812,38.69768],[-0.64355,38.71833],[-0.64344,38.72777],[-0.6532,38.73055],[-0.67106,38.73164],[-0.67757,38.72911],[-0.68878,38.74127],[-0.70469,38.73412],[-0.71719,38.75058],[-0.72221,38.75367],[-0.73329,38.7517],[-0.73716,38.75667],[-0.75208,38.75538],[-0.76146,38.74906],[-0.77048,38.75061],[-0.77959,38.74669],[-0.78759,38.74654],[-0.79245,38.73939],[-0.80664,38.73531],[-0.81742,38.73795],[-0.83023,38.73248],[-0.83549,38.74064],[-0.86197,38.77122],[-0.88539,38.77162],[-0.8877,38.7692],[-0.90512,38.76724],[-0.91369,38.76967],[-0.91772,38.77604],[-0.91532,38.78137],[-0.92914,38.78365],[-0.94955,38.77624],[-0.9617,38.77452],[-0.95567,38.75791],[-0.94679,38.7413],[-0.92773,38.71308],[-0.92754,38.70681],[-0.91579,38.69596],[-0.92997,38.6799],[-0.96247,38.65693],[-0.99155,38.65507],[-1.00908,38.65827],[-1.02614,38.65561],[-1.02395,38.64012],[-1.01585,38.63517],[-1.01204,38.60616],[-1.00152,38.57266],[-1.00916,38.55865],[-1.01592,38.53713],[-1.02605,38.52276],[-1.01765,38.50255],[-1.01369,38.49673],[-1.03449,38.47452],[-1.05937,38.45575],[-1.08201,38.44116],[-1.09416,38.43793],[-1.07719,38.43143],[-1.08522,38.42903],[-1.08798,38.4053],[-1.08689,38.396],[-1.0881,38.36776],[-1.08438,38.34619],[-1.05861,38.34549],[-1.02802,38.33841],[-1.01094,38.33136],[-0.98934,38.32071],[-0.98455,38.3071],[-0.97133,38.29021],[-0.96799,38.27576],[-0.96806,38.25577],[-0.97776,38.23833],[-0.9888,38.19941],[-0.99888,38.18414],[-1.00496,38.17215],[-1.02703,38.14631],[-1.03674,38.13772],[-1.03069,38.11572],[-1.03034,38.09708],[-1.0226,38.07569],[-1.00726,38.05505],[-0.9984,38.05171],[-0.98087,38.02957],[-0.96575,38.01268],[-0.94852,37.98538],[-0.93539,37.96936],[-0.92119,37.94424],[-0.90018,37.92313],[-0.85722,37.88522],[-0.85425,37.88427],[-0.8371,37.86916],[-0.8292,37.86391],[-0.80388,37.85929],[-0.78966,37.84787],[-0.78088,37.84459],[-0.77049,37.84392],[-0.76241,37.8466]]]},"properties":{"codi_prov":"03","provincia":"Alicante/Alacant","codi_ccaa":"10"}},{"type":"Feature","geometry":{"type":"Polygon","coordinates":[[[-3.12868,36.75087],[-3.11403,36.75098],[-3.06945,36.74614],[-3.02258,36.74719],[-3.00802,36.74129],[-2.99453,36.74451],[-2.97787,36.73849],[-2.96638,36.74115],[-2.95607,36.74606],[-2.93887,36.7511],[-2.91914,36.75003],[-2.89638,36.73693],[-2.87395,36.71598],[-2.85754,36.69858],[-2.84512,36.69555],[-2.83272,36.7038],[-2.8156,36.70629],[-2.79162,36.69857],[-2.77995,36.68839],[-2.77042,36.68292],[-2.76019,36.68029],[-2.74304,36.68371],[-2.71515,36.68535],[-2.70093,36.68298],[-2.67559,36.69374],[-2.65013,36.70029],[-2.61965,36.72696],[-2.61167,36.73973],[-2.60441,36.7647],[-2.59982,36.77488],[-2.58545,36.79323],[-2.56823,36.81129],[-2.56192,36.81613],[-2.53319,36.81874],[-2.52263,36.82493],[-2.50269,36.82461],[-2.4921,36.82777],[-2.48609,36.83351],[-2.475,36.83682],[-2.45931,36.83124],[-2.43352,36.81441],[-2.42348,36.81464],[-2.41013,36.82034],[-2.40253,36.82785],[-2.37067,36.84051],[-2.36149,36.8416],[-2.3391,36.83681],[-2.3306,36.83694],[-2.31855,36.83354],[-2.29094,36.81985],[-2.2701,36.80338],[-2.24145,36.77608],[-2.20182,36.73074],[-2.20084,36.72692],[-2.18518,36.72061],[-2.17681,36.72425],[-2.16737,36.72236],[-2.15711,36.72977],[-2.13331,36.72994],[-2.12206,36.73319],[-2.11975,36.74878],[-2.11282,36.74847],[-2.10667,36.76224],[-2.09365,36.76505],[-2.09054,36.76281],[-2.06513,36.77586],[-2.06199,36.7832],[-2.06264,36.80321],[-2.06052,36.80911],[-2.02537,36.83488],[-2.00365,36.83605],[-1.99865,36.85658],[-2.00489,36.85887],[-2.00111,36.8702],[-2.00224,36.88333],[-1.9938,36.88698],[-1.99208,36.89373],[-1.98456,36.90061],[-1.97772,36.90294],[-1.96744,36.8988],[-1.96392,36.90775],[-1.95362,36.91926],[-1.94597,36.93289],[-1.93322,36.9391],[-1.91597,36.93407],[-1.90639,36.93619],[-1.89727,36.94996],[-1.89945,36.95961],[-1.90129,36.98563],[-1.89524,36.99457],[-1.89014,36.99512],[-1.88803,37.00756],[-1.87768,37.01449],[-1.87865,37.02647],[-1.87661,37.03395],[-1.86293,37.04561],[-1.86194,37.0522],[-1.84979,37.06869],[-1.84998,37.09101],[-1.84532,37.10724],[-1.83334,37.11892],[-1.82741,37.1411],[-1.82322,37.15175],[-1.82363,37.16874],[-1.81903,37.18481],[-1.81261,37.19482],[-1.80626,37.21409],[-1.79709,37.2303],[-1.77406,37.24009],[-1.77306,37.24581],[-1.76207,37.25628],[-1.75839,37.26346],[-1.74858,37.268],[-1.74475,37.2753],[-1.73084,37.28407],[-1.72139,37.29543],[-1.70608,37.30667],[-1.68889,37.33941],[-1.67708,37.35285],[-1.67056,37.35723],[-1.6508,37.35659],[-1.64847,37.36542],[-1.64254,37.37301],[-1.63012,37.37523],[-1.66597,37.40086],[-1.70502,37.42102],[-1.73708,37.44263],[-1.77984,37.44698],[-1.7963,37.45219],[-1.81176,37.45156],[-1.80856,37.43353],[-1.84509,37.45502],[-1.85889,37.47991],[-1.87131,37.48958],[-1.87429,37.49448],[-1.91029,37.53859],[-1.93197,37.56435],[-1.94306,37.57469],[-1.95378,37.58795],[-1.95528,37.60086],[-1.96514,37.60504],[-1.97048,37.61443],[-1.97868,37.62203],[-1.98148,37.63599],[-1.98747,37.64519],[-2.002,37.65561],[-2.0081,37.66978],[-2.01192,37.67254],[-2.00977,37.68679],[-2.01265,37.7006],[-2.00786,37.71207],[-2.00765,37.71979],[-1.99583,37.72805],[-2.00254,37.74778],[-2.00617,37.77003],[-2.00884,37.77495],[-2.00391,37.7918],[-2.00171,37.80491],[-1.99648,37.81901],[-1.99951,37.82314],[-1.99528,37.84139],[-1.98836,37.85346],[-1.97799,37.85977],[-1.97422,37.86847],[-1.99322,37.87954],[-1.99878,37.87583],[-2.00487,37.88001],[-2.01978,37.86895],[-2.04787,37.87491],[-2.05058,37.87956],[-2.09727,37.8769],[-2.10821,37.88099],[-2.10955,37.88977],[-2.11839,37.89413],[-2.12261,37.9],[-2.13436,37.89791],[-2.15027,37.8978],[-2.15723,37.89189],[-2.16322,37.89295],[-2.17215,37.88865],[-2.18492,37.90375],[-2.20779,37.91625],[-2.25078,37.89718],[-2.26568,37.88092],[-2.28852,37.88514],[-2.29495,37.87632],[-2.29628,37.85977],[-2.29385,37.84157],[-2.28939,37.83148],[-2.29357,37.82813],[-2.3018,37.81023],[-2.30023,37.80349],[-2.29128,37.7892],[-2.28549,37.786],[-2.27678,37.77622],[-2.28707,37.75141],[-2.29472,37.74817],[-2.29689,37.7415],[-2.30752,37.72327],[-2.30659,37.71022],[-2.31328,37.71137],[-2.32307,37.69486],[-2.32603,37.67574],[-2.31951,37.65963],[-2.31996,37.64809],[-2.30874,37.63517],[-2.31582,37.62219],[-2.34175,37.62378],[-2.34543,37.62922],[-2.36377,37.62147],[-2.37365,37.62905],[-2.38978,37.62914],[-2.38879,37.61801],[-2.37598,37.61226],[-2.3679,37.59158],[-2.36981,37.58101],[-2.36746,37.56305],[-2.3743,37.55735],[-2.35573,37.54699],[-2.36042,37.5346],[-2.35851,37.52229],[-2.36264,37.52003],[-2.38115,37.52292],[-2.40295,37.51556],[-2.4117,37.52494],[-2.41604,37.51598],[-2.43428,37.50948],[-2.44008,37.51117],[-2.45632,37.50943],[-2.46197,37.49869],[-2.45752,37.49083],[-2.4741,37.48347],[-2.50309,37.48351],[-2.51415,37.47953],[-2.53001,37.46515],[-2.54121,37.45853],[-2.55102,37.45573],[-2.55669,37.45038],[-2.56845,37.44639],[-2.57761,37.42887],[-2.59678,37.42102],[-2.61506,37.40569],[-2.63562,37.39421],[-2.64096,37.3828],[-2.64201,37.37337],[-2.63529,37.36547],[-2.63729,37.34333],[-2.6546,37.34061],[-2.65067,37.32603],[-2.65449,37.32032],[-2.65174,37.30899],[-2.6588,37.29934],[-2.66443,37.2869],[-2.66432,37.27256],[-2.66171,37.26668],[-2.66751,37.24952],[-2.66629,37.23809],[-2.65763,37.22892],[-2.6594,37.21355],[-2.66837,37.21678],[-2.67616,37.21596],[-2.69096,37.21834],[-2.70494,37.22278],[-2.71425,37.23159],[-2.72532,37.23114],[-2.73302,37.23732],[-2.73999,37.22876],[-2.75903,37.22671],[-2.76209,37.2331],[-2.77261,37.2414],[-2.77979,37.25107],[-2.7761,37.25544],[-2.77896,37.26263],[-2.79472,37.26336],[-2.80223,37.26811],[-2.81718,37.27237],[-2.81993,37.27805],[-2.82883,37.28012],[-2.84136,37.27962],[-2.85116,37.27607],[-2.85566,37.26861],[-2.85905,37.25051],[-2.86371,37.24703],[-2.87498,37.23156],[-2.8728,37.22011],[-2.88029,37.20388],[-2.87929,37.19249],[-2.88881,37.18194],[-2.89521,37.16715],[-2.91022,37.1637],[-2.91495,37.15818],[-2.92771,37.15745],[-2.93221,37.13793],[-2.94064,37.13108],[-2.94414,37.11901],[-2.9428,37.11226],[-2.94835,37.10547],[-2.95091,37.09652],[-2.97014,37.09651],[-2.98528,37.0929],[-3.00394,37.09711],[-3.01501,37.11328],[-3.02639,37.11657],[-3.02958,37.11325],[-3.02198,37.09891],[-3.02393,37.08442],[-3.01776,37.07064],[-3.01623,37.05221],[-3.00771,37.03892],[-3.0055,37.02294],[-2.99958,37.02206],[-2.99894,37.01222],[-2.98251,37.00597],[-2.97683,36.98699],[-2.97842,36.97385],[-2.98501,36.97191],[-2.98477,36.96443],[-2.9905,36.95818],[-3.00664,36.95734],[-3.02218,36.95408],[-3.03221,36.94229],[-3.03132,36.92459],[-3.04589,36.91987],[-3.05586,36.91184],[-3.06952,36.91235],[-3.07051,36.90118],[-3.06242,36.89545],[-3.05664,36.88506],[-3.04327,36.87912],[-3.03576,36.8636],[-3.03208,36.86095],[-3.02901,36.84444],[-3.04329,36.83171],[-3.07395,36.82468],[-3.07745,36.81966],[-3.09268,36.80978],[-3.10867,36.80329],[-3.11686,36.79817],[-3.13106,36.79284],[-3.13999,36.78509],[-3.13424,36.78151],[-3.13684,36.76644],[-3.12868,36.75087]]]},"properties":{"codi_prov":"04","provincia":"Almería","codi_ccaa":"01"}},{"type":"Feature","geometry":{"type":"Polygon","coordinates":[[[-5.33569,40.11515],[-5.31584,40.10703],[-5.29722,40.10937],[-5.26591,40.11154],[-5.26295,40.10917],[-5.23827,40.10718],[-5.2172,40.10795],[-5.21014,40.10513],[-5.21067,40.09526],[-5.20741,40.0859],[-5.19957,40.08193],[-5.18479,40.08907],[-5.17331,40.08541],[-5.1548,40.0932],[-5.14241,40.09158],[-5.1408,40.09726],[-5.12932,40.10168],[-5.10867,40.11636],[-5.10147,40.12712],[-5.08918,40.1237],[-5.08617,40.13464],[-5.07718,40.13677],[-5.07827,40.14192],[-5.07022,40.149],[-5.06177,40.15169],[-5.04147,40.15141],[-5.02917,40.15796],[-5.01688,40.15911],[-5.01539,40.14635],[-5.01266,40.14449],[-5.0063,40.12635],[-5.01273,40.11163],[-5.00555,40.11003],[-4.98764,40.11645],[-4.98226,40.1157],[-4.96373,40.12205],[-4.95959,40.13052],[-4.95296,40.13423],[-4.9452,40.13242],[-4.92529,40.13627],[-4.91807,40.15236],[-4.92411,40.17057],[-4.90658,40.17775],[-4.88645,40.19114],[-4.87666,40.19194],[-4.87335,40.19988],[-4.86205,40.20504],[-4.83997,40.20964],[-4.82083,40.22274],[-4.82126,40.23009],[-4.80864,40.23683],[-4.81061,40.24481],[-4.81781,40.25531],[-4.80347,40.27527],[-4.78333,40.27022],[-4.77812,40.2656],[-4.76119,40.26094],[-4.75332,40.26409],[-4.74263,40.27528],[-4.73218,40.27091],[-4.71956,40.27549],[-4.71368,40.28084],[-4.69814,40.28219],[-4.69397,40.26598],[-4.70305,40.26294],[-4.70107,40.25668],[-4.6872,40.24961],[-4.6935,40.2411],[-4.68681,40.23577],[-4.68852,40.22586],[-4.68565,40.21845],[-4.68689,40.21051],[-4.68011,40.207],[-4.67394,40.20951],[-4.66282,40.20592],[-4.65807,40.19945],[-4.63994,40.19704],[-4.62981,40.20185],[-4.61356,40.20113],[-4.57908,40.2172],[-4.56568,40.21819],[-4.56091,40.22279],[-4.55962,40.23429],[-4.56712,40.23985],[-4.56879,40.25871],[-4.55665,40.26437],[-4.55415,40.27636],[-4.54404,40.28518],[-4.52938,40.29312],[-4.53743,40.3103],[-4.5401,40.32787],[-4.54765,40.34038],[-4.53906,40.34049],[-4.52679,40.34487],[-4.51583,40.32902],[-4.51304,40.32117],[-4.5049,40.31544],[-4.49785,40.31596],[-4.4853,40.32114],[-4.45621,40.32072],[-4.45381,40.33309],[-4.45963,40.34293],[-4.43943,40.35076],[-4.44187,40.36272],[-4.44166,40.38887],[-4.42956,40.40026],[-4.41554,40.4096],[-4.39893,40.41104],[-4.37815,40.40727],[-4.36534,40.40692],[-4.35958,40.41134],[-4.34349,40.41189],[-4.33027,40.4083],[-4.324,40.4183],[-4.33927,40.43036],[-4.33848,40.43959],[-4.33181,40.44171],[-4.32952,40.4483],[-4.31966,40.45209],[-4.31861,40.46651],[-4.32409,40.47914],[-4.32464,40.49886],[-4.32735,40.50712],[-4.32112,40.51803],[-4.32037,40.53155],[-4.3282,40.5336],[-4.32397,40.5405],[-4.3237,40.54958],[-4.31125,40.55696],[-4.28926,40.56419],[-4.28902,40.57111],[-4.28121,40.58874],[-4.28343,40.59572],[-4.27886,40.60416],[-4.28927,40.60668],[-4.28918,40.62724],[-4.28413,40.63131],[-4.2711,40.62902],[-4.26657,40.61082],[-4.26214,40.60518],[-4.23998,40.60253],[-4.21362,40.60568],[-4.19627,40.61188],[-4.17675,40.61616],[-4.16118,40.62346],[-4.17285,40.63139],[-4.16792,40.64376],[-4.16887,40.66333],[-4.17355,40.66716],[-4.17157,40.68063],[-4.16023,40.68982],[-4.1642,40.69301],[-4.18762,40.69585],[-4.21548,40.69297],[-4.22621,40.68945],[-4.2384,40.68816],[-4.24658,40.68981],[-4.26555,40.68505],[-4.27416,40.67709],[-4.26744,40.67455],[-4.25388,40.66189],[-4.25604,40.65146],[-4.2665,40.65311],[-4.28784,40.65291],[-4.31951,40.64766],[-4.32814,40.64726],[-4.33496,40.63948],[-4.35336,40.63712],[-4.38646,40.63608],[-4.39397,40.63324],[-4.40513,40.63444],[-4.41962,40.63343],[-4.41925,40.65496],[-4.42343,40.67565],[-4.43566,40.71588],[-4.43022,40.72817],[-4.42689,40.72962],[-4.43148,40.74283],[-4.43979,40.75017],[-4.45445,40.75453],[-4.45989,40.75882],[-4.47463,40.77686],[-4.4725,40.78207],[-4.48058,40.78616],[-4.48057,40.79454],[-4.47318,40.80005],[-4.47689,40.80758],[-4.48611,40.81434],[-4.48683,40.8202],[-4.49322,40.83047],[-4.50882,40.83132],[-4.52462,40.82577],[-4.5339,40.8287],[-4.54639,40.82555],[-4.55892,40.83959],[-4.54986,40.85335],[-4.53157,40.85864],[-4.5356,40.86546],[-4.53531,40.87237],[-4.5509,40.87952],[-4.55956,40.88585],[-4.55517,40.89497],[-4.55598,40.90389],[-4.55245,40.90746],[-4.55928,40.9132],[-4.55947,40.93877],[-4.56682,40.94545],[-4.56635,40.9562],[-4.57558,40.96065],[-4.59596,40.9658],[-4.60675,40.9708],[-4.61232,40.98655],[-4.61824,40.99745],[-4.61725,41.00365],[-4.63815,41.02864],[-4.65278,41.03424],[-4.66567,41.04529],[-4.68014,41.05092],[-4.69928,41.05178],[-4.70544,41.05425],[-4.71319,41.06294],[-4.71651,41.07159],[-4.71334,41.09167],[-4.71003,41.09927],[-4.71606,41.10424],[-4.71512,41.11064],[-4.72456,41.12266],[-4.71995,41.13489],[-4.7221,41.14932],[-4.729,41.15077],[-4.74893,41.14974],[-4.76708,41.14236],[-4.77876,41.145],[-4.78619,41.14356],[-4.79613,41.13579],[-4.80416,41.13573],[-4.81352,41.12938],[-4.81339,41.12202],[-4.8189,41.10795],[-4.81497,41.10345],[-4.82796,41.09915],[-4.84656,41.10047],[-4.85798,41.0996],[-4.86306,41.09521],[-4.87211,41.09789],[-4.89411,41.11314],[-4.92383,41.12414],[-4.93929,41.13187],[-4.95081,41.14071],[-4.96297,41.14011],[-4.96761,41.1523],[-4.98454,41.15224],[-4.98974,41.1608],[-5.00445,41.15893],[-5.01559,41.16234],[-5.02178,41.15355],[-5.05986,41.13862],[-5.07599,41.1394],[-5.10013,41.1471],[-5.11015,41.13691],[-5.12404,41.1356],[-5.12493,41.13205],[-5.12917,41.10538],[-5.13951,41.09983],[-5.14859,41.09215],[-5.15299,41.06374],[-5.14696,41.05416],[-5.14654,41.04364],[-5.13131,41.03625],[-5.10661,41.0295],[-5.10098,41.01432],[-5.09202,41.00693],[-5.09158,40.99432],[-5.09964,40.98957],[-5.0964,40.98473],[-5.09997,40.97268],[-5.10641,40.96337],[-5.10484,40.96025],[-5.11668,40.95428],[-5.1276,40.95412],[-5.12817,40.94858],[-5.1161,40.93076],[-5.11696,40.92418],[-5.11122,40.91493],[-5.11701,40.90456],[-5.13023,40.89948],[-5.13885,40.89372],[-5.14016,40.88757],[-5.14943,40.88159],[-5.14902,40.87732],[-5.16262,40.868],[-5.16301,40.8545],[-5.16871,40.84039],[-5.16638,40.83419],[-5.15747,40.82411],[-5.16151,40.814],[-5.17763,40.80527],[-5.17955,40.79309],[-5.18992,40.78558],[-5.20742,40.7796],[-5.21899,40.77297],[-5.21444,40.75783],[-5.22759,40.75321],[-5.2322,40.74859],[-5.24829,40.74364],[-5.25505,40.73946],[-5.26405,40.72928],[-5.27709,40.72378],[-5.29284,40.71027],[-5.31308,40.70359],[-5.32875,40.70542],[-5.33484,40.7007],[-5.33208,40.69464],[-5.34082,40.68709],[-5.34751,40.68632],[-5.3661,40.67918],[-5.37917,40.6765],[-5.387,40.66928],[-5.38581,40.66334],[-5.36589,40.64877],[-5.376,40.64646],[-5.37317,40.63881],[-5.3809,40.63249],[-5.38295,40.62076],[-5.39353,40.61829],[-5.40437,40.60846],[-5.41435,40.60977],[-5.42273,40.60525],[-5.42417,40.5975],[-5.43358,40.59092],[-5.44619,40.58579],[-5.44765,40.57959],[-5.46438,40.57759],[-5.4668,40.58044],[-5.49966,40.58159],[-5.4989,40.58991],[-5.51008,40.59037],[-5.51732,40.58291],[-5.51615,40.5713],[-5.51832,40.56378],[-5.52872,40.55405],[-5.52469,40.54073],[-5.5119,40.54816],[-5.4954,40.55171],[-5.46733,40.56003],[-5.44899,40.5615],[-5.43108,40.56723],[-5.42556,40.55664],[-5.4298,40.55197],[-5.43345,40.53297],[-5.44699,40.52002],[-5.44805,40.50942],[-5.45236,40.49409],[-5.46195,40.49119],[-5.46045,40.47404],[-5.46937,40.46222],[-5.48159,40.45685],[-5.49495,40.45935],[-5.50943,40.45912],[-5.52017,40.4485],[-5.51008,40.44053],[-5.51147,40.42629],[-5.52593,40.42236],[-5.53895,40.42449],[-5.54475,40.4231],[-5.56252,40.43974],[-5.5746,40.44425],[-5.57201,40.45445],[-5.55971,40.4634],[-5.56409,40.47283],[-5.5751,40.47639],[-5.5898,40.46725],[-5.60977,40.46807],[-5.62276,40.46576],[-5.63417,40.46045],[-5.64372,40.44627],[-5.65982,40.43534],[-5.67079,40.43196],[-5.67494,40.42721],[-5.69119,40.42199],[-5.68757,40.41568],[-5.68662,40.40066],[-5.67843,40.38671],[-5.68684,40.37637],[-5.68636,40.35537],[-5.67913,40.35083],[-5.68833,40.33856],[-5.70855,40.32976],[-5.72908,40.31036],[-5.72884,40.30388],[-5.73756,40.29412],[-5.72289,40.29141],[-5.69266,40.29211],[-5.67538,40.27959],[-5.6565,40.26994],[-5.66011,40.25822],[-5.64885,40.24958],[-5.62401,40.24706],[-5.61369,40.23328],[-5.61891,40.22386],[-5.61004,40.21548],[-5.59435,40.21636],[-5.56791,40.20627],[-5.56357,40.20263],[-5.54928,40.19794],[-5.53096,40.19472],[-5.51728,40.19741],[-5.50968,40.20186],[-5.49913,40.19894],[-5.48687,40.20513],[-5.47091,40.20785],[-5.46807,40.22415],[-5.45052,40.22782],[-5.43977,40.23363],[-5.42983,40.25226],[-5.4118,40.2553],[-5.39638,40.2503],[-5.3743,40.25733],[-5.36786,40.25534],[-5.35892,40.26304],[-5.34349,40.26337],[-5.35509,40.23422],[-5.35983,40.22518],[-5.37014,40.21693],[-5.3698,40.21107],[-5.36278,40.20269],[-5.36747,40.19692],[-5.36395,40.17875],[-5.36852,40.164],[-5.36107,40.15748],[-5.3528,40.14479],[-5.34974,40.13339],[-5.33682,40.12392],[-5.33569,40.11515]]]},"properties":{"codi_prov":"05","provincia":"Ávila","codi_ccaa":"07"}},{"type":"Feature","geometry":{"type":"Polygon","coordinates":[[[-7.23148,39.27826],[-7.24803,39.25337],[-7.24204,39.24221],[-7.24174,39.23437],[-7.24515,39.22592],[-7.24,39.21788],[-7.24147,39.20825],[-7.22777,39.20048],[-7.22161,39.1933],[-7.20089,39.18574],[-7.19342,39.1872],[-7.1812,39.1814],[-7.16342,39.18025],[-7.1471,39.17194],[-7.13457,39.17121],[-7.13207,39.16456],[-7.13681,39.15376],[-7.13629,39.14661],[-7.14183,39.13934],[-7.14358,39.12769],[-7.14933,39.1212],[-7.14404,39.10863],[-7.10534,39.0992],[-7.101,39.10448],[-7.07817,39.10933],[-7.0537,39.11771],[-7.03879,39.11839],[-7.0282,39.11565],[-7.00896,39.10416],[-6.99604,39.09929],[-6.98092,39.08782],[-6.97044,39.07264],[-6.96895,39.06682],[-6.95943,39.05447],[-6.96782,39.03949],[-6.95114,39.0236],[-6.96421,39.01132],[-6.98661,38.97634],[-7.0135,38.94876],[-7.02174,38.93799],[-7.02627,38.92451],[-7.03266,38.91835],[-7.05192,38.90709],[-7.04167,38.89788],[-7.03896,38.89203],[-7.04047,38.88385],[-7.03323,38.87759],[-7.03951,38.87044],[-7.03916,38.86466],[-7.04737,38.86332],[-7.05302,38.85807],[-7.06836,38.85418],[-7.08533,38.83079],[-7.08843,38.8218],[-7.09796,38.81511],[-7.10458,38.81701],[-7.12369,38.8156],[-7.14778,38.80059],[-7.15613,38.79173],[-7.1612,38.78118],[-7.16573,38.77799],[-7.19032,38.76846],[-7.20713,38.74565],[-7.22914,38.73603],[-7.2409,38.7351],[-7.25884,38.72384],[-7.25719,38.7133],[-7.26596,38.69802],[-7.26818,38.68701],[-7.26589,38.6771],[-7.26957,38.66662],[-7.26985,38.64407],[-7.27175,38.63758],[-7.26673,38.62861],[-7.24631,38.62813],[-7.2432,38.62348],[-7.25714,38.61317],[-7.26426,38.5878],[-7.26996,38.58415],[-7.27573,38.57534],[-7.28661,38.57222],[-7.28637,38.56356],[-7.29306,38.55346],[-7.3029,38.54412],[-7.30165,38.52815],[-7.30603,38.51975],[-7.31391,38.51364],[-7.3153,38.49648],[-7.32089,38.48451],[-7.32039,38.47586],[-7.31201,38.47479],[-7.30199,38.48276],[-7.2961,38.47612],[-7.30243,38.46508],[-7.31352,38.4604],[-7.31499,38.44926],[-7.32968,38.4449],[-7.32568,38.43944],[-7.31536,38.43937],[-7.30065,38.42711],[-7.28797,38.42498],[-7.27975,38.41968],[-7.27997,38.41334],[-7.27453,38.40002],[-7.26879,38.39163],[-7.25608,38.37937],[-7.24819,38.36951],[-7.23321,38.35775],[-7.21965,38.3425],[-7.21451,38.34092],[-7.20226,38.32903],[-7.19108,38.30784],[-7.17549,38.28846],[-7.16126,38.27928],[-7.15595,38.279],[-7.15281,38.26787],[-7.14301,38.26162],[-7.14496,38.25108],[-7.14243,38.23971],[-7.1344,38.2271],[-7.12198,38.21277],[-7.11266,38.20629],[-7.11348,38.20315],[-7.10725,38.18785],[-7.0967,38.17887],[-7.0895,38.17871],[-7.0841,38.16951],[-7.07507,38.17644],[-7.06844,38.17767],[-7.06662,38.18647],[-7.05674,38.1861],[-7.05251,38.17956],[-7.04323,38.18728],[-7.0286,38.18251],[-7.02255,38.18542],[-7.00942,38.19833],[-7.01142,38.20436],[-6.99514,38.20382],[-6.98043,38.21128],[-6.97268,38.20227],[-6.95641,38.21709],[-6.94737,38.2163],[-6.93589,38.22004],[-6.93849,38.20756],[-6.93156,38.20821],[-6.92327,38.20057],[-6.90151,38.20133],[-6.89246,38.19541],[-6.8833,38.19353],[-6.85812,38.17985],[-6.84843,38.17724],[-6.82237,38.17382],[-6.80572,38.17866],[-6.79509,38.17854],[-6.79283,38.17295],[-6.79426,38.15987],[-6.7989,38.15524],[-6.79954,38.1438],[-6.80853,38.13554],[-6.81581,38.12014],[-6.80911,38.11173],[-6.77884,38.10945],[-6.77005,38.11211],[-6.75843,38.09289],[-6.74768,38.09146],[-6.72417,38.09691],[-6.71577,38.09287],[-6.70752,38.09644],[-6.69584,38.09468],[-6.68043,38.09747],[-6.66037,38.09237],[-6.65303,38.09648],[-6.6221,38.09701],[-6.61246,38.0859],[-6.60739,38.08343],[-6.59432,38.06686],[-6.58053,38.05277],[-6.58446,38.04424],[-6.58385,38.03425],[-6.58717,38.02678],[-6.58233,38.02085],[-6.57215,38.02023],[-6.56524,38.02699],[-6.54569,38.02812],[-6.52824,38.02221],[-6.49467,38.01897],[-6.49174,38.00947],[-6.46593,38.01076],[-6.4726,38.01646],[-6.47386,38.02443],[-6.46586,38.03532],[-6.46093,38.03569],[-6.45235,38.04288],[-6.44361,38.04696],[-6.45244,38.05596],[-6.44432,38.0596],[-6.4362,38.0575],[-6.4139,38.05856],[-6.39011,38.04843],[-6.36725,38.04892],[-6.363,38.04308],[-6.35817,38.02822],[-6.3591,38.01666],[-6.35491,38.00985],[-6.34053,37.99983],[-6.32929,37.99827],[-6.31995,37.99027],[-6.30913,37.98518],[-6.30337,37.97824],[-6.29045,37.97698],[-6.28071,37.97365],[-6.26629,37.97348],[-6.25195,37.97138],[-6.24603,37.96311],[-6.23324,37.95794],[-6.21481,37.96149],[-6.20608,37.95937],[-6.20124,37.96193],[-6.19433,37.95509],[-6.19624,37.94912],[-6.18024,37.94103],[-6.17625,37.94708],[-6.16475,37.95571],[-6.15172,37.95898],[-6.14936,37.9657],[-6.14173,37.96637],[-6.13691,37.97201],[-6.12978,37.97306],[-6.11872,37.98048],[-6.10485,37.98274],[-6.09445,37.98161],[-6.08982,37.98467],[-6.07785,37.98463],[-6.05171,37.99684],[-6.03789,37.99515],[-6.03075,37.99759],[-6.0171,37.99112],[-6.00628,37.99141],[-5.99469,37.99805],[-5.96092,37.99975],[-5.95369,37.99535],[-5.94057,38.01489],[-5.93291,38.03232],[-5.93698,38.04048],[-5.93398,38.04715],[-5.92751,38.05042],[-5.91967,38.04967],[-5.91791,38.05643],[-5.90804,38.06825],[-5.91081,38.0782],[-5.92834,38.08772],[-5.92638,38.10501],[-5.90733,38.12397],[-5.8953,38.13053],[-5.88066,38.13228],[-5.87818,38.13876],[-5.87757,38.15513],[-5.87429,38.15857],[-5.85657,38.1615],[-5.85576,38.16839],[-5.83786,38.17443],[-5.824,38.16993],[-5.81124,38.17819],[-5.80034,38.1746],[-5.79116,38.17786],[-5.78299,38.18509],[-5.76113,38.18281],[-5.75916,38.18073],[-5.74201,38.19384],[-5.72816,38.19742],[-5.72323,38.19244],[-5.68861,38.18188],[-5.68884,38.17122],[-5.69501,38.17109],[-5.70556,38.16362],[-5.69494,38.15139],[-5.70897,38.14224],[-5.71479,38.13421],[-5.7308,38.13711],[-5.73882,38.13282],[-5.74074,38.12654],[-5.73553,38.11575],[-5.7329,38.08752],[-5.71957,38.08507],[-5.71043,38.08105],[-5.69363,38.08374],[-5.66936,38.10176],[-5.66703,38.10908],[-5.64596,38.12517],[-5.64426,38.12928],[-5.63343,38.13812],[-5.58479,38.13171],[-5.58564,38.14035],[-5.57399,38.15066],[-5.56732,38.14797],[-5.55676,38.15022],[-5.54848,38.16117],[-5.53967,38.16069],[-5.54034,38.18503],[-5.53871,38.2006],[-5.52043,38.20757],[-5.52434,38.22261],[-5.52214,38.23225],[-5.52378,38.2492],[-5.53004,38.25519],[-5.52596,38.26412],[-5.53757,38.27301],[-5.54448,38.28308],[-5.54462,38.29339],[-5.55278,38.30449],[-5.55123,38.31098],[-5.55553,38.31773],[-5.56768,38.32348],[-5.57322,38.3315],[-5.5723,38.34191],[-5.56727,38.35133],[-5.5687,38.35664],[-5.56678,38.3772],[-5.57302,38.37835],[-5.58507,38.38584],[-5.58428,38.40097],[-5.58123,38.40449],[-5.56814,38.43339],[-5.5613,38.43609],[-5.55347,38.44496],[-5.53087,38.45457],[-5.51876,38.46341],[-5.51199,38.46357],[-5.50688,38.45738],[-5.49493,38.45906],[-5.4913,38.46643],[-5.48375,38.46668],[-5.4782,38.48474],[-5.46927,38.48452],[-5.45791,38.49516],[-5.4508,38.49799],[-5.44482,38.50492],[-5.43497,38.50422],[-5.42939,38.51334],[-5.42024,38.51244],[-5.41354,38.52407],[-5.41603,38.53021],[-5.40463,38.53549],[-5.40656,38.54388],[-5.39616,38.54591],[-5.39051,38.54005],[-5.38365,38.54368],[-5.39149,38.54887],[-5.38981,38.56217],[-5.38601,38.56681],[-5.37569,38.56826],[-5.36969,38.57768],[-5.36899,38.58492],[-5.35658,38.58548],[-5.33573,38.5785],[-5.32382,38.58056],[-5.30765,38.57799],[-5.30929,38.59443],[-5.30063,38.59905],[-5.29224,38.61081],[-5.28028,38.6122],[-5.26992,38.6216],[-5.25443,38.62572],[-5.25473,38.63229],[-5.24448,38.63343],[-5.22943,38.64706],[-5.21679,38.64847],[-5.20884,38.66744],[-5.18423,38.65973],[-5.17941,38.66472],[-5.18652,38.66984],[-5.18397,38.6756],[-5.16801,38.67732],[-5.17314,38.6879],[-5.17538,38.7003],[-5.18135,38.70664],[-5.18362,38.71835],[-5.17022,38.71657],[-5.16942,38.71307],[-5.15276,38.71633],[-5.14254,38.7138],[-5.11842,38.71603],[-5.10079,38.70772],[-5.0752,38.71692],[-5.06829,38.71757],[-5.05888,38.72428],[-5.04695,38.72909],[-5.03814,38.7335],[-5.01525,38.73564],[-5.00336,38.73313],[-4.98999,38.73976],[-4.98336,38.75146],[-4.97285,38.76084],[-4.96867,38.77511],[-4.96074,38.79078],[-4.95774,38.80362],[-4.9587,38.81034],[-4.95363,38.82996],[-4.94452,38.84713],[-4.94348,38.85438],[-4.92798,38.86993],[-4.91494,38.88744],[-4.89931,38.88898],[-4.89029,38.88656],[-4.86573,38.88709],[-4.85015,38.88157],[-4.84417,38.89326],[-4.84537,38.90443],[-4.83668,38.93056],[-4.83113,38.93561],[-4.84302,38.94509],[-4.85189,38.94731],[-4.87714,38.94795],[-4.89007,38.95218],[-4.8942,38.96031],[-4.90635,38.96338],[-4.91885,38.95785],[-4.93367,38.97558],[-4.93687,38.98527],[-4.93707,38.99687],[-4.94587,39.0103],[-4.95163,39.03145],[-4.9595,39.04605],[-4.9625,39.05873],[-4.94861,39.05625],[-4.93513,39.05642],[-4.91278,39.04782],[-4.90277,39.041],[-4.8856,39.03363],[-4.86099,39.03178],[-4.85263,39.03881],[-4.84917,39.0455],[-4.84255,39.04759],[-4.83279,39.04616],[-4.82694,39.06412],[-4.83548,39.07058],[-4.85922,39.07753],[-4.87371,39.09634],[-4.86973,39.11348],[-4.85717,39.12266],[-4.85812,39.13468],[-4.8536,39.14194],[-4.85317,39.15244],[-4.84521,39.16136],[-4.83058,39.16604],[-4.83222,39.17508],[-4.82125,39.18091],[-4.8132,39.19103],[-4.81027,39.19942],[-4.77364,39.1895],[-4.74255,39.19452],[-4.71441,39.18762],[-4.67655,39.16959],[-4.65553,39.16514],[-4.64776,39.16959],[-4.66088,39.17734],[-4.66516,39.18612],[-4.67236,39.1873],[-4.6826,39.19296],[-4.68795,39.20307],[-4.70823,39.20987],[-4.70602,39.2148],[-4.71092,39.2271],[-4.71355,39.24432],[-4.73368,39.25254],[-4.73137,39.25521],[-4.73989,39.28057],[-4.75444,39.31196],[-4.7611,39.32072],[-4.73437,39.32685],[-4.71475,39.32872],[-4.70708,39.32798],[-4.71035,39.34615],[-4.70426,39.36444],[-4.69413,39.37383],[-4.69365,39.38241],[-4.68699,39.38619],[-4.68647,39.39506],[-4.67383,39.40824],[-4.66967,39.41661],[-4.67282,39.42609],[-4.68552,39.44085],[-4.68694,39.44973],[-4.69028,39.45179],[-4.7127,39.43569],[-4.75537,39.41571],[-4.76747,39.40191],[-4.77624,39.39684],[-4.78314,39.39879],[-4.79781,39.39668],[-4.80591,39.3975],[-4.83202,39.38941],[-4.84278,39.38078],[-4.85718,39.38091],[-4.86786,39.37531],[-4.87093,39.36831],[-4.88112,39.3729],[-4.88757,39.37053],[-4.91029,39.37871],[-4.9215,39.38746],[-4.93322,39.38928],[-4.94074,39.39512],[-4.95295,39.39439],[-4.9725,39.39511],[-4.97487,39.39172],[-4.96909,39.38334],[-4.97874,39.37964],[-4.98389,39.37202],[-4.992,39.3707],[-5.00888,39.37827],[-5.0196,39.36829],[-5.04119,39.36653],[-5.05665,39.36346],[-5.0738,39.3794],[-5.08987,39.39036],[-5.11367,39.38728],[-5.11071,39.36845],[-5.11186,39.35751],[-5.11761,39.34271],[-5.12682,39.3354],[-5.15028,39.32097],[-5.17195,39.3155],[-5.17561,39.317],[-5.21789,39.30955],[-5.24762,39.30182],[-5.28309,39.31952],[-5.30319,39.31959],[-5.3103,39.3252],[-5.3232,39.33142],[-5.3399,39.33355],[-5.34637,39.31206],[-5.35271,39.28606],[-5.35552,39.26208],[-5.34792,39.24931],[-5.34715,39.23916],[-5.35337,39.22432],[-5.36726,39.21296],[-5.37608,39.18659],[-5.38431,39.1739],[-5.41267,39.15696],[-5.41808,39.15653],[-5.42787,39.16249],[-5.44128,39.15962],[-5.46514,39.16072],[-5.47207,39.17222],[-5.47883,39.17808],[-5.49356,39.1825],[-5.51139,39.19899],[-5.5135,39.20652],[-5.52432,39.20159],[-5.53175,39.19388],[-5.54139,39.2064],[-5.55185,39.21302],[-5.55705,39.20861],[-5.56481,39.21025],[-5.57048,39.20477],[-5.58406,39.20013],[-5.58974,39.20094],[-5.60528,39.19069],[-5.61309,39.1878],[-5.60666,39.17695],[-5.59356,39.16641],[-5.58735,39.15807],[-5.57656,39.15091],[-5.5802,39.14171],[-5.59243,39.13448],[-5.60135,39.13409],[-5.59658,39.12655],[-5.5841,39.11771],[-5.59349,39.10752],[-5.5988,39.10786],[-5.60399,39.10026],[-5.61066,39.09903],[-5.63846,39.09963],[-5.64751,39.10157],[-5.66269,39.08923],[-5.67018,39.0812],[-5.69009,39.08301],[-5.70163,39.08991],[-5.72227,39.1067],[-5.73524,39.1186],[-5.74739,39.1254],[-5.75518,39.1323],[-5.76791,39.13686],[-5.81037,39.14458],[-5.81925,39.12986],[-5.81853,39.11943],[-5.83345,39.11033],[-5.84768,39.1096],[-5.85435,39.1064],[-5.87208,39.10428],[-5.89971,39.09391],[-5.92472,39.08313],[-5.93736,39.08377],[-5.92554,39.09385],[-5.92666,39.10464],[-5.93791,39.10894],[-5.9504,39.10266],[-5.96686,39.08723],[-5.97222,39.07767],[-5.98169,39.06887],[-5.98722,39.0695],[-6.00369,39.05743],[-6.01147,39.0627],[-6.01254,39.08806],[-6.01641,39.10191],[-6.01398,39.10779],[-6.01624,39.11611],[-6.0157,39.12655],[-6.0186,39.12912],[-6.0313,39.1199],[-6.03849,39.1177],[-6.06223,39.10181],[-6.07862,39.0936],[-6.08914,39.08522],[-6.10569,39.06507],[-6.11276,39.06118],[-6.1286,39.04552],[-6.13031,39.04058],[-6.14217,39.03149],[-6.14618,39.04203],[-6.15286,39.04725],[-6.15403,39.05343],[-6.16847,39.05893],[-6.18399,39.05693],[-6.20293,39.05708],[-6.21561,39.06856],[-6.22549,39.08504],[-6.23091,39.08974],[-6.26054,39.09262],[-6.286,39.09784],[-6.29485,39.0978],[-6.29845,39.10303],[-6.31197,39.11104],[-6.3098,39.1232],[-6.31198,39.13234],[-6.30831,39.13929],[-6.30959,39.15596],[-6.31572,39.16093],[-6.32183,39.17149],[-6.31948,39.18395],[-6.33037,39.18653],[-6.34171,39.18383],[-6.35594,39.17748],[-6.36689,39.16604],[-6.3791,39.16277],[-6.39702,39.16665],[-6.40201,39.16448],[-6.4151,39.16577],[-6.42948,39.17333],[-6.43869,39.17584],[-6.44515,39.17342],[-6.45443,39.17458],[-6.47043,39.17325],[-6.49112,39.16792],[-6.50602,39.17279],[-6.52699,39.17744],[-6.53634,39.17685],[-6.53611,39.16278],[-6.53867,39.15527],[-6.55746,39.15785],[-6.57417,39.15835],[-6.5741,39.16769],[-6.5844,39.17111],[-6.57922,39.17896],[-6.60586,39.18802],[-6.61478,39.18875],[-6.63337,39.19684],[-6.64526,39.19335],[-6.65974,39.19907],[-6.681,39.17715],[-6.68922,39.1783],[-6.70841,39.18496],[-6.75064,39.19404],[-6.76135,39.18845],[-6.7675,39.18837],[-6.78553,39.20252],[-6.7979,39.21997],[-6.80086,39.23942],[-6.78432,39.25293],[-6.77895,39.26538],[-6.76939,39.26799],[-6.76118,39.27661],[-6.75717,39.29037],[-6.74751,39.31521],[-6.74876,39.32576],[-6.77072,39.32855],[-6.77783,39.33548],[-6.79717,39.34478],[-6.79491,39.36167],[-6.79138,39.36639],[-6.80144,39.38365],[-6.80207,39.3895],[-6.81769,39.3909],[-6.83043,39.38846],[-6.84779,39.3875],[-6.8574,39.38872],[-6.8722,39.3824],[-6.88322,39.38276],[-6.89273,39.38817],[-6.90843,39.38901],[-6.92399,39.39459],[-6.93762,39.39738],[-6.98061,39.41405],[-6.98171,39.41841],[-6.99416,39.42507],[-7.02833,39.43127],[-7.03169,39.4299],[-7.04877,39.43666],[-7.06703,39.4143],[-7.04969,39.40194],[-7.03823,39.39644],[-7.01837,39.39236],[-7.00927,39.38848],[-7.0196,39.3819],[-7.02137,39.37131],[-7.03261,39.36764],[-7.02947,39.35965],[-7.03001,39.35086],[-7.04802,39.33351],[-7.04413,39.32693],[-7.05038,39.3216],[-7.07717,39.31018],[-7.08136,39.31324],[-7.08427,39.32301],[-7.08275,39.33533],[-7.08674,39.33958],[-7.10177,39.34605],[-7.10324,39.35355],[-7.09859,39.35912],[-7.07912,39.35141],[-7.06934,39.36665],[-7.07388,39.38122],[-7.08015,39.3793],[-7.09382,39.38014],[-7.10487,39.38597],[-7.12574,39.38117],[-7.13722,39.37678],[-7.1543,39.36751],[-7.16123,39.36134],[-7.16161,39.35658],[-7.16862,39.34613],[-7.17718,39.33757],[-7.17783,39.33122],[-7.16977,39.32189],[-7.16019,39.33056],[-7.15542,39.32966],[-7.15202,39.32148],[-7.1552,39.31445],[-7.16975,39.3059],[-7.17221,39.29682],[-7.18988,39.2838],[-7.19838,39.27039],[-7.20386,39.2657],[-7.23148,39.27826]]]},"properties":{"codi_prov":"06","provincia":"Badajoz","codi_ccaa":"11"}},{"type":"Feature","geometry":{"type":"MultiPolygon","coordinates":[[[[1.18833,38.8632],[1.20205,38.8641],[1.19776,38.87077],[1.18833,38.8632]]],[[[1.21286,38.97726],[1.21808,38.98156],[1.20955,38.99099],[1.2065,38.98161],[1.21286,38.97726]]],[[[1.43224,38.77482],[1.43136,38.78426],[1.42486,38.79334],[1.41728,38.78564],[1.42759,38.78153],[1.43224,38.77482]]],[[[1.40977,38.89028],[1.42358,38.90481],[1.43687,38.9023],[1.44017,38.90937],[1.43815,38.91576],[1.45199,38.91428],[1.45918,38.91833],[1.47018,38.91281],[1.48124,38.91857],[1.48804,38.92739],[1.50429,38.93273],[1.51006,38.94668],[1.52176,38.94365],[1.52902,38.94628],[1.53301,38.9677],[1.53129,38.97942],[1.53911,38.98572],[1.54379,38.98437],[1.55156,38.99243],[1.5761,38.9908],[1.58038,38.99365],[1.57959,39.00254],[1.5892,39.01497],[1.59652,39.01844],[1.60615,39.02968],[1.61654,39.0298],[1.61862,39.03691],[1.60733,39.03647],[1.60945,39.04375],[1.59546,39.05148],[1.58804,39.064],[1.59109,39.07453],[1.60043,39.07391],[1.59983,39.08477],[1.60424,39.09089],[1.58449,39.09629],[1.56745,39.09796],[1.55714,39.09331],[1.54523,39.1055],[1.53787,39.10652],[1.54194,39.11645],[1.53253,39.11839],[1.5168,39.10958],[1.50602,39.11153],[1.50888,39.10286],[1.49893,39.10011],[1.48188,39.10131],[1.47465,39.10533],[1.46632,39.10023],[1.45265,39.09688],[1.44413,39.08809],[1.44053,39.08051],[1.42636,39.09257],[1.42018,39.08902],[1.41717,39.07774],[1.40092,39.07589],[1.39516,39.07949],[1.38655,39.07815],[1.37516,39.06227],[1.35676,39.06864],[1.34551,39.06056],[1.34154,39.05294],[1.33389,39.05498],[1.32615,39.04835],[1.30966,39.04144],[1.30081,39.03338],[1.29041,39.02723],[1.29513,39.0189],[1.2965,39.00869],[1.28446,38.99386],[1.29638,38.98532],[1.29876,38.97814],[1.30781,38.97422],[1.29875,38.96813],[1.28375,38.97422],[1.27633,38.96992],[1.26346,38.96747],[1.25143,38.96909],[1.22729,38.96907],[1.22483,38.96364],[1.21518,38.95862],[1.22039,38.9507],[1.22595,38.94849],[1.23648,38.93879],[1.22231,38.91995],[1.21981,38.91091],[1.21413,38.90514],[1.21401,38.89801],[1.22525,38.88744],[1.22208,38.87933],[1.22873,38.87312],[1.23499,38.87268],[1.24323,38.86658],[1.24851,38.85586],[1.26685,38.87764],[1.27178,38.87944],[1.28872,38.87589],[1.2972,38.87667],[1.30481,38.86867],[1.31423,38.86821],[1.32475,38.86321],[1.32966,38.86787],[1.34579,38.87033],[1.36136,38.86038],[1.37082,38.84136],[1.36943,38.83493],[1.38089,38.83497],[1.38434,38.84238],[1.39337,38.84048],[1.40531,38.83165],[1.4022,38.84902],[1.4067,38.86499],[1.40318,38.87469],[1.40977,38.89028]]],[[[1.38802,38.64102],[1.3944,38.64123],[1.40733,38.64913],[1.42074,38.66377],[1.4292,38.6652],[1.43582,38.67894],[1.44287,38.68417],[1.45691,38.68551],[1.47681,38.68183],[1.49232,38.67554],[1.51582,38.66176],[1.52414,38.65327],[1.5706,38.6505],[1.57499,38.65722],[1.58472,38.6628],[1.58238,38.67749],[1.56906,38.69162],[1.56143,38.69115],[1.54043,38.68008],[1.53039,38.67282],[1.5125,38.67953],[1.49265,38.69089],[1.48011,38.7012],[1.47816,38.71245],[1.4711,38.71908],[1.4707,38.7244],[1.45776,38.72404],[1.44808,38.73147],[1.44004,38.74362],[1.43175,38.74456],[1.42569,38.73558],[1.41711,38.73011],[1.41803,38.72196],[1.40902,38.72125],[1.40491,38.72781],[1.394,38.72882],[1.38014,38.71812],[1.38629,38.71305],[1.39026,38.70019],[1.3888,38.69283],[1.38279,38.69273],[1.38218,38.68254],[1.38743,38.66777],[1.38372,38.64839],[1.38802,38.64102]]],[[[2.30486,39.57248],[2.31854,39.57668],[2.32678,39.58661],[2.33399,39.58934],[2.33491,39.59666],[2.32209,39.59186],[2.30765,39.58187],[2.30486,39.57248]]],[[[2.59777,39.54798],[2.6081,39.55189],[2.62232,39.5493],[2.6291,39.56564],[2.64146,39.56882],[2.64526,39.56567],[2.65738,39.56394],[2.68827,39.55271],[2.69611,39.54793],[2.71152,39.53383],[2.72608,39.53129],[2.74394,39.51612],[2.75145,39.5048],[2.74525,39.49662],[2.73731,39.49268],[2.73532,39.48462],[2.722,39.47572],[2.73041,39.46241],[2.73909,39.45562],[2.74796,39.43734],[2.73965,39.41722],[2.74208,39.40618],[2.75199,39.39427],[2.77037,39.3839],[2.785,39.36843],[2.78734,39.36306],[2.79822,39.3634],[2.80493,39.3671],[2.82003,39.35776],[2.82878,39.35613],[2.84215,39.36508],[2.8557,39.36296],[2.87552,39.3628],[2.88604,39.36542],[2.89251,39.36133],[2.90526,39.35777],[2.914,39.35815],[2.93049,39.36431],[2.94939,39.36101],[2.95462,39.36282],[2.96565,39.3587],[2.98431,39.34456],[2.9908,39.33677],[2.99153,39.33069],[2.98624,39.31585],[3.00126,39.31776],[3.01418,39.30971],[3.01974,39.30391],[3.01809,39.29507],[3.0336,39.28119],[3.04153,39.28004],[3.0429,39.27349],[3.04946,39.26611],[3.05561,39.26446],[3.0733,39.26887],[3.08959,39.28546],[3.10927,39.30208],[3.11781,39.31153],[3.12922,39.31352],[3.15052,39.32692],[3.17097,39.32651],[3.18102,39.33519],[3.18682,39.33509],[3.19199,39.34504],[3.19073,39.35017],[3.20203,39.35067],[3.21302,39.36217],[3.2238,39.35688],[3.22918,39.35893],[3.23419,39.37079],[3.24364,39.37674],[3.24669,39.38645],[3.25465,39.39548],[3.2541,39.401],[3.26449,39.41118],[3.26096,39.42403],[3.27481,39.41587],[3.27781,39.44643],[3.28145,39.46317],[3.29429,39.48697],[3.29402,39.49243],[3.30234,39.50442],[3.32631,39.52707],[3.33629,39.53224],[3.34115,39.54118],[3.36628,39.55039],[3.37516,39.55974],[3.37341,39.56727],[3.37608,39.57281],[3.3835,39.57574],[3.40015,39.57679],[3.38586,39.58873],[3.38673,39.6034],[3.3926,39.61367],[3.39189,39.61814],[3.39972,39.63229],[3.40926,39.63766],[3.4267,39.63231],[3.43423,39.63275],[3.43869,39.64213],[3.43944,39.65415],[3.4434,39.65748],[3.45466,39.65484],[3.45299,39.67436],[3.45796,39.68472],[3.45345,39.6931],[3.45671,39.70551],[3.46303,39.71123],[3.47258,39.71183],[3.47572,39.72039],[3.45481,39.72091],[3.4518,39.72656],[3.4618,39.73823],[3.45085,39.74359],[3.43219,39.7451],[3.42552,39.75186],[3.4172,39.75108],[3.40377,39.76399],[3.38441,39.76447],[3.37375,39.76858],[3.36855,39.77651],[3.35907,39.77949],[3.34812,39.78937],[3.33508,39.7841],[3.33295,39.77571],[3.33591,39.76914],[3.33109,39.76176],[3.30795,39.75464],[3.30131,39.7486],[3.2945,39.74782],[3.28507,39.73986],[3.27965,39.74039],[3.26619,39.73355],[3.26044,39.73539],[3.25465,39.7295],[3.24243,39.73054],[3.2062,39.74638],[3.1784,39.7559],[3.15316,39.76772],[3.13507,39.78267],[3.12756,39.7912],[3.1199,39.80414],[3.11705,39.82146],[3.12066,39.83191],[3.13005,39.84071],[3.13687,39.84039],[3.14314,39.83415],[3.16894,39.83699],[3.17973,39.84188],[3.1965,39.85963],[3.18655,39.86334],[3.1842,39.87108],[3.19242,39.88174],[3.20181,39.88804],[3.19465,39.89335],[3.18265,39.88308],[3.16684,39.8777],[3.16255,39.87307],[3.15281,39.87215],[3.14908,39.86779],[3.13781,39.86494],[3.13344,39.86911],[3.12487,39.86302],[3.11554,39.86214],[3.10645,39.85761],[3.09076,39.86591],[3.08239,39.87795],[3.07848,39.88866],[3.08094,39.90309],[3.09048,39.91118],[3.10089,39.90893],[3.10819,39.90355],[3.11527,39.91059],[3.12884,39.91827],[3.13133,39.92687],[3.13839,39.92809],[3.14541,39.92395],[3.1544,39.92322],[3.17819,39.93737],[3.20225,39.94383],[3.2085,39.95256],[3.20599,39.95763],[3.19448,39.95438],[3.1895,39.9571],[3.16516,39.95967],[3.14613,39.95336],[3.13306,39.94488],[3.13134,39.93822],[3.11895,39.93163],[3.10599,39.93226],[3.09562,39.93589],[3.08067,39.92499],[3.07306,39.92222],[3.05544,39.92224],[3.061,39.93186],[3.05178,39.93332],[3.04383,39.92959],[3.03257,39.93033],[3.02827,39.93509],[3.00693,39.92479],[3.00186,39.92378],[2.99434,39.91502],[2.98278,39.90827],[2.9647,39.91047],[2.95069,39.92009],[2.9411,39.91281],[2.93588,39.90408],[2.91853,39.89696],[2.89756,39.89326],[2.87919,39.883],[2.87494,39.878],[2.85366,39.87439],[2.84501,39.86174],[2.83823,39.86531],[2.82728,39.85927],[2.81067,39.85829],[2.80467,39.8624],[2.79921,39.8535],[2.79054,39.85662],[2.78685,39.85274],[2.77837,39.85559],[2.77439,39.85154],[2.77609,39.84031],[2.76606,39.84089],[2.76237,39.83258],[2.75029,39.82786],[2.74281,39.83307],[2.71524,39.8183],[2.70317,39.80828],[2.69431,39.80468],[2.69318,39.79785],[2.68374,39.7939],[2.67831,39.79811],[2.66926,39.79209],[2.66352,39.78042],[2.66557,39.77554],[2.64514,39.76193],[2.63575,39.7653],[2.62269,39.74782],[2.59952,39.73271],[2.59782,39.72796],[2.58583,39.7165],[2.57857,39.71428],[2.55544,39.70008],[2.54021,39.69903],[2.52798,39.7016],[2.51569,39.69043],[2.50786,39.68963],[2.49816,39.68436],[2.49073,39.67291],[2.47979,39.66867],[2.47505,39.66177],[2.4626,39.65227],[2.43539,39.64386],[2.42133,39.63608],[2.41986,39.63016],[2.41148,39.62785],[2.39967,39.62019],[2.38493,39.61355],[2.36999,39.6146],[2.35597,39.60553],[2.35578,39.59885],[2.34709,39.59443],[2.34463,39.58723],[2.34878,39.58384],[2.35319,39.57307],[2.34776,39.56365],[2.3549,39.55871],[2.36581,39.5553],[2.37185,39.54445],[2.38698,39.54808],[2.38406,39.54162],[2.36653,39.53667],[2.37099,39.53134],[2.38813,39.53392],[2.38768,39.5209],[2.40492,39.52695],[2.40563,39.53678],[2.41832,39.53868],[2.4235,39.53592],[2.428,39.52768],[2.43915,39.52861],[2.44013,39.53348],[2.45096,39.53706],[2.45753,39.5337],[2.46621,39.52462],[2.46662,39.51916],[2.47915,39.51854],[2.47912,39.51411],[2.46682,39.51339],[2.45798,39.50499],[2.46681,39.49576],[2.47915,39.49194],[2.47618,39.48381],[2.47783,39.47766],[2.50029,39.46743],[2.50986,39.45832],[2.5232,39.45747],[2.52196,39.47178],[2.53053,39.48371],[2.53609,39.48698],[2.5381,39.50834],[2.5376,39.5195],[2.55886,39.53118],[2.58829,39.53346],[2.59777,39.54798]]],[[[2.94638,39.12564],[2.95382,39.13088],[2.96186,39.14038],[2.95668,39.14761],[2.97181,39.15388],[2.96757,39.16194],[2.95099,39.16571],[2.9488,39.15268],[2.934,39.15113],[2.92758,39.14617],[2.92114,39.15221],[2.91419,39.14416],[2.91618,39.13819],[2.92574,39.13873],[2.92643,39.13147],[2.94638,39.12564]]],[[[2.96093,39.17588],[2.96571,39.17568],[2.97162,39.18872],[2.96609,39.19054],[2.9554,39.18244],[2.96093,39.17588]]],[[[4.15635,39.85505],[4.17483,39.84301],[4.19695,39.83227],[4.21964,39.82725],[4.23659,39.81665],[4.26693,39.80937],[4.27539,39.80942],[4.28682,39.81493],[4.29615,39.82322],[4.29513,39.82662],[4.30323,39.83515],[4.29925,39.84087],[4.30844,39.84884],[4.30368,39.87112],[4.29395,39.87777],[4.29362,39.88149],[4.27853,39.88671],[4.28595,39.89168],[4.31028,39.87769],[4.31569,39.87109],[4.32774,39.877],[4.31087,39.88177],[4.3056,39.89718],[4.29842,39.89768],[4.29244,39.91046],[4.28755,39.91153],[4.28534,39.92465],[4.27434,39.93367],[4.2811,39.94259],[4.28034,39.94918],[4.27003,39.9513],[4.27024,39.95855],[4.25799,39.96304],[4.26029,39.98565],[4.2549,39.98925],[4.25734,39.99521],[4.25094,39.99863],[4.23865,40.00049],[4.23032,39.99647],[4.2005,40.00569],[4.19925,40.01312],[4.20274,40.01847],[4.19395,40.02393],[4.19531,40.03221],[4.18645,40.03235],[4.18171,40.02184],[4.17275,40.02447],[4.16811,40.02967],[4.17119,40.03601],[4.1601,40.03568],[4.1658,40.04397],[4.16298,40.04736],[4.16798,40.05847],[4.1655,40.06287],[4.15311,40.0681],[4.13758,40.06729],[4.13737,40.06071],[4.14231,40.04859],[4.13918,40.03224],[4.12087,40.03202],[4.12776,40.04964],[4.12463,40.05501],[4.10981,40.05448],[4.10336,40.04448],[4.09799,40.05844],[4.09317,40.06164],[4.09287,40.07146],[4.07814,40.06831],[4.07738,40.06194],[4.06861,40.05788],[4.05973,40.05911],[4.05428,40.05219],[4.04377,40.05458],[4.03582,40.0642],[4.01475,40.0567],[4.01018,40.05936],[3.99518,40.05893],[3.98019,40.052],[3.96888,40.05399],[3.95843,40.0612],[3.94931,40.05683],[3.941,40.05667],[3.9384,40.06165],[3.92382,40.05647],[3.9209,40.05141],[3.90917,40.04868],[3.90436,40.05737],[3.89897,40.05938],[3.87638,40.05257],[3.85335,40.05522],[3.82582,40.05275],[3.81547,40.0394],[3.8079,40.02535],[3.79228,40.01948],[3.79598,40.00895],[3.79464,39.99999],[3.81158,39.9956],[3.82259,39.997],[3.8299,39.99376],[3.83268,39.97854],[3.8299,39.96988],[3.83431,39.96052],[3.82593,39.95401],[3.82004,39.92815],[3.82245,39.92319],[3.84346,39.92575],[3.85412,39.92142],[3.86357,39.92252],[3.89638,39.92235],[3.91122,39.92506],[3.92172,39.93195],[3.93067,39.93152],[3.93762,39.93746],[3.9474,39.9333],[3.95721,39.93832],[3.96104,39.93258],[3.97633,39.93176],[4.0127,39.92017],[4.01897,39.92221],[4.04318,39.91277],[4.07861,39.89602],[4.08689,39.88518],[4.09794,39.8787],[4.12424,39.86776],[4.13234,39.86784],[4.15635,39.85505]]]]},"properties":{"codi_prov":"07","provincia":"Illes Balears","codi_ccaa":"04"}},{"type":"Feature","geometry":{"type":"MultiPolygon","coordinates":[[[[1.64574,41.19486],[1.67331,41.19824],[1.69868,41.20808],[1.70715,41.20744],[1.72821,41.21494],[1.7523,41.21959],[1.76046,41.21877],[1.77816,41.22377],[1.78673,41.22444],[1.8012,41.23219],[1.81522,41.236],[1.85279,41.23434],[1.86663,41.23911],[1.87031,41.24292],[1.89837,41.25027],[1.90345,41.25378],[1.9408,41.26336],[1.96234,41.26423],[1.99739,41.26414],[2.02336,41.26616],[2.04826,41.27051],[2.07391,41.27647],[2.10804,41.28755],[2.12917,41.29683],[2.14275,41.29927],[2.14399,41.30422],[2.15493,41.31521],[2.15073,41.31756],[2.15432,41.32789],[2.15966,41.32827],[2.1653,41.3412],[2.15332,41.3427],[2.17305,41.35651],[2.17797,41.37413],[2.1823,41.37955],[2.19273,41.37871],[2.19833,41.38689],[2.21795,41.40423],[2.22543,41.40732],[2.24474,41.43818],[2.25404,41.44917],[2.26687,41.45902],[2.29918,41.47329],[2.34087,41.48346],[2.38012,41.49519],[2.40813,41.50881],[2.41714,41.51585],[2.44307,41.52924],[2.45971,41.54148],[2.47029,41.54665],[2.4954,41.5532],[2.54772,41.5759],[2.56877,41.58145],[2.63296,41.60398],[2.63964,41.60506],[2.71905,41.62925],[2.73165,41.63686],[2.75439,41.64464],[2.76953,41.6472],[2.77758,41.65077],[2.77235,41.65911],[2.76117,41.67125],[2.75785,41.6794],[2.77022,41.68753],[2.77452,41.70029],[2.7658,41.7242],[2.77706,41.73073],[2.77603,41.73495],[2.74421,41.73488],[2.72405,41.7444],[2.70723,41.74107],[2.69893,41.74193],[2.67997,41.73985],[2.66649,41.74774],[2.65655,41.74294],[2.64239,41.74417],[2.63834,41.73473],[2.62737,41.72965],[2.6196,41.73176],[2.60222,41.7272],[2.59565,41.72883],[2.57466,41.72456],[2.5716,41.72633],[2.55027,41.7194],[2.53756,41.72164],[2.53093,41.73909],[2.51504,41.74863],[2.51813,41.75535],[2.51569,41.76077],[2.49749,41.76564],[2.48801,41.76649],[2.48206,41.7717],[2.46924,41.77793],[2.47253,41.7896],[2.4555,41.78442],[2.44392,41.78936],[2.44287,41.79894],[2.43653,41.80288],[2.41512,41.80482],[2.40473,41.8017],[2.38235,41.80875],[2.37017,41.80412],[2.35234,41.80857],[2.34336,41.82498],[2.34736,41.83244],[2.34474,41.83737],[2.33293,41.84412],[2.32532,41.85588],[2.33235,41.86298],[2.32344,41.87453],[2.32792,41.88175],[2.33781,41.8889],[2.3528,41.88468],[2.36961,41.88242],[2.37681,41.87302],[2.39309,41.87924],[2.39543,41.88478],[2.40321,41.88589],[2.40711,41.89542],[2.41502,41.89593],[2.44258,41.88753],[2.44651,41.89507],[2.45409,41.89573],[2.45994,41.90206],[2.46641,41.90347],[2.47926,41.9163],[2.47996,41.92924],[2.4704,41.93926],[2.4548,41.9408],[2.43676,41.94797],[2.44211,41.95449],[2.43949,41.96315],[2.42905,41.96569],[2.43313,41.97232],[2.44134,41.97289],[2.45224,41.96614],[2.47428,41.96952],[2.4727,41.97535],[2.48802,41.98485],[2.46881,41.99374],[2.4797,42.00028],[2.48818,41.99899],[2.49905,42.0015],[2.50129,42.01037],[2.49511,42.01158],[2.49753,42.02083],[2.503,42.02339],[2.50594,42.03233],[2.4928,42.03834],[2.48138,42.05105],[2.49614,42.05901],[2.49092,42.06808],[2.48412,42.06938],[2.47646,42.07621],[2.46688,42.07394],[2.45804,42.07928],[2.44364,42.07298],[2.42729,42.06115],[2.40903,42.07049],[2.40549,42.07866],[2.3945,42.08676],[2.3951,42.10428],[2.3799,42.10359],[2.37276,42.11591],[2.3668,42.12007],[2.34728,42.1213],[2.33896,42.11817],[2.32059,42.11673],[2.29538,42.10264],[2.29412,42.1058],[2.30374,42.11234],[2.29861,42.11741],[2.30212,42.12244],[2.29997,42.13376],[2.2927,42.13083],[2.27864,42.13437],[2.27719,42.14001],[2.26865,42.14281],[2.25803,42.13873],[2.2424,42.13803],[2.23778,42.14391],[2.21444,42.14192],[2.20577,42.13411],[2.20053,42.12397],[2.18873,42.12429],[2.18648,42.13398],[2.1634,42.13498],[2.14357,42.13092],[2.13734,42.12078],[2.12774,42.11491],[2.11316,42.11691],[2.10075,42.12367],[2.09855,42.13106],[2.10133,42.13984],[2.09031,42.14244],[2.07058,42.14173],[2.06154,42.13658],[2.05434,42.13752],[2.05132,42.14309],[2.03771,42.14326],[2.03203,42.15148],[2.02579,42.15284],[2.01385,42.14968],[2.00431,42.14969],[2.00263,42.15668],[1.99046,42.17139],[1.9913,42.18244],[1.96554,42.17874],[1.96394,42.18759],[1.96538,42.19882],[1.97661,42.19849],[1.98587,42.19428],[1.99902,42.19259],[2.00533,42.18271],[1.9959,42.17201],[2.00466,42.16246],[2.02313,42.16447],[2.03776,42.17839],[2.05756,42.17461],[2.06152,42.17959],[2.0606,42.19492],[2.05221,42.19539],[2.04805,42.22118],[2.04038,42.22086],[2.03006,42.21563],[2.02307,42.2267],[2.02496,42.23905],[2.02921,42.24282],[2.02859,42.25337],[2.04028,42.26007],[2.04245,42.26934],[2.05095,42.27394],[2.05586,42.28068],[2.06702,42.28346],[2.07019,42.28962],[2.04947,42.29662],[2.0376,42.30432],[2.01643,42.30792],[2.00572,42.30759],[1.99293,42.30091],[1.98416,42.29986],[1.96939,42.30325],[1.95166,42.31496],[1.94671,42.31216],[1.9315,42.31873],[1.91405,42.31823],[1.90278,42.32296],[1.89292,42.32109],[1.87869,42.31258],[1.85056,42.31068],[1.84249,42.30631],[1.83275,42.30154],[1.82185,42.29958],[1.80469,42.30196],[1.79698,42.29745],[1.77455,42.29059],[1.76213,42.29332],[1.73775,42.28915],[1.73674,42.28458],[1.7195,42.28329],[1.71398,42.28762],[1.70018,42.28469],[1.67437,42.28528],[1.67042,42.28147],[1.68367,42.27602],[1.69007,42.27709],[1.69506,42.26384],[1.68541,42.26044],[1.68461,42.25644],[1.69102,42.24712],[1.70457,42.23882],[1.69992,42.23025],[1.6804,42.22436],[1.6852,42.2214],[1.68035,42.20624],[1.68595,42.20662],[1.69031,42.19862],[1.70753,42.19003],[1.72111,42.19607],[1.73796,42.18946],[1.73468,42.18165],[1.73825,42.16295],[1.7348,42.15895],[1.72,42.15232],[1.7138,42.15472],[1.69849,42.1346],[1.69956,42.12791],[1.7123,42.11903],[1.7095,42.10972],[1.71157,42.10172],[1.72287,42.10008],[1.7222,42.09138],[1.7168,42.0845],[1.70763,42.08244],[1.69118,42.08679],[1.68693,42.06842],[1.67463,42.05865],[1.67247,42.04067],[1.67947,42.03822],[1.68239,42.04814],[1.69296,42.04527],[1.69716,42.03962],[1.69436,42.03494],[1.6997,42.02887],[1.68396,42.02474],[1.67834,42.01839],[1.6697,42.01541],[1.6591,42.02216],[1.65137,42.01349],[1.6577,42.00291],[1.66191,42.00126],[1.66119,41.99168],[1.66645,41.99038],[1.68477,41.99513],[1.6914,41.98677],[1.69884,41.99348],[1.69009,42.00511],[1.69867,42.01381],[1.70747,42.00709],[1.70694,42.00322],[1.71512,41.99718],[1.71749,41.98436],[1.71011,41.97975],[1.69677,41.97582],[1.6824,41.96765],[1.6708,41.96835],[1.66872,41.97191],[1.67434,41.98274],[1.6671,41.98506],[1.65111,41.97838],[1.6452,41.97113],[1.64411,41.96377],[1.6486,41.9575],[1.65005,41.94492],[1.64241,41.94053],[1.65269,41.92867],[1.64254,41.92891],[1.63243,41.92053],[1.62202,41.91512],[1.61553,41.90587],[1.6047,41.90137],[1.59951,41.90239],[1.58595,41.88828],[1.57757,41.8918],[1.56854,41.8798],[1.58345,41.87354],[1.60133,41.88429],[1.61815,41.87886],[1.62563,41.86898],[1.63031,41.85878],[1.62647,41.84863],[1.63146,41.84471],[1.61503,41.84029],[1.61001,41.83613],[1.61544,41.8303],[1.61146,41.81777],[1.59325,41.81199],[1.58881,41.80473],[1.59983,41.78903],[1.59216,41.78074],[1.58129,41.77542],[1.57464,41.782],[1.56272,41.77783],[1.56173,41.76997],[1.54832,41.77045],[1.54475,41.75739],[1.53404,41.75715],[1.53238,41.76341],[1.52039,41.77021],[1.50821,41.77373],[1.50476,41.78821],[1.4938,41.79007],[1.48588,41.78852],[1.48808,41.77875],[1.47827,41.77336],[1.46777,41.77104],[1.46384,41.77594],[1.47302,41.78251],[1.47133,41.80058],[1.46425,41.79796],[1.42647,41.80185],[1.41658,41.79495],[1.42026,41.78997],[1.41107,41.76665],[1.40494,41.74508],[1.41875,41.73884],[1.4192,41.73262],[1.40061,41.71711],[1.39541,41.71591],[1.38386,41.70728],[1.40021,41.70432],[1.39581,41.69565],[1.40393,41.69448],[1.40415,41.68624],[1.42329,41.68405],[1.41926,41.6764],[1.42584,41.66177],[1.433,41.65153],[1.44455,41.64594],[1.45072,41.64635],[1.44891,41.63667],[1.43115,41.63409],[1.40938,41.63539],[1.3915,41.63433],[1.38632,41.62612],[1.36988,41.62139],[1.36053,41.61374],[1.39356,41.59971],[1.40733,41.60034],[1.40777,41.59074],[1.39569,41.58507],[1.39253,41.5752],[1.39636,41.57716],[1.41056,41.57548],[1.41968,41.58261],[1.44748,41.57382],[1.45448,41.56919],[1.43961,41.56299],[1.43103,41.55566],[1.43368,41.55043],[1.44672,41.55239],[1.44858,41.53707],[1.43618,41.53924],[1.42516,41.53186],[1.40872,41.53493],[1.40102,41.5288],[1.39745,41.51868],[1.40461,41.50661],[1.41532,41.50535],[1.42254,41.49966],[1.43699,41.4983],[1.44604,41.49482],[1.45354,41.48769],[1.46561,41.48394],[1.47392,41.48593],[1.47459,41.4783],[1.48297,41.47469],[1.48699,41.46452],[1.47972,41.45324],[1.46906,41.44479],[1.47614,41.43554],[1.47578,41.42845],[1.48253,41.42217],[1.4827,41.41543],[1.49001,41.40282],[1.48176,41.39777],[1.47838,41.38125],[1.48805,41.38361],[1.49481,41.38921],[1.51172,41.39405],[1.51858,41.38886],[1.53702,41.38534],[1.54752,41.37668],[1.55124,41.36841],[1.56962,41.36817],[1.57886,41.35829],[1.55998,41.34522],[1.56634,41.33915],[1.57363,41.32554],[1.57289,41.31839],[1.59495,41.31008],[1.59671,41.30712],[1.58864,41.29761],[1.60228,41.287],[1.61313,41.28639],[1.61657,41.29332],[1.62743,41.29414],[1.6301,41.28291],[1.62367,41.2763],[1.6275,41.26967],[1.61989,41.2535],[1.60605,41.24991],[1.5936,41.2579],[1.57647,41.25874],[1.57554,41.24968],[1.58164,41.23717],[1.59355,41.23394],[1.60256,41.23482],[1.62401,41.22294],[1.64098,41.23537],[1.64608,41.22881],[1.64124,41.21175],[1.64081,41.20375],[1.64574,41.19486]],[[1.7197,41.89512],[1.72491,41.89303],[1.71875,41.8824],[1.71109,41.88771],[1.7197,41.89512]],[[2.01745,42.10946],[2.00762,42.10648],[2.00573,42.12082],[2.00253,42.12532],[2.03136,42.1267],[2.02934,42.12078],[2.02208,42.11943],[2.01745,42.10946]]],[[[1.64527,42.11231],[1.66124,42.10581],[1.67932,42.10326],[1.69093,42.10474],[1.69198,42.11187],[1.68288,42.1142],[1.65924,42.11476],[1.64527,42.11231]]]]},"properties":{"codi_prov":"08","provincia":"Barcelona","codi_ccaa":"09"}},{"type":"Feature","geometry":{"type":"MultiPolygon","coordinates":[[[[-3.98067,41.58337],[-3.96383,41.58608],[-3.96049,41.57798],[-3.94224,41.56914],[-3.92453,41.56772],[-3.89455,41.55215],[-3.88643,41.53609],[-3.87513,41.53475],[-3.8637,41.52897],[-3.85275,41.51256],[-3.84228,41.50062],[-3.83415,41.49964],[-3.82388,41.48113],[-3.8002,41.48587],[-3.80044,41.49859],[-3.79683,41.50263],[-3.80404,41.51558],[-3.80062,41.52115],[-3.78409,41.52731],[-3.78092,41.53358],[-3.76734,41.53321],[-3.77149,41.5213],[-3.76704,41.50472],[-3.77083,41.49961],[-3.76988,41.47972],[-3.77149,41.47265],[-3.76975,41.46015],[-3.74414,41.46106],[-3.73948,41.45078],[-3.7291,41.45762],[-3.73241,41.46989],[-3.72372,41.4792],[-3.72905,41.48393],[-3.72501,41.50729],[-3.7283,41.51764],[-3.7175,41.52379],[-3.70689,41.52586],[-3.70692,41.53025],[-3.69155,41.53454],[-3.68154,41.55193],[-3.67172,41.56043],[-3.64557,41.57181],[-3.62612,41.57001],[-3.61684,41.57716],[-3.6088,41.56612],[-3.60072,41.57048],[-3.57298,41.56555],[-3.57452,41.57247],[-3.55295,41.58074],[-3.54157,41.57761],[-3.53614,41.58647],[-3.54582,41.59422],[-3.54068,41.59777],[-3.53968,41.6076],[-3.52915,41.61263],[-3.50514,41.59728],[-3.48163,41.59745],[-3.47074,41.59503],[-3.46847,41.58897],[-3.45968,41.58927],[-3.44979,41.60577],[-3.43535,41.62203],[-3.44047,41.62946],[-3.42975,41.64628],[-3.4166,41.64788],[-3.41772,41.65624],[-3.41464,41.66483],[-3.40485,41.67773],[-3.39621,41.6846],[-3.3934,41.69061],[-3.38514,41.69297],[-3.36962,41.69176],[-3.3584,41.69342],[-3.36181,41.7103],[-3.36066,41.72158],[-3.35246,41.72914],[-3.35438,41.73725],[-3.3398,41.74073],[-3.32329,41.74187],[-3.32168,41.74918],[-3.30968,41.751],[-3.30722,41.76015],[-3.29616,41.76199],[-3.28706,41.76013],[-3.27545,41.76867],[-3.28357,41.77824],[-3.28586,41.78825],[-3.27538,41.79432],[-3.27538,41.7999],[-3.28671,41.80535],[-3.28114,41.8229],[-3.28874,41.82856],[-3.28901,41.84246],[-3.27904,41.86791],[-3.28957,41.87641],[-3.27965,41.88378],[-3.27103,41.87876],[-3.2695,41.86929],[-3.25683,41.87064],[-3.24334,41.864],[-3.24681,41.85632],[-3.2426,41.84723],[-3.23439,41.84064],[-3.22435,41.8404],[-3.20679,41.8316],[-3.1945,41.82893],[-3.19822,41.81721],[-3.18859,41.80166],[-3.17135,41.79301],[-3.15822,41.79934],[-3.13374,41.81593],[-3.13559,41.81849],[-3.12734,41.83048],[-3.10823,41.85442],[-3.10078,41.85666],[-3.09772,41.86624],[-3.10141,41.87692],[-3.09181,41.8759],[-3.07545,41.88312],[-3.06362,41.88337],[-3.05863,41.89132],[-3.01677,41.88691],[-3.01651,41.89843],[-3.00773,41.90879],[-3.01106,41.91529],[-3.00807,41.92222],[-2.9975,41.93285],[-2.98247,41.9282],[-2.97079,41.92927],[-2.96452,41.93684],[-2.96003,41.95191],[-2.96762,41.95801],[-2.96551,41.96668],[-2.95181,41.9881],[-2.94598,42.0002],[-2.93747,42.00797],[-2.93168,42.01803],[-2.91362,42.02285],[-2.91502,42.03808],[-2.92692,42.06652],[-2.92831,42.07465],[-2.93533,42.08941],[-2.96087,42.08429],[-2.97768,42.08394],[-2.99033,42.08751],[-3.0039,42.08333],[-3.02346,42.08927],[-3.03437,42.08596],[-3.05254,42.11871],[-3.06617,42.13332],[-3.07365,42.13585],[-3.08568,42.13422],[-3.09067,42.14859],[-3.08981,42.15935],[-3.10207,42.17208],[-3.11497,42.1788],[-3.11532,42.18827],[-3.12512,42.19324],[-3.12886,42.20094],[-3.1163,42.20584],[-3.10442,42.21298],[-3.0992,42.22498],[-3.10206,42.23336],[-3.08859,42.24573],[-3.09772,42.26309],[-3.08962,42.27305],[-3.09617,42.27902],[-3.09585,42.28745],[-3.10262,42.30895],[-3.10664,42.31332],[-3.10339,42.32078],[-3.09586,42.32691],[-3.11069,42.33858],[-3.10926,42.35188],[-3.08757,42.35218],[-3.06695,42.35504],[-3.06329,42.36285],[-3.07368,42.37176],[-3.08481,42.38539],[-3.0949,42.38374],[-3.10527,42.38637],[-3.09574,42.40518],[-3.10135,42.41678],[-3.09055,42.41991],[-3.07818,42.41575],[-3.08265,42.39738],[-3.06786,42.38002],[-3.06575,42.37447],[-3.05769,42.37012],[-3.05314,42.37342],[-3.05601,42.38514],[-3.06402,42.40428],[-3.0574,42.41716],[-3.0633,42.42491],[-3.05769,42.43391],[-3.046,42.44515],[-3.06099,42.46199],[-3.06421,42.47095],[-3.07331,42.47648],[-3.0823,42.47448],[-3.0893,42.47887],[-3.09325,42.49152],[-3.08041,42.49814],[-3.07514,42.50709],[-3.07645,42.52082],[-3.0719,42.5281],[-3.0893,42.53828],[-3.09992,42.53617],[-3.10746,42.52877],[-3.12533,42.53311],[-3.13427,42.54205],[-3.12709,42.54361],[-3.11491,42.55128],[-3.10376,42.55411],[-3.10243,42.55943],[-3.08828,42.56711],[-3.08236,42.57402],[-3.0862,42.58221],[-3.06354,42.59131],[-3.06467,42.60592],[-3.07046,42.62141],[-3.0864,42.62772],[-3.08107,42.63131],[-3.08415,42.64069],[-3.06935,42.63878],[-3.04079,42.64005],[-3.02691,42.63722],[-3.01801,42.63218],[-3.0145,42.64037],[-3.00476,42.64426],[-2.9905,42.64243],[-2.98057,42.63522],[-2.97039,42.6411],[-2.94713,42.63934],[-2.93387,42.63473],[-2.9242,42.62173],[-2.91601,42.61952],[-2.90444,42.62016],[-2.90446,42.62649],[-2.89275,42.62771],[-2.88353,42.62443],[-2.87629,42.631],[-2.86498,42.63293],[-2.85807,42.63838],[-2.87102,42.63918],[-2.87479,42.64305],[-2.88943,42.6489],[-2.89674,42.65478],[-2.90017,42.6673],[-2.89505,42.67931],[-2.90378,42.68643],[-2.9025,42.6936],[-2.9185,42.69792],[-2.93021,42.70803],[-2.95635,42.7104],[-2.97447,42.70838],[-2.9806,42.70348],[-2.987,42.70903],[-2.98875,42.71895],[-3.0073,42.72297],[-3.01611,42.73356],[-3.01861,42.74089],[-3.03101,42.7372],[-3.04076,42.73849],[-3.04871,42.74907],[-3.04669,42.76031],[-3.05339,42.76454],[-3.06357,42.76019],[-3.08164,42.76578],[-3.09973,42.76732],[-3.11571,42.75935],[-3.14791,42.7567],[-3.13664,42.76548],[-3.12823,42.7843],[-3.13139,42.7898],[-3.14117,42.79642],[-3.15923,42.80459],[-3.14814,42.81448],[-3.14886,42.82053],[-3.14058,42.83638],[-3.13294,42.83735],[-3.12843,42.84925],[-3.11315,42.86106],[-3.10505,42.87959],[-3.11257,42.88673],[-3.1257,42.89132],[-3.14989,42.86132],[-3.16282,42.85674],[-3.17306,42.85721],[-3.19069,42.86946],[-3.20047,42.85507],[-3.207,42.85135],[-3.20944,42.84423],[-3.22218,42.83864],[-3.20553,42.8274],[-3.21697,42.82652],[-3.22584,42.83012],[-3.23676,42.83793],[-3.25361,42.85282],[-3.28261,42.87551],[-3.28677,42.88515],[-3.2764,42.88702],[-3.27724,42.90158],[-3.24854,42.91215],[-3.24572,42.92384],[-3.23537,42.93307],[-3.23556,42.94386],[-3.22473,42.94969],[-3.21162,42.9443],[-3.20649,42.94694],[-3.18075,42.94453],[-3.16939,42.94021],[-3.14473,42.93468],[-3.15083,42.91919],[-3.14049,42.91309],[-3.13285,42.91348],[-3.12653,42.90406],[-3.10842,42.90616],[-3.10466,42.91016],[-3.08952,42.899],[-3.07057,42.90361],[-3.06005,42.90172],[-3.01891,42.90851],[-3.01455,42.91887],[-3.00546,42.92674],[-2.99782,42.92629],[-2.99146,42.93463],[-2.98107,42.93965],[-2.99444,42.95189],[-3.00831,42.95213],[-3.02044,42.95528],[-3.01985,42.95993],[-3.04187,42.96922],[-3.04488,42.97349],[-3.03753,42.98244],[-3.04309,42.98341],[-3.04825,42.99053],[-3.06145,42.9995],[-3.06152,43.00357],[-3.07951,43.00462],[-3.08915,43.0015],[-3.10611,43.0054],[-3.12439,43.00776],[-3.14479,43.00684],[-3.16887,43.01493],[-3.1778,43.02198],[-3.17025,43.02907],[-3.14346,43.0274],[-3.14768,43.0345],[-3.14177,43.04901],[-3.14104,43.0687],[-3.15809,43.07372],[-3.1476,43.08573],[-3.13394,43.09723],[-3.14149,43.11064],[-3.15206,43.10412],[-3.16966,43.10959],[-3.18043,43.11632],[-3.18179,43.12088],[-3.17232,43.12975],[-3.16148,43.14319],[-3.16677,43.14694],[-3.16185,43.15426],[-3.14974,43.16074],[-3.14189,43.16115],[-3.14103,43.16502],[-3.14829,43.174],[-3.15863,43.17813],[-3.16804,43.17858],[-3.17908,43.17523],[-3.18564,43.16923],[-3.19711,43.17048],[-3.20478,43.17445],[-3.2235,43.17225],[-3.23607,43.18172],[-3.2503,43.19689],[-3.25464,43.19493],[-3.27815,43.19433],[-3.27732,43.191],[-3.2974,43.18249],[-3.31156,43.17169],[-3.33422,43.16546],[-3.34118,43.16702],[-3.35021,43.15375],[-3.36483,43.15098],[-3.39108,43.13971],[-3.41761,43.13332],[-3.43423,43.13146],[-3.45865,43.13557],[-3.47991,43.13599],[-3.48686,43.13368],[-3.509,43.13619],[-3.53039,43.14271],[-3.54364,43.14815],[-3.56117,43.14945],[-3.58526,43.15441],[-3.59964,43.15182],[-3.60631,43.15671],[-3.60692,43.16344],[-3.61259,43.16957],[-3.62251,43.17361],[-3.6313,43.1725],[-3.6495,43.17984],[-3.65695,43.17653],[-3.65461,43.17139],[-3.66689,43.16235],[-3.66769,43.15783],[-3.68564,43.14165],[-3.68365,43.13612],[-3.69522,43.12602],[-3.70386,43.1232],[-3.70619,43.11521],[-3.7178,43.11232],[-3.71952,43.10825],[-3.73703,43.10258],[-3.75495,43.10066],[-3.76005,43.09219],[-3.75701,43.08531],[-3.76826,43.08037],[-3.78848,43.07838],[-3.80124,43.0831],[-3.81496,43.08554],[-3.81844,43.08143],[-3.8338,43.08044],[-3.84824,43.08341],[-3.85166,43.07783],[-3.84553,43.07122],[-3.8342,43.0643],[-3.83408,43.05878],[-3.84986,43.0482],[-3.85019,43.03992],[-3.86063,43.04373],[-3.88863,43.04242],[-3.90345,43.02266],[-3.91368,43.01453],[-3.92478,43.01074],[-3.94502,43.00649],[-3.95609,42.99796],[-3.96592,42.98446],[-3.97816,42.96046],[-3.98707,42.93606],[-3.99058,42.93061],[-3.98681,42.92479],[-3.97157,42.91136],[-3.95387,42.91097],[-3.93581,42.90811],[-3.93325,42.89918],[-3.92575,42.90394],[-3.92328,42.91553],[-3.91773,42.91615],[-3.9072,42.92448],[-3.8921,42.92451],[-3.88726,42.94891],[-3.86987,42.94985],[-3.86685,42.95477],[-3.83992,42.94018],[-3.83067,42.93013],[-3.8311,42.9214],[-3.8382,42.91665],[-3.85167,42.91949],[-3.85584,42.91405],[-3.85832,42.9036],[-3.86798,42.89886],[-3.88288,42.90394],[-3.89874,42.90398],[-3.89221,42.88704],[-3.90506,42.86951],[-3.91231,42.86789],[-3.91212,42.85911],[-3.89932,42.86012],[-3.88737,42.85673],[-3.87996,42.85112],[-3.86824,42.85703],[-3.87356,42.86267],[-3.87381,42.87476],[-3.86817,42.88531],[-3.86026,42.88705],[-3.83631,42.8788],[-3.82535,42.86863],[-3.83488,42.85597],[-3.83408,42.85249],[-3.81699,42.83646],[-3.82011,42.82794],[-3.8165,42.81041],[-3.82356,42.79886],[-3.84417,42.79245],[-3.85424,42.78756],[-3.86461,42.78661],[-3.88398,42.79718],[-3.89445,42.80454],[-3.90147,42.78859],[-3.90966,42.78644],[-3.91095,42.76839],[-3.92648,42.77013],[-3.93059,42.77449],[-3.94879,42.7675],[-3.96569,42.7586],[-3.97888,42.75808],[-3.98159,42.76831],[-3.99066,42.77098],[-3.99965,42.76898],[-4.01853,42.76394],[-4.03133,42.76642],[-4.04611,42.7668],[-4.05448,42.7634],[-4.07193,42.76068],[-4.08146,42.76162],[-4.08882,42.75172],[-4.10955,42.73388],[-4.12399,42.73617],[-4.12027,42.7462],[-4.12738,42.75241],[-4.14353,42.75281],[-4.15142,42.74788],[-4.16464,42.74598],[-4.17506,42.73791],[-4.18539,42.73618],[-4.19357,42.7264],[-4.20508,42.71728],[-4.21514,42.714],[-4.21857,42.70468],[-4.23707,42.69767],[-4.2461,42.69709],[-4.25596,42.68899],[-4.26764,42.69427],[-4.26669,42.7053],[-4.2805,42.69997],[-4.29317,42.6909],[-4.28675,42.6869],[-4.28872,42.67762],[-4.27603,42.67307],[-4.27183,42.65786],[-4.27427,42.63678],[-4.26752,42.63181],[-4.27392,42.61695],[-4.28183,42.61013],[-4.2939,42.60526],[-4.28244,42.58669],[-4.28257,42.57589],[-4.30418,42.56997],[-4.29764,42.56037],[-4.29979,42.55251],[-4.27769,42.54469],[-4.27742,42.53541],[-4.27215,42.51998],[-4.27665,42.5145],[-4.27307,42.5104],[-4.26344,42.51203],[-4.25229,42.50321],[-4.24612,42.49293],[-4.25065,42.47933],[-4.24573,42.47158],[-4.24708,42.46674],[-4.24259,42.45624],[-4.25332,42.45666],[-4.26973,42.45356],[-4.27595,42.45521],[-4.30672,42.4551],[-4.31709,42.45893],[-4.32312,42.44446],[-4.33533,42.4306],[-4.33105,42.41498],[-4.32025,42.40991],[-4.32953,42.40643],[-4.32843,42.39539],[-4.33093,42.39099],[-4.32159,42.3799],[-4.30545,42.38346],[-4.29345,42.38813],[-4.28182,42.38904],[-4.27273,42.38572],[-4.27166,42.37781],[-4.27973,42.37804],[-4.28052,42.36379],[-4.26454,42.35126],[-4.27004,42.34327],[-4.26221,42.32568],[-4.26489,42.31846],[-4.26189,42.30969],[-4.25189,42.31],[-4.24968,42.29524],[-4.25275,42.29059],[-4.24686,42.28546],[-4.24884,42.27929],[-4.24166,42.27187],[-4.24252,42.26135],[-4.23165,42.25653],[-4.2293,42.24188],[-4.23703,42.23724],[-4.22682,42.22827],[-4.23185,42.21832],[-4.23096,42.20891],[-4.21488,42.20657],[-4.20576,42.1971],[-4.20584,42.19245],[-4.19096,42.18101],[-4.18864,42.17638],[-4.19058,42.16532],[-4.19721,42.15725],[-4.20431,42.14375],[-4.20542,42.13461],[-4.1869,42.12642],[-4.17902,42.13029],[-4.17144,42.12842],[-4.15415,42.13175],[-4.14406,42.12922],[-4.13771,42.11975],[-4.12392,42.12389],[-4.12022,42.12813],[-4.10839,42.119],[-4.10378,42.10969],[-4.09249,42.10783],[-4.08566,42.10321],[-4.07639,42.10538],[-4.05621,42.10091],[-4.0665,42.08605],[-4.07749,42.08268],[-4.09463,42.08682],[-4.10304,42.08704],[-4.10411,42.06163],[-4.09743,42.05169],[-4.07989,42.03678],[-4.06782,42.04281],[-4.04788,42.03905],[-4.04588,42.05081],[-4.03846,42.05334],[-4.03104,42.04948],[-4.0109,42.05152],[-3.99963,42.04892],[-3.99631,42.04497],[-3.98168,42.05105],[-3.98018,42.04305],[-3.97107,42.03322],[-3.9799,42.02108],[-3.98529,42.02352],[-3.99478,42.00541],[-4.01478,41.99859],[-4.02171,41.98475],[-4.02909,41.97656],[-4.03298,41.95408],[-4.02094,41.95785],[-3.9907,41.95975],[-3.97854,41.96474],[-3.95623,41.98102],[-3.95085,41.9795],[-3.92351,41.99057],[-3.91371,41.99269],[-3.9102,41.99697],[-3.89147,41.99665],[-3.88962,41.988],[-3.89394,41.97181],[-3.8924,41.95757],[-3.91309,41.9563],[-3.92286,41.96045],[-3.9366,41.95699],[-3.94588,41.9464],[-3.95218,41.93531],[-3.98134,41.9307],[-3.9845,41.91674],[-3.9807,41.90062],[-3.99823,41.89241],[-4.00711,41.88516],[-4.01955,41.87854],[-4.03757,41.87277],[-4.0583,41.87426],[-4.06205,41.87695],[-4.07965,41.87412],[-4.08883,41.87065],[-4.08064,41.86114],[-4.07932,41.84845],[-4.08805,41.84466],[-4.09007,41.83086],[-4.05871,41.80483],[-4.04888,41.80278],[-4.04299,41.79112],[-4.038,41.78985],[-4.03839,41.77664],[-4.04088,41.76835],[-4.04958,41.7682],[-4.0532,41.75737],[-4.05579,41.74068],[-4.0691,41.74117],[-4.0767,41.73356],[-4.06812,41.72655],[-4.04206,41.71109],[-4.02637,41.69298],[-4.02383,41.67133],[-4.02723,41.65712],[-4.03036,41.63049],[-4.03528,41.62062],[-4.02871,41.6144],[-4.01866,41.62012],[-4.00312,41.6172],[-4.00873,41.61003],[-3.99286,41.60866],[-3.99244,41.60044],[-3.98503,41.5983],[-3.98355,41.58597],[-3.98067,41.58337]],[[-4.09429,42.1408],[-4.10273,42.13724],[-4.11004,42.14319],[-4.11184,42.15858],[-4.09423,42.15772],[-4.07629,42.16786],[-4.0671,42.16203],[-4.07441,42.15558],[-4.05979,42.1362],[-4.06775,42.1331],[-4.0805,42.14038],[-4.09429,42.1408]]],[[[-4.26074,42.73871],[-4.26315,42.73048],[-4.25133,42.72655],[-4.24646,42.73578],[-4.26074,42.73871]]],[[[-2.93217,42.61291],[-2.94521,42.60389],[-2.93918,42.59429],[-2.92766,42.59614],[-2.92263,42.60083],[-2.92956,42.60625],[-2.93217,42.61291]]],[[[-2.99485,42.61337],[-2.99716,42.6021],[-2.98625,42.60705],[-2.98645,42.61475],[-2.99485,42.61337]]],[[[-2.86446,42.74367],[-2.84674,42.73076],[-2.84424,42.7245],[-2.82899,42.71901],[-2.8253,42.70894],[-2.81101,42.70674],[-2.80673,42.70233],[-2.79549,42.69795],[-2.7845,42.69894],[-2.77836,42.68573],[-2.77051,42.67663],[-2.7679,42.66601],[-2.74891,42.66594],[-2.73504,42.66209],[-2.71801,42.66202],[-2.71475,42.66957],[-2.6992,42.67484],[-2.68708,42.67343],[-2.67873,42.66953],[-2.66096,42.67191],[-2.65393,42.66999],[-2.65172,42.66099],[-2.63485,42.6478],[-2.62661,42.6496],[-2.61334,42.6468],[-2.59988,42.6507],[-2.58485,42.65156],[-2.56492,42.64455],[-2.55686,42.6496],[-2.5479,42.64547],[-2.54917,42.63757],[-2.53988,42.63825],[-2.5174,42.64633],[-2.5174,42.65425],[-2.52322,42.66496],[-2.52202,42.68403],[-2.5394,42.68658],[-2.54838,42.6688],[-2.56765,42.67049],[-2.57812,42.67399],[-2.59414,42.69004],[-2.60898,42.69586],[-2.6076,42.70574],[-2.60031,42.71527],[-2.5924,42.71063],[-2.58598,42.71331],[-2.57263,42.72517],[-2.56969,42.73337],[-2.56257,42.74128],[-2.56417,42.74704],[-2.55898,42.75322],[-2.5583,42.76273],[-2.57733,42.75393],[-2.58937,42.75032],[-2.59291,42.75968],[-2.60269,42.76623],[-2.62298,42.77023],[-2.63509,42.76456],[-2.6521,42.76686],[-2.65376,42.77187],[-2.67119,42.77385],[-2.67871,42.77928],[-2.69338,42.77849],[-2.70234,42.78441],[-2.71125,42.78375],[-2.7317,42.79449],[-2.74387,42.7923],[-2.75518,42.79377],[-2.76728,42.79234],[-2.79377,42.79317],[-2.81788,42.78999],[-2.82545,42.78579],[-2.83547,42.79627],[-2.83934,42.78084],[-2.8478,42.77617],[-2.85391,42.76786],[-2.85109,42.75284],[-2.85342,42.74735],[-2.86446,42.74367]]]]},"properties":{"codi_prov":"09","provincia":"Burgos","codi_ccaa":"07"}},{"type":"Feature","geometry":{"type":"Polygon","coordinates":[[[-7.23148,39.27826],[-7.20386,39.2657],[-7.19838,39.27039],[-7.18988,39.2838],[-7.17221,39.29682],[-7.16975,39.3059],[-7.1552,39.31445],[-7.15202,39.32148],[-7.15542,39.32966],[-7.16019,39.33056],[-7.16977,39.32189],[-7.17783,39.33122],[-7.17718,39.33757],[-7.16862,39.34613],[-7.16161,39.35658],[-7.16123,39.36134],[-7.1543,39.36751],[-7.13722,39.37678],[-7.12574,39.38117],[-7.10487,39.38597],[-7.09382,39.38014],[-7.08015,39.3793],[-7.07388,39.38122],[-7.06934,39.36665],[-7.07912,39.35141],[-7.09859,39.35912],[-7.10324,39.35355],[-7.10177,39.34605],[-7.08674,39.33958],[-7.08275,39.33533],[-7.08427,39.32301],[-7.08136,39.31324],[-7.07717,39.31018],[-7.05038,39.3216],[-7.04413,39.32693],[-7.04802,39.33351],[-7.03001,39.35086],[-7.02947,39.35965],[-7.03261,39.36764],[-7.02137,39.37131],[-7.0196,39.3819],[-7.00927,39.38848],[-7.01837,39.39236],[-7.03823,39.39644],[-7.04969,39.40194],[-7.06703,39.4143],[-7.04877,39.43666],[-7.03169,39.4299],[-7.02833,39.43127],[-6.99416,39.42507],[-6.98171,39.41841],[-6.98061,39.41405],[-6.93762,39.39738],[-6.92399,39.39459],[-6.90843,39.38901],[-6.89273,39.38817],[-6.88322,39.38276],[-6.8722,39.3824],[-6.8574,39.38872],[-6.84779,39.3875],[-6.83043,39.38846],[-6.81769,39.3909],[-6.80207,39.3895],[-6.80144,39.38365],[-6.79138,39.36639],[-6.79491,39.36167],[-6.79717,39.34478],[-6.77783,39.33548],[-6.77072,39.32855],[-6.74876,39.32576],[-6.74751,39.31521],[-6.75717,39.29037],[-6.76118,39.27661],[-6.76939,39.26799],[-6.77895,39.26538],[-6.78432,39.25293],[-6.80086,39.23942],[-6.7979,39.21997],[-6.78553,39.20252],[-6.7675,39.18837],[-6.76135,39.18845],[-6.75064,39.19404],[-6.70841,39.18496],[-6.68922,39.1783],[-6.681,39.17715],[-6.65974,39.19907],[-6.64526,39.19335],[-6.63337,39.19684],[-6.61478,39.18875],[-6.60586,39.18802],[-6.57922,39.17896],[-6.5844,39.17111],[-6.5741,39.16769],[-6.57417,39.15835],[-6.55746,39.15785],[-6.53867,39.15527],[-6.53611,39.16278],[-6.53634,39.17685],[-6.52699,39.17744],[-6.50602,39.17279],[-6.49112,39.16792],[-6.47043,39.17325],[-6.45443,39.17458],[-6.44515,39.17342],[-6.43869,39.17584],[-6.42948,39.17333],[-6.4151,39.16577],[-6.40201,39.16448],[-6.39702,39.16665],[-6.3791,39.16277],[-6.36689,39.16604],[-6.35594,39.17748],[-6.34171,39.18383],[-6.33037,39.18653],[-6.31948,39.18395],[-6.32183,39.17149],[-6.31572,39.16093],[-6.30959,39.15596],[-6.30831,39.13929],[-6.31198,39.13234],[-6.3098,39.1232],[-6.31197,39.11104],[-6.29845,39.10303],[-6.29485,39.0978],[-6.286,39.09784],[-6.26054,39.09262],[-6.23091,39.08974],[-6.22549,39.08504],[-6.21561,39.06856],[-6.20293,39.05708],[-6.18399,39.05693],[-6.16847,39.05893],[-6.15403,39.05343],[-6.15286,39.04725],[-6.14618,39.04203],[-6.14217,39.03149],[-6.13031,39.04058],[-6.1286,39.04552],[-6.11276,39.06118],[-6.10569,39.06507],[-6.08914,39.08522],[-6.07862,39.0936],[-6.06223,39.10181],[-6.03849,39.1177],[-6.0313,39.1199],[-6.0186,39.12912],[-6.0157,39.12655],[-6.01624,39.11611],[-6.01398,39.10779],[-6.01641,39.10191],[-6.01254,39.08806],[-6.01147,39.0627],[-6.00369,39.05743],[-5.98722,39.0695],[-5.98169,39.06887],[-5.97222,39.07767],[-5.96686,39.08723],[-5.9504,39.10266],[-5.93791,39.10894],[-5.92666,39.10464],[-5.92554,39.09385],[-5.93736,39.08377],[-5.92472,39.08313],[-5.89971,39.09391],[-5.87208,39.10428],[-5.85435,39.1064],[-5.84768,39.1096],[-5.83345,39.11033],[-5.81853,39.11943],[-5.81925,39.12986],[-5.81037,39.14458],[-5.76791,39.13686],[-5.75518,39.1323],[-5.74739,39.1254],[-5.73524,39.1186],[-5.72227,39.1067],[-5.70163,39.08991],[-5.69009,39.08301],[-5.67018,39.0812],[-5.66269,39.08923],[-5.64751,39.10157],[-5.63846,39.09963],[-5.61066,39.09903],[-5.60399,39.10026],[-5.5988,39.10786],[-5.59349,39.10752],[-5.5841,39.11771],[-5.59658,39.12655],[-5.60135,39.13409],[-5.59243,39.13448],[-5.5802,39.14171],[-5.57656,39.15091],[-5.58735,39.15807],[-5.59356,39.16641],[-5.60666,39.17695],[-5.61309,39.1878],[-5.60528,39.19069],[-5.58974,39.20094],[-5.58406,39.20013],[-5.57048,39.20477],[-5.56481,39.21025],[-5.55705,39.20861],[-5.55185,39.21302],[-5.54139,39.2064],[-5.53175,39.19388],[-5.52432,39.20159],[-5.5135,39.20652],[-5.51139,39.19899],[-5.49356,39.1825],[-5.47883,39.17808],[-5.47207,39.17222],[-5.46514,39.16072],[-5.44128,39.15962],[-5.42787,39.16249],[-5.41808,39.15653],[-5.41267,39.15696],[-5.38431,39.1739],[-5.37608,39.18659],[-5.36726,39.21296],[-5.35337,39.22432],[-5.34715,39.23916],[-5.34792,39.24931],[-5.35552,39.26208],[-5.35271,39.28606],[-5.34637,39.31206],[-5.3399,39.33355],[-5.3232,39.33142],[-5.3103,39.3252],[-5.30319,39.31959],[-5.28309,39.31952],[-5.24762,39.30182],[-5.21789,39.30955],[-5.17561,39.317],[-5.17195,39.3155],[-5.15028,39.32097],[-5.12682,39.3354],[-5.11761,39.34271],[-5.11186,39.35751],[-5.11071,39.36845],[-5.11367,39.38728],[-5.08987,39.39036],[-5.0738,39.3794],[-5.05665,39.36346],[-5.04119,39.36653],[-5.0196,39.36829],[-5.00888,39.37827],[-4.992,39.3707],[-4.98389,39.37202],[-4.97874,39.37964],[-4.96909,39.38334],[-4.97487,39.39172],[-4.9725,39.39511],[-4.95295,39.39439],[-4.95433,39.39818],[-4.9711,39.40789],[-4.97757,39.41425],[-4.99692,39.42532],[-5.00905,39.43508],[-5.02652,39.45273],[-5.04528,39.47744],[-5.05987,39.48885],[-5.07616,39.48697],[-5.08389,39.49013],[-5.09522,39.5023],[-5.11646,39.51791],[-5.12274,39.52099],[-5.14596,39.54952],[-5.15541,39.55404],[-5.16396,39.56262],[-5.20207,39.59202],[-5.20524,39.59991],[-5.19305,39.60757],[-5.17706,39.6257],[-5.17265,39.6354],[-5.16148,39.64309],[-5.16414,39.64716],[-5.15142,39.66129],[-5.14884,39.66811],[-5.1564,39.6739],[-5.15186,39.69601],[-5.14632,39.70604],[-5.13779,39.715],[-5.14517,39.72654],[-5.15512,39.73592],[-5.16811,39.74438],[-5.1744,39.75521],[-5.16441,39.75589],[-5.15846,39.75966],[-5.16076,39.77119],[-5.16585,39.78064],[-5.16714,39.79875],[-5.18628,39.79773],[-5.20184,39.79869],[-5.20787,39.79651],[-5.23167,39.77462],[-5.24435,39.7665],[-5.2447,39.76093],[-5.25721,39.75207],[-5.26692,39.75244],[-5.27655,39.75675],[-5.29587,39.76097],[-5.30883,39.76039],[-5.31622,39.77212],[-5.31151,39.78745],[-5.31626,39.79746],[-5.31229,39.81495],[-5.31276,39.82307],[-5.30647,39.83631],[-5.29529,39.84401],[-5.28352,39.85721],[-5.28405,39.86387],[-5.29214,39.86589],[-5.29428,39.87488],[-5.31009,39.88016],[-5.31085,39.88649],[-5.31752,39.89079],[-5.32645,39.89197],[-5.35129,39.8892],[-5.36948,39.88838],[-5.3939,39.87905],[-5.40611,39.87773],[-5.40108,39.88566],[-5.39483,39.91843],[-5.38286,39.94099],[-5.38028,39.95181],[-5.36514,39.98292],[-5.36567,39.99276],[-5.36238,40.01282],[-5.36547,40.03671],[-5.37358,40.05744],[-5.36724,40.08677],[-5.36901,40.10009],[-5.35944,40.10841],[-5.33569,40.11515],[-5.33682,40.12392],[-5.34974,40.13339],[-5.3528,40.14479],[-5.36107,40.15748],[-5.36852,40.164],[-5.36395,40.17875],[-5.36747,40.19692],[-5.36278,40.20269],[-5.3698,40.21107],[-5.37014,40.21693],[-5.35983,40.22518],[-5.35509,40.23422],[-5.34349,40.26337],[-5.35892,40.26304],[-5.36786,40.25534],[-5.3743,40.25733],[-5.39638,40.2503],[-5.4118,40.2553],[-5.42983,40.25226],[-5.43977,40.23363],[-5.45052,40.22782],[-5.46807,40.22415],[-5.47091,40.20785],[-5.48687,40.20513],[-5.49913,40.19894],[-5.50968,40.20186],[-5.51728,40.19741],[-5.53096,40.19472],[-5.54928,40.19794],[-5.56357,40.20263],[-5.56791,40.20627],[-5.59435,40.21636],[-5.61004,40.21548],[-5.61891,40.22386],[-5.61369,40.23328],[-5.62401,40.24706],[-5.64885,40.24958],[-5.66011,40.25822],[-5.6565,40.26994],[-5.67538,40.27959],[-5.69266,40.29211],[-5.72289,40.29141],[-5.73756,40.29412],[-5.74438,40.28886],[-5.76499,40.28078],[-5.79314,40.2867],[-5.80224,40.29655],[-5.7939,40.3],[-5.78199,40.31246],[-5.78453,40.32346],[-5.78998,40.33349],[-5.79496,40.35123],[-5.81649,40.35111],[-5.84713,40.32805],[-5.85367,40.33148],[-5.86763,40.3314],[-5.87656,40.32608],[-5.88424,40.3266],[-5.8937,40.31823],[-5.8923,40.3119],[-5.90359,40.29533],[-5.92084,40.2809],[-5.93778,40.28107],[-5.94167,40.28442],[-5.96495,40.29149],[-5.96849,40.28956],[-5.98244,40.29826],[-5.99214,40.29901],[-6.00532,40.30537],[-6.01958,40.32264],[-6.01614,40.33998],[-6.02768,40.33953],[-6.03802,40.34208],[-6.05356,40.34213],[-6.06847,40.34777],[-6.09757,40.35602],[-6.09242,40.36166],[-6.0852,40.36023],[-6.08106,40.36516],[-6.08424,40.37933],[-6.07669,40.38025],[-6.07118,40.38633],[-6.07685,40.38964],[-6.07289,40.39531],[-6.07521,40.40304],[-6.08285,40.40233],[-6.08758,40.40819],[-6.1034,40.4144],[-6.11584,40.41414],[-6.11966,40.41914],[-6.12925,40.42039],[-6.12556,40.42957],[-6.11659,40.43448],[-6.11955,40.44213],[-6.13829,40.43549],[-6.14776,40.43728],[-6.15611,40.44788],[-6.15592,40.45708],[-6.16836,40.45868],[-6.18037,40.46268],[-6.19132,40.47156],[-6.20137,40.48288],[-6.21204,40.48269],[-6.23048,40.4866],[-6.23994,40.48586],[-6.25502,40.47],[-6.26377,40.4716],[-6.27101,40.46088],[-6.28784,40.45757],[-6.29443,40.45197],[-6.33337,40.44777],[-6.34464,40.44278],[-6.34594,40.43706],[-6.3651,40.42163],[-6.36145,40.41537],[-6.36266,40.40722],[-6.37518,40.40031],[-6.39122,40.39897],[-6.40781,40.40199],[-6.41964,40.39889],[-6.42499,40.39107],[-6.43965,40.38158],[-6.43771,40.37329],[-6.45289,40.37088],[-6.46321,40.37284],[-6.47472,40.37012],[-6.48585,40.36324],[-6.49343,40.36201],[-6.53628,40.34724],[-6.56041,40.32905],[-6.56475,40.31461],[-6.55602,40.30417],[-6.55833,40.29022],[-6.57134,40.2792],[-6.5836,40.27447],[-6.58702,40.27072],[-6.59742,40.27164],[-6.6148,40.26606],[-6.6346,40.26465],[-6.64238,40.26799],[-6.67175,40.26323],[-6.67772,40.258],[-6.67776,40.25096],[-6.68846,40.2466],[-6.69014,40.24266],[-6.70322,40.2511],[-6.71033,40.26576],[-6.71822,40.26924],[-6.72674,40.26499],[-6.73522,40.25719],[-6.74143,40.25618],[-6.75555,40.24626],[-6.7556,40.23892],[-6.77746,40.2454],[-6.78155,40.24909],[-6.80216,40.24956],[-6.80163,40.2427],[-6.81824,40.24378],[-6.83452,40.24758],[-6.83994,40.2556],[-6.8468,40.25443],[-6.8649,40.27027],[-6.868,40.26434],[-6.88331,40.25844],[-6.89154,40.25974],[-6.90733,40.2539],[-6.92611,40.25834],[-6.95142,40.25757],[-6.96246,40.23872],[-6.9731,40.23669],[-6.97906,40.24065],[-6.98759,40.23677],[-6.99852,40.23522],[-7.0089,40.22732],[-7.01849,40.20698],[-7.02029,40.19594],[-7.02833,40.1909],[-7.02931,40.18378],[-7.01818,40.17568],[-7.0193,40.16546],[-7.01441,40.15783],[-7.01782,40.14812],[-7.01524,40.13573],[-7.00667,40.12434],[-6.99953,40.11904],[-6.98674,40.11916],[-6.95827,40.11151],[-6.94058,40.11215],[-6.9418,40.10352],[-6.93378,40.10364],[-6.93118,40.09542],[-6.92101,40.08758],[-6.91864,40.08234],[-6.9173,40.06609],[-6.91181,40.06733],[-6.9016,40.06106],[-6.8924,40.06097],[-6.89486,40.05066],[-6.88081,40.04118],[-6.88254,40.03341],[-6.87478,40.02458],[-6.87557,40.01701],[-6.86645,40.01528],[-6.8663,40.00951],[-6.87362,40.00777],[-6.87393,39.9949],[-6.88619,39.98049],[-6.87997,39.97325],[-6.88854,39.96098],[-6.88461,39.95325],[-6.88555,39.94015],[-6.89349,39.93221],[-6.90137,39.93055],[-6.90761,39.91953],[-6.90004,39.91196],[-6.89931,39.90189],[-6.90604,39.89033],[-6.90197,39.88665],[-6.90354,39.87082],[-6.91477,39.85865],[-6.92481,39.85746],[-6.93314,39.84955],[-6.93527,39.83835],[-6.9458,39.83428],[-6.94803,39.82787],[-6.95859,39.82383],[-6.97054,39.82518],[-6.98078,39.82008],[-6.9872,39.81003],[-6.98684,39.79759],[-6.97692,39.77199],[-6.98718,39.76319],[-6.99386,39.73987],[-6.99385,39.73164],[-6.98771,39.72846],[-6.99973,39.71365],[-7.00539,39.70173],[-7.00769,39.684],[-7.01332,39.67933],[-7.01536,39.67062],[-7.03689,39.66594],[-7.05497,39.65955],[-7.07316,39.65819],[-7.08875,39.66332],[-7.10416,39.66424],[-7.12804,39.66273],[-7.14279,39.6538],[-7.15133,39.65318],[-7.17639,39.6582],[-7.20155,39.66211],[-7.21568,39.65989],[-7.24986,39.66699],[-7.28769,39.66032],[-7.29264,39.65556],[-7.32086,39.64736],[-7.33118,39.64109],[-7.37521,39.65088],[-7.39182,39.64974],[-7.40299,39.64635],[-7.42619,39.65144],[-7.43975,39.65873],[-7.45554,39.66245],[-7.47521,39.6627],[-7.49184,39.66578],[-7.51789,39.66583],[-7.53479,39.66708],[-7.54133,39.66375],[-7.52756,39.65592],[-7.5248,39.64237],[-7.52739,39.63487],[-7.52065,39.62622],[-7.51011,39.61876],[-7.50771,39.60674],[-7.50039,39.59968],[-7.49934,39.58965],[-7.48827,39.58681],[-7.47885,39.5788],[-7.46688,39.57699],[-7.45936,39.56623],[-7.45161,39.56168],[-7.44166,39.54319],[-7.42665,39.53275],[-7.40001,39.53382],[-7.39194,39.5306],[-7.38876,39.52465],[-7.38772,39.51037],[-7.3903,39.50327],[-7.38215,39.49198],[-7.35564,39.48411],[-7.3495,39.48819],[-7.34381,39.47814],[-7.338,39.47902],[-7.32089,39.47357],[-7.31941,39.47024],[-7.29999,39.46316],[-7.29426,39.45657],[-7.30397,39.44703],[-7.30844,39.43056],[-7.30142,39.42288],[-7.31025,39.39854],[-7.32209,39.3856],[-7.32112,39.37804],[-7.31055,39.36903],[-7.31037,39.3617],[-7.30603,39.35109],[-7.31031,39.34088],[-7.30198,39.33171],[-7.29229,39.32878],[-7.26857,39.30873],[-7.27016,39.3042],[-7.23148,39.27826]]]},"properties":{"codi_prov":"10","provincia":"Cáceres","codi_ccaa":"11"}},{"type":"Feature","geometry":{"type":"Polygon","coordinates":[[[-6.36519,36.78972],[-6.37591,36.77918],[-6.39059,36.7719],[-6.40331,36.76935],[-6.41244,36.75642],[-6.42182,36.74845],[-6.43365,36.74835],[-6.44904,36.73898],[-6.44179,36.7335],[-6.44515,36.72535],[-6.43536,36.70473],[-6.42928,36.7018],[-6.41915,36.68582],[-6.41124,36.66907],[-6.3973,36.65143],[-6.39374,36.64017],[-6.39961,36.63802],[-6.39612,36.6281],[-6.38566,36.61922],[-6.38028,36.62442],[-6.36272,36.61757],[-6.35814,36.61376],[-6.34907,36.6242],[-6.32935,36.62485],[-6.31061,36.61699],[-6.30183,36.61796],[-6.29,36.61227],[-6.27709,36.59871],[-6.26814,36.57942],[-6.25041,36.58121],[-6.24085,36.58467],[-6.2281,36.57554],[-6.22553,36.56757],[-6.22636,36.55789],[-6.23213,36.5408],[-6.2356,36.5356],[-6.24531,36.5346],[-6.24102,36.52839],[-6.25578,36.5289],[-6.25566,36.51995],[-6.24899,36.51607],[-6.24563,36.50896],[-6.2319,36.50372],[-6.21888,36.50998],[-6.20921,36.50905],[-6.19648,36.52658],[-6.18455,36.52518],[-6.17324,36.52141],[-6.17363,36.50974],[-6.18089,36.5077],[-6.19294,36.49645],[-6.19367,36.48675],[-6.20143,36.48525],[-6.20774,36.47999],[-6.21329,36.48057],[-6.21229,36.47041],[-6.22026,36.46616],[-6.23488,36.47341],[-6.23758,36.47022],[-6.25005,36.46955],[-6.25565,36.47244],[-6.26332,36.48939],[-6.26146,36.50812],[-6.26887,36.50965],[-6.27438,36.52054],[-6.28198,36.52742],[-6.29919,36.53826],[-6.31771,36.53087],[-6.31927,36.52672],[-6.29661,36.52863],[-6.29093,36.52555],[-6.28663,36.51369],[-6.27377,36.495],[-6.27087,36.48625],[-6.26021,36.47182],[-6.25465,36.46082],[-6.24928,36.44414],[-6.23827,36.43978],[-6.22388,36.41233],[-6.2185,36.39972],[-6.21934,36.39161],[-6.21363,36.38972],[-6.20615,36.38028],[-6.18491,36.36959],[-6.16986,36.34671],[-6.15512,36.31228],[-6.14179,36.29531],[-6.13231,36.29615],[-6.11681,36.29327],[-6.10981,36.28916],[-6.09828,36.27668],[-6.0893,36.2634],[-6.08229,36.24575],[-6.05156,36.20097],[-6.03904,36.18917],[-6.03666,36.18274],[-6.02714,36.18523],[-6.01011,36.18464],[-5.98537,36.17706],[-5.97762,36.17686],[-5.9599,36.18054],[-5.94479,36.18606],[-5.93479,36.18267],[-5.93219,36.18659],[-5.91752,36.18503],[-5.90119,36.17633],[-5.8883,36.16564],[-5.87139,36.15477],[-5.85197,36.13703],[-5.83495,36.11653],[-5.82398,36.10125],[-5.81708,36.09786],[-5.81209,36.08865],[-5.80714,36.08922],[-5.79552,36.07692],[-5.78005,36.08816],[-5.7708,36.08578],[-5.75378,36.07223],[-5.73404,36.06567],[-5.72052,36.05851],[-5.70983,36.05739],[-5.6914,36.06716],[-5.68466,36.06561],[-5.66634,36.05528],[-5.66244,36.05514],[-5.64327,36.04705],[-5.62959,36.03459],[-5.61014,36.01056],[-5.57974,36.01317],[-5.55478,36.02209],[-5.55059,36.02541],[-5.53296,36.03269],[-5.52151,36.03508],[-5.5063,36.04129],[-5.49583,36.04995],[-5.48576,36.05426],[-5.46478,36.04993],[-5.45062,36.0552],[-5.44359,36.06466],[-5.43003,36.07009],[-5.42445,36.07655],[-5.42494,36.08272],[-5.44314,36.09],[-5.44021,36.10249],[-5.43114,36.10834],[-5.44157,36.12127],[-5.4225,36.12055],[-5.42279,36.13284],[-5.4362,36.13487],[-5.43559,36.14833],[-5.44144,36.14671],[-5.44284,36.15786],[-5.43734,36.16567],[-5.42618,36.17607],[-5.41874,36.1752],[-5.40939,36.18118],[-5.38393,36.17956],[-5.37562,36.16598],[-5.36394,36.16632],[-5.35162,36.15253],[-5.33885,36.15345],[-5.33527,36.18178],[-5.3318,36.18879],[-5.32181,36.21748],[-5.31253,36.23613],[-5.30476,36.24411],[-5.29622,36.24601],[-5.28403,36.27223],[-5.27736,36.28357],[-5.27175,36.28845],[-5.26905,36.29911],[-5.25657,36.3105],[-5.25235,36.31122],[-5.2595,36.32236],[-5.26785,36.32418],[-5.27766,36.33707],[-5.29131,36.33679],[-5.31868,36.32583],[-5.32282,36.33253],[-5.31551,36.34085],[-5.32101,36.34621],[-5.32604,36.35761],[-5.33489,36.37001],[-5.33644,36.38291],[-5.3351,36.39515],[-5.33876,36.39897],[-5.34716,36.41865],[-5.35684,36.42344],[-5.36066,36.44002],[-5.37507,36.45429],[-5.3957,36.46987],[-5.39919,36.4847],[-5.40391,36.49416],[-5.40984,36.49655],[-5.41456,36.51815],[-5.42365,36.52368],[-5.43158,36.53456],[-5.43765,36.53435],[-5.45099,36.5386],[-5.46246,36.53601],[-5.46551,36.52871],[-5.47372,36.53715],[-5.4924,36.53679],[-5.51384,36.5107],[-5.51701,36.5018],[-5.52303,36.49845],[-5.53473,36.50346],[-5.5598,36.50372],[-5.57216,36.51265],[-5.58299,36.51369],[-5.59847,36.50813],[-5.60792,36.51203],[-5.60609,36.52352],[-5.61178,36.5416],[-5.60523,36.54831],[-5.59512,36.55091],[-5.57979,36.54746],[-5.57184,36.54767],[-5.56762,36.54288],[-5.5439,36.53854],[-5.53951,36.53567],[-5.53734,36.52739],[-5.52333,36.53112],[-5.51309,36.54213],[-5.50206,36.54761],[-5.49379,36.56006],[-5.48955,36.57046],[-5.47697,36.57407],[-5.46287,36.58895],[-5.45718,36.60209],[-5.45833,36.61395],[-5.45554,36.6197],[-5.4385,36.61417],[-5.4334,36.6183],[-5.41339,36.62119],[-5.40532,36.62712],[-5.38317,36.63093],[-5.36367,36.64601],[-5.343,36.66024],[-5.33392,36.67144],[-5.32566,36.67338],[-5.32968,36.68192],[-5.31961,36.6882],[-5.32635,36.69407],[-5.32804,36.70013],[-5.32318,36.71999],[-5.32463,36.72401],[-5.31225,36.7363],[-5.30711,36.75173],[-5.29523,36.76365],[-5.29093,36.77517],[-5.30726,36.78037],[-5.31982,36.78673],[-5.32631,36.80489],[-5.34071,36.81942],[-5.33659,36.82464],[-5.33251,36.8386],[-5.31403,36.85627],[-5.30577,36.85812],[-5.30138,36.86977],[-5.28924,36.8731],[-5.2693,36.884],[-5.26589,36.87543],[-5.24186,36.86174],[-5.23098,36.86123],[-5.22225,36.85074],[-5.22185,36.84249],[-5.20239,36.83836],[-5.18696,36.82901],[-5.1778,36.82938],[-5.17065,36.82438],[-5.14101,36.83774],[-5.13504,36.83837],[-5.12183,36.85789],[-5.11777,36.87091],[-5.11341,36.87356],[-5.11045,36.88902],[-5.10275,36.89136],[-5.10565,36.89779],[-5.09409,36.90034],[-5.08679,36.90501],[-5.09315,36.91195],[-5.09187,36.92062],[-5.10036,36.93403],[-5.10625,36.95595],[-5.11012,36.95933],[-5.09558,36.9683],[-5.09906,36.97234],[-5.11242,36.97645],[-5.11074,36.98395],[-5.11515,36.98896],[-5.12424,36.99126],[-5.12715,36.99541],[-5.14238,37.00386],[-5.1584,36.98932],[-5.16264,36.98142],[-5.17322,36.97786],[-5.19166,36.96641],[-5.2073,36.96178],[-5.22522,36.9423],[-5.23453,36.94105],[-5.25674,36.96404],[-5.26201,36.97507],[-5.26805,36.97823],[-5.27381,36.99019],[-5.28588,37.00064],[-5.30203,37.01923],[-5.30211,37.03736],[-5.30929,37.0331],[-5.3375,37.01174],[-5.34535,36.99739],[-5.35937,36.99272],[-5.3653,36.98566],[-5.37593,36.98],[-5.38272,36.97908],[-5.39239,36.97328],[-5.40097,36.96273],[-5.41156,36.95605],[-5.41664,36.94619],[-5.41382,36.94167],[-5.43895,36.93529],[-5.44126,36.94396],[-5.44634,36.94682],[-5.4464,36.95719],[-5.45426,36.96089],[-5.45699,36.97069],[-5.45244,36.98259],[-5.43524,36.99112],[-5.427,36.99963],[-5.42599,37.0057],[-5.42011,37.01321],[-5.42143,37.02446],[-5.42714,37.03789],[-5.42774,37.04457],[-5.43369,37.05245],[-5.44791,37.05022],[-5.45945,37.04214],[-5.47311,37.04294],[-5.50011,37.03909],[-5.51049,37.03252],[-5.49505,37.01125],[-5.47024,36.99164],[-5.46973,36.98395],[-5.48097,36.97269],[-5.49019,36.97275],[-5.49888,36.96587],[-5.50234,36.95832],[-5.51153,36.95795],[-5.51528,36.95022],[-5.52096,36.94754],[-5.52479,36.93733],[-5.53212,36.93604],[-5.53635,36.92984],[-5.54612,36.93018],[-5.5506,36.92052],[-5.5394,36.90539],[-5.53469,36.8942],[-5.54732,36.89894],[-5.56404,36.90763],[-5.58369,36.91546],[-5.58568,36.92283],[-5.58711,36.94701],[-5.59556,36.94488],[-5.60589,36.95085],[-5.61057,36.94134],[-5.61854,36.94049],[-5.62614,36.95444],[-5.63283,36.9506],[-5.64966,36.95432],[-5.66612,36.97574],[-5.67714,36.96997],[-5.69461,36.95678],[-5.69359,36.94809],[-5.69618,36.93528],[-5.7032,36.9256],[-5.71701,36.91952],[-5.72586,36.92153],[-5.73631,36.91822],[-5.74402,36.92294],[-5.763,36.92572],[-5.77411,36.92425],[-5.79278,36.92575],[-5.80639,36.92515],[-5.82889,36.91579],[-5.84551,36.91521],[-5.85991,36.89997],[-5.8696,36.8937],[-5.87652,36.89471],[-5.89358,36.85158],[-5.89105,36.84219],[-5.92535,36.85307],[-5.94134,36.85192],[-5.95285,36.85313],[-5.961,36.85127],[-5.97312,36.84419],[-6.0336,36.84884],[-6.05059,36.85344],[-6.07657,36.85352],[-6.10524,36.85743],[-6.12199,36.86379],[-6.15758,36.88603],[-6.16979,36.88803],[-6.18845,36.89359],[-6.20869,36.89343],[-6.22919,36.89595],[-6.23099,36.89811],[-6.24836,36.89365],[-6.25843,36.89526],[-6.26494,36.89954],[-6.27529,36.91093],[-6.29408,36.90573],[-6.33101,36.8988],[-6.34118,36.89413],[-6.34587,36.88801],[-6.35213,36.86132],[-6.35392,36.83832],[-6.35181,36.82527],[-6.34354,36.81249],[-6.34259,36.8024],[-6.34626,36.79728],[-6.36519,36.78972]]]},"properties":{"codi_prov":"11","provincia":"Cádiz","codi_ccaa":"01"}},{"type":"Feature","geometry":{"type":"Polygon","coordinates":[[[-0.79769,39.88107],[-0.79377,39.88143],[-0.77356,39.8698],[-0.75366,39.84295],[-0.73774,39.82848],[-0.73572,39.81934],[-0.72252,39.81323],[-0.71248,39.8167],[-0.70705,39.83513],[-0.69512,39.85006],[-0.69111,39.85246],[-0.66855,39.8404],[-0.65615,39.83598],[-0.65098,39.81201],[-0.645,39.79197],[-0.64705,39.78787],[-0.65243,39.7541],[-0.63081,39.7463],[-0.58814,39.74168],[-0.57715,39.76802],[-0.57705,39.7732],[-0.55855,39.79054],[-0.5484,39.79573],[-0.5309,39.79623],[-0.51401,39.77928],[-0.50852,39.77076],[-0.50586,39.75948],[-0.49825,39.74756],[-0.4827,39.73419],[-0.47512,39.73184],[-0.46367,39.72057],[-0.461,39.71535],[-0.44838,39.71642],[-0.43943,39.72835],[-0.43908,39.73686],[-0.41919,39.746],[-0.4096,39.7452],[-0.38694,39.76918],[-0.38586,39.77644],[-0.3918,39.77989],[-0.38986,39.78801],[-0.37813,39.80039],[-0.33926,39.79973],[-0.32873,39.80143],[-0.30857,39.79699],[-0.29748,39.78518],[-0.27653,39.77054],[-0.27156,39.76036],[-0.27195,39.75101],[-0.25714,39.74267],[-0.24622,39.7429],[-0.23396,39.74006],[-0.22577,39.7354],[-0.1885,39.72194],[-0.18145,39.73452],[-0.15864,39.76326],[-0.15246,39.769],[-0.14199,39.78633],[-0.13682,39.79003],[-0.11743,39.81718],[-0.10623,39.83063],[-0.08861,39.85439],[-0.07904,39.86206],[-0.0707,39.86446],[-0.06642,39.86089],[-0.05876,39.87218],[-0.03299,39.89523],[-0.01339,39.90643],[-0.00502,39.91657],[0.00472,39.94997],[0.014,39.94787],[0.01476,39.95875],[0.01035,39.95977],[0.01721,39.97436],[0.02454,39.97794],[0.02692,39.98823],[0.03552,40.01091],[0.04101,40.01675],[0.04659,40.03082],[0.05339,40.03816],[0.06448,40.0434],[0.085,40.05681],[0.09863,40.05599],[0.12066,40.06224],[0.13343,40.07358],[0.13845,40.082],[0.14665,40.08715],[0.14981,40.10086],[0.16546,40.13308],[0.18219,40.15998],[0.19051,40.17043],[0.20224,40.18173],[0.20999,40.18414],[0.23103,40.19804],[0.25463,40.20309],[0.26369,40.20833],[0.27564,40.23926],[0.28716,40.25255],[0.29602,40.25845],[0.30566,40.2613],[0.31284,40.26977],[0.32979,40.27951],[0.33527,40.29172],[0.35085,40.3003],[0.35401,40.31226],[0.36463,40.3241],[0.38516,40.339],[0.39203,40.35148],[0.397,40.3535],[0.40355,40.363],[0.40993,40.38474],[0.41858,40.40149],[0.43634,40.41717],[0.44109,40.42872],[0.45316,40.44205],[0.46436,40.45792],[0.47814,40.46847],[0.48573,40.47737],[0.48863,40.48526],[0.5061,40.50572],[0.51462,40.52297],[0.49833,40.52793],[0.48667,40.52938],[0.46197,40.53716],[0.43877,40.54637],[0.4336,40.56563],[0.44218,40.57924],[0.43198,40.57933],[0.40482,40.59593],[0.40194,40.60277],[0.38859,40.6068],[0.37187,40.60502],[0.35409,40.60793],[0.33647,40.60891],[0.31538,40.61395],[0.30001,40.62324],[0.29178,40.62321],[0.27877,40.63033],[0.2656,40.64513],[0.26931,40.64783],[0.26842,40.65952],[0.27512,40.67008],[0.28243,40.6722],[0.2912,40.68372],[0.28617,40.68981],[0.26932,40.70349],[0.26173,40.70602],[0.25163,40.70488],[0.24204,40.70018],[0.22737,40.71495],[0.22381,40.73225],[0.2151,40.73188],[0.19814,40.72488],[0.19104,40.7311],[0.18173,40.72815],[0.17025,40.73274],[0.1622,40.7226],[0.14456,40.71833],[0.12382,40.72081],[0.11502,40.72774],[0.0725,40.71397],[0.04217,40.69101],[0.02663,40.6948],[0.02451,40.70698],[0.02862,40.71417],[0.01852,40.71981],[0.01661,40.72771],[-0.00299,40.7305],[-0.02264,40.73021],[-0.03198,40.72244],[-0.04887,40.72729],[-0.0647,40.72741],[-0.07985,40.73334],[-0.09604,40.74181],[-0.11034,40.74483],[-0.1129,40.74831],[-0.12684,40.75332],[-0.13563,40.76352],[-0.14224,40.76711],[-0.14718,40.77512],[-0.14531,40.78593],[-0.16496,40.78863],[-0.1705,40.78627],[-0.19718,40.78446],[-0.20079,40.77718],[-0.21045,40.76738],[-0.21284,40.75827],[-0.22403,40.75416],[-0.23051,40.73854],[-0.23207,40.7273],[-0.23936,40.71745],[-0.23357,40.70855],[-0.23753,40.69794],[-0.23599,40.69111],[-0.25044,40.69077],[-0.26356,40.68413],[-0.27939,40.67986],[-0.30731,40.662],[-0.31657,40.66332],[-0.32211,40.67772],[-0.32882,40.68028],[-0.35617,40.67769],[-0.37051,40.67228],[-0.38151,40.66158],[-0.37096,40.6511],[-0.37115,40.64354],[-0.37641,40.63635],[-0.37967,40.62353],[-0.37048,40.61359],[-0.36025,40.61551],[-0.34401,40.6112],[-0.33773,40.60729],[-0.32209,40.60284],[-0.31158,40.61145],[-0.29447,40.61217],[-0.29349,40.59146],[-0.29915,40.57323],[-0.29495,40.57039],[-0.29619,40.56084],[-0.29035,40.55303],[-0.29033,40.54393],[-0.30147,40.52185],[-0.30216,40.51493],[-0.29836,40.50567],[-0.28755,40.50955],[-0.27517,40.4957],[-0.28015,40.4883],[-0.27151,40.47846],[-0.29007,40.47039],[-0.29313,40.46625],[-0.30896,40.46551],[-0.32367,40.4592],[-0.335,40.45716],[-0.34441,40.44155],[-0.33283,40.42554],[-0.31668,40.41717],[-0.30722,40.40919],[-0.30132,40.39738],[-0.2888,40.38938],[-0.28342,40.38318],[-0.28126,40.37051],[-0.29198,40.36626],[-0.29881,40.36081],[-0.3048,40.36247],[-0.31869,40.35451],[-0.32426,40.34701],[-0.33275,40.34082],[-0.34134,40.33834],[-0.34109,40.32887],[-0.34974,40.32297],[-0.35251,40.31362],[-0.3615,40.31462],[-0.39007,40.30565],[-0.38961,40.29999],[-0.39871,40.29396],[-0.38957,40.28692],[-0.38222,40.27666],[-0.38373,40.26423],[-0.38823,40.26143],[-0.42807,40.2438],[-0.45181,40.23532],[-0.46159,40.23445],[-0.47136,40.23837],[-0.48664,40.23417],[-0.49452,40.22873],[-0.50157,40.23319],[-0.51059,40.23178],[-0.5259,40.23732],[-0.54419,40.25166],[-0.54795,40.24417],[-0.55871,40.20976],[-0.55748,40.20079],[-0.56282,40.18887],[-0.57227,40.18117],[-0.57397,40.17296],[-0.56965,40.16285],[-0.57086,40.15519],[-0.57896,40.14789],[-0.57965,40.13883],[-0.58698,40.13143],[-0.60741,40.12798],[-0.6287,40.1021],[-0.61835,40.08207],[-0.61347,40.06959],[-0.62337,40.06898],[-0.63132,40.07344],[-0.63686,40.0674],[-0.64784,40.06462],[-0.66419,40.05115],[-0.68143,40.04513],[-0.70275,40.04657],[-0.71868,40.03924],[-0.73157,40.04218],[-0.74768,40.03782],[-0.7545,40.04564],[-0.76254,40.03969],[-0.76285,40.03027],[-0.76783,40.0092],[-0.79015,39.98978],[-0.80007,39.99133],[-0.81698,39.98223],[-0.83481,39.97934],[-0.84143,39.96911],[-0.83609,39.96281],[-0.8463,39.9477],[-0.83983,39.94207],[-0.8368,39.93333],[-0.83765,39.92358],[-0.82999,39.90678],[-0.8046,39.89211],[-0.79769,39.88107]]]},"properties":{"codi_prov":"12","provincia":"Castellón/Castelló","codi_ccaa":"10"}},{"type":"Feature","geometry":{"type":"MultiPolygon","coordinates":[[[[-4.26847,38.34703],[-4.27204,38.36571],[-4.27845,38.37728],[-4.27616,38.39082],[-4.26635,38.3985],[-4.25549,38.40162],[-4.24627,38.39809],[-4.22317,38.39742],[-4.19215,38.39013],[-4.17611,38.38432],[-4.15567,38.3807],[-4.1443,38.38609],[-4.13326,38.38403],[-4.12656,38.37892],[-4.11222,38.38188],[-4.0917,38.37991],[-4.08657,38.37673],[-4.07019,38.37974],[-4.05085,38.37618],[-4.03137,38.37532],[-4.01251,38.37088],[-4.00735,38.36803],[-3.9838,38.36965],[-3.97158,38.36651],[-3.95861,38.36571],[-3.93798,38.36835],[-3.91279,38.36784],[-3.90271,38.37167],[-3.8936,38.37093],[-3.87661,38.37651],[-3.85499,38.37493],[-3.83766,38.38633],[-3.83052,38.39485],[-3.83222,38.39938],[-3.82961,38.41262],[-3.82429,38.4163],[-3.80786,38.42182],[-3.80118,38.41995],[-3.78561,38.42527],[-3.76491,38.42436],[-3.73906,38.41376],[-3.73001,38.42437],[-3.69928,38.41288],[-3.64695,38.40421],[-3.64418,38.4019],[-3.62047,38.39399],[-3.59824,38.39847],[-3.58585,38.4056],[-3.58636,38.43395],[-3.58308,38.45147],[-3.56736,38.45203],[-3.55259,38.44653],[-3.54189,38.44538],[-3.53262,38.43406],[-3.53496,38.42326],[-3.53335,38.41509],[-3.52425,38.4091],[-3.50592,38.40801],[-3.49535,38.40357],[-3.48547,38.40403],[-3.47259,38.39796],[-3.4517,38.40032],[-3.43324,38.40803],[-3.42482,38.4068],[-3.40954,38.4241],[-3.4019,38.42395],[-3.38867,38.434],[-3.37668,38.4396],[-3.38069,38.44602],[-3.37501,38.47523],[-3.34903,38.47774],[-3.32649,38.48212],[-3.30449,38.4786],[-3.29676,38.47057],[-3.28847,38.46924],[-3.28001,38.4604],[-3.25114,38.4581],[-3.21865,38.45283],[-3.18002,38.44992],[-3.14992,38.44006],[-3.1302,38.43877],[-3.11807,38.44869],[-3.06497,38.47825],[-3.03662,38.44748],[-3.03096,38.44275],[-3.00537,38.41485],[-3.00165,38.41367],[-2.99189,38.42891],[-2.99616,38.44312],[-2.99294,38.44961],[-2.97547,38.45525],[-2.96267,38.47119],[-2.95542,38.46855],[-2.93829,38.47457],[-2.90986,38.46791],[-2.90044,38.46411],[-2.88861,38.4554],[-2.87668,38.45677],[-2.87949,38.46209],[-2.86796,38.46603],[-2.85993,38.4758],[-2.8541,38.47415],[-2.8488,38.48148],[-2.83061,38.4881],[-2.82141,38.48946],[-2.80838,38.49579],[-2.80675,38.50271],[-2.79344,38.50619],[-2.7858,38.51114],[-2.77955,38.50976],[-2.77709,38.51792],[-2.77108,38.52017],[-2.77396,38.5286],[-2.76456,38.53207],[-2.75453,38.54226],[-2.74849,38.54477],[-2.76259,38.56176],[-2.76684,38.5738],[-2.75878,38.58037],[-2.75436,38.59267],[-2.75461,38.60134],[-2.7501,38.61557],[-2.75728,38.62026],[-2.76159,38.62781],[-2.7438,38.62382],[-2.73734,38.61759],[-2.72557,38.61702],[-2.71491,38.62488],[-2.70225,38.62479],[-2.68871,38.6346],[-2.67493,38.64817],[-2.66885,38.64922],[-2.66046,38.66686],[-2.65556,38.67143],[-2.65468,38.68077],[-2.64902,38.693],[-2.64971,38.70082],[-2.64675,38.71548],[-2.64182,38.72115],[-2.63789,38.73462],[-2.64346,38.74638],[-2.66299,38.75353],[-2.66606,38.75884],[-2.67457,38.76161],[-2.68326,38.77255],[-2.69742,38.78341],[-2.71137,38.78522],[-2.73224,38.78185],[-2.73548,38.79639],[-2.75028,38.80711],[-2.75238,38.82316],[-2.74933,38.83153],[-2.75107,38.84759],[-2.7564,38.86779],[-2.76153,38.86964],[-2.76231,38.88077],[-2.78041,38.88611],[-2.79065,38.89157],[-2.79246,38.90555],[-2.79928,38.90805],[-2.83581,38.90597],[-2.84282,38.91564],[-2.85766,38.92738],[-2.86569,38.92904],[-2.87622,38.92551],[-2.88289,38.93849],[-2.87847,38.9554],[-2.8655,38.96652],[-2.85865,38.97506],[-2.84591,38.98485],[-2.83814,39.00374],[-2.83746,39.01385],[-2.83226,39.02324],[-2.80993,39.02383],[-2.80699,39.04292],[-2.8094,39.05135],[-2.80717,39.06197],[-2.8061,39.0801],[-2.81587,39.09398],[-2.82262,39.09218],[-2.83167,39.10497],[-2.83313,39.11899],[-2.84167,39.13532],[-2.83446,39.14061],[-2.8192,39.15787],[-2.80733,39.17785],[-2.79421,39.18598],[-2.78206,39.1962],[-2.77408,39.208],[-2.77049,39.21682],[-2.7601,39.23043],[-2.74248,39.24426],[-2.72919,39.2564],[-2.72269,39.26684],[-2.72618,39.28553],[-2.73721,39.29825],[-2.74293,39.3183],[-2.75643,39.33635],[-2.76335,39.35871],[-2.77206,39.36971],[-2.77678,39.3855],[-2.77626,39.39491],[-2.78665,39.39729],[-2.79874,39.39096],[-2.80453,39.38085],[-2.80929,39.38017],[-2.81806,39.36749],[-2.82645,39.36125],[-2.83414,39.35971],[-2.83737,39.35353],[-2.84717,39.34807],[-2.85922,39.34872],[-2.86427,39.3563],[-2.88218,39.35013],[-2.89313,39.35777],[-2.8967,39.36629],[-2.88712,39.37828],[-2.88462,39.38483],[-2.87086,39.38399],[-2.87032,39.39084],[-2.88629,39.40575],[-2.88998,39.42028],[-2.90554,39.42744],[-2.91332,39.43876],[-2.91481,39.4474],[-2.92743,39.45306],[-2.93207,39.46079],[-2.93177,39.47145],[-2.95551,39.45486],[-2.957,39.4472],[-2.96733,39.44792],[-2.97798,39.44474],[-2.99505,39.45126],[-3.00063,39.44868],[-2.9994,39.44159],[-3.01485,39.44507],[-3.0227,39.45714],[-3.05016,39.45039],[-3.06988,39.45006],[-3.07561,39.45778],[-3.09588,39.47317],[-3.11036,39.47589],[-3.14332,39.49556],[-3.15679,39.49612],[-3.18414,39.48818],[-3.18516,39.475],[-3.20795,39.47628],[-3.25534,39.47075],[-3.27911,39.46972],[-3.29425,39.47077],[-3.29663,39.45981],[-3.30414,39.44879],[-3.3147,39.43802],[-3.31622,39.42577],[-3.31015,39.41564],[-3.3091,39.39868],[-3.32966,39.4055],[-3.34306,39.40807],[-3.36611,39.40748],[-3.40161,39.40417],[-3.41028,39.40459],[-3.42702,39.39436],[-3.44792,39.38701],[-3.47048,39.37214],[-3.47357,39.35248],[-3.47688,39.34314],[-3.48499,39.34152],[-3.49218,39.33506],[-3.51474,39.32019],[-3.52502,39.31499],[-3.53259,39.30416],[-3.54835,39.30209],[-3.55617,39.29905],[-3.57367,39.30068],[-3.5769,39.30495],[-3.58618,39.30738],[-3.60743,39.30202],[-3.62389,39.3027],[-3.64234,39.29949],[-3.65148,39.29988],[-3.67462,39.29665],[-3.68814,39.28486],[-3.69614,39.28009],[-3.72252,39.26961],[-3.73009,39.2748],[-3.74066,39.27632],[-3.74344,39.282],[-3.76569,39.29332],[-3.79121,39.2929],[-3.80912,39.28835],[-3.8152,39.2796],[-3.82831,39.26897],[-3.83733,39.26688],[-3.84149,39.25968],[-3.85736,39.2585],[-3.87604,39.26206],[-3.90241,39.28028],[-3.91461,39.28424],[-3.92863,39.28427],[-3.96686,39.29855],[-3.95886,39.31016],[-3.96829,39.32348],[-3.96807,39.34306],[-3.9722,39.35218],[-4.0041,39.35187],[-4.03156,39.35892],[-4.03896,39.35754],[-4.07305,39.36577],[-4.08622,39.35494],[-4.08577,39.34983],[-4.10402,39.34169],[-4.10815,39.34901],[-4.12027,39.36236],[-4.12802,39.36532],[-4.14816,39.3627],[-4.14404,39.369],[-4.13868,39.38441],[-4.13239,39.39677],[-4.13477,39.40034],[-4.12664,39.40809],[-4.12354,39.42951],[-4.12008,39.43632],[-4.12028,39.44523],[-4.11236,39.4598],[-4.10403,39.45914],[-4.09984,39.45496],[-4.07926,39.45128],[-4.06813,39.45705],[-4.05883,39.47219],[-4.06774,39.48574],[-4.06507,39.49351],[-4.06824,39.50255],[-4.05943,39.52206],[-4.04336,39.52066],[-4.03008,39.52197],[-4.03627,39.54899],[-4.03884,39.55395],[-4.03784,39.56565],[-4.04178,39.57535],[-4.07228,39.57216],[-4.08186,39.56807],[-4.08946,39.5692],[-4.10469,39.56536],[-4.12435,39.56356],[-4.13585,39.56518],[-4.14975,39.57363],[-4.15873,39.57676],[-4.16646,39.56689],[-4.1926,39.49824],[-4.1961,39.49281],[-4.20499,39.4879],[-4.24209,39.4779],[-4.25179,39.48044],[-4.272,39.4795],[-4.29647,39.4841],[-4.32065,39.48341],[-4.33141,39.48738],[-4.36417,39.49638],[-4.37721,39.49598],[-4.40927,39.50628],[-4.42125,39.50701],[-4.43072,39.51867],[-4.44086,39.52299],[-4.45308,39.51729],[-4.45948,39.49248],[-4.46265,39.48932],[-4.46087,39.48028],[-4.46775,39.48038],[-4.48028,39.48582],[-4.48817,39.50193],[-4.49608,39.50812],[-4.50073,39.51855],[-4.50635,39.52185],[-4.50167,39.5351],[-4.4929,39.53818],[-4.49386,39.54492],[-4.50439,39.54649],[-4.52142,39.5559],[-4.5313,39.55568],[-4.52837,39.54726],[-4.53472,39.53733],[-4.54249,39.53827],[-4.54268,39.544],[-4.56144,39.53314],[-4.55972,39.51653],[-4.55463,39.51078],[-4.56857,39.50122],[-4.56783,39.49739],[-4.58548,39.49688],[-4.59028,39.49974],[-4.61184,39.48841],[-4.614,39.48526],[-4.6147,39.46593],[-4.61159,39.46014],[-4.61813,39.4544],[-4.64051,39.44983],[-4.65967,39.45392],[-4.68694,39.44973],[-4.68552,39.44085],[-4.67282,39.42609],[-4.66967,39.41661],[-4.67383,39.40824],[-4.68647,39.39506],[-4.68699,39.38619],[-4.69365,39.38241],[-4.69413,39.37383],[-4.70426,39.36444],[-4.71035,39.34615],[-4.70708,39.32798],[-4.71475,39.32872],[-4.73437,39.32685],[-4.7611,39.32072],[-4.75444,39.31196],[-4.73989,39.28057],[-4.73137,39.25521],[-4.73368,39.25254],[-4.71355,39.24432],[-4.71092,39.2271],[-4.70602,39.2148],[-4.70823,39.20987],[-4.68795,39.20307],[-4.6826,39.19296],[-4.67236,39.1873],[-4.66516,39.18612],[-4.66088,39.17734],[-4.64776,39.16959],[-4.65553,39.16514],[-4.67655,39.16959],[-4.71441,39.18762],[-4.74255,39.19452],[-4.77364,39.1895],[-4.81027,39.19942],[-4.8132,39.19103],[-4.82125,39.18091],[-4.83222,39.17508],[-4.83058,39.16604],[-4.84521,39.16136],[-4.85317,39.15244],[-4.8536,39.14194],[-4.85812,39.13468],[-4.85717,39.12266],[-4.86973,39.11348],[-4.87371,39.09634],[-4.85922,39.07753],[-4.83548,39.07058],[-4.82694,39.06412],[-4.83279,39.04616],[-4.84255,39.04759],[-4.84917,39.0455],[-4.85263,39.03881],[-4.86099,39.03178],[-4.8856,39.03363],[-4.90277,39.041],[-4.91278,39.04782],[-4.93513,39.05642],[-4.94861,39.05625],[-4.9625,39.05873],[-4.9595,39.04605],[-4.95163,39.03145],[-4.94587,39.0103],[-4.93707,38.99687],[-4.93687,38.98527],[-4.93367,38.97558],[-4.91885,38.95785],[-4.90635,38.96338],[-4.8942,38.96031],[-4.89007,38.95218],[-4.87714,38.94795],[-4.85189,38.94731],[-4.84302,38.94509],[-4.83113,38.93561],[-4.83668,38.93056],[-4.84537,38.90443],[-4.84417,38.89326],[-4.85015,38.88157],[-4.86573,38.88709],[-4.89029,38.88656],[-4.89931,38.88898],[-4.91494,38.88744],[-4.92798,38.86993],[-4.94348,38.85438],[-4.94452,38.84713],[-4.95363,38.82996],[-4.9587,38.81034],[-4.95774,38.80362],[-4.96074,38.79078],[-4.96867,38.77511],[-4.97285,38.76084],[-4.98336,38.75146],[-4.98999,38.73976],[-5.00336,38.73313],[-5.01525,38.73564],[-5.03814,38.7335],[-5.04695,38.72909],[-5.03274,38.72537],[-5.02428,38.72611],[-5.01721,38.71889],[-5.00803,38.71523],[-5.00202,38.70818],[-5.00141,38.69501],[-4.96939,38.68654],[-4.94419,38.68184],[-4.92378,38.68198],[-4.91877,38.68609],[-4.87697,38.68609],[-4.86888,38.68093],[-4.87089,38.67514],[-4.86579,38.6598],[-4.86699,38.64829],[-4.86348,38.641],[-4.86725,38.6317],[-4.86185,38.61692],[-4.8328,38.60595],[-4.81592,38.59502],[-4.7866,38.59612],[-4.7693,38.58699],[-4.75341,38.5848],[-4.73946,38.57669],[-4.72107,38.57164],[-4.70865,38.57249],[-4.70475,38.56421],[-4.69978,38.56147],[-4.70145,38.55203],[-4.68742,38.54772],[-4.66565,38.54678],[-4.65589,38.53842],[-4.63986,38.53177],[-4.63334,38.52461],[-4.62196,38.52345],[-4.61961,38.50816],[-4.61023,38.49585],[-4.58919,38.48622],[-4.58707,38.49314],[-4.57681,38.49327],[-4.55591,38.47701],[-4.53943,38.48202],[-4.53492,38.46971],[-4.52516,38.46337],[-4.51448,38.46371],[-4.50547,38.4572],[-4.50145,38.44635],[-4.49534,38.44132],[-4.48864,38.44126],[-4.48161,38.43232],[-4.46728,38.42188],[-4.4623,38.41124],[-4.45278,38.40147],[-4.43475,38.40216],[-4.4278,38.39634],[-4.41552,38.3938],[-4.40917,38.3845],[-4.39558,38.38649],[-4.35828,38.37466],[-4.34905,38.37009],[-4.32058,38.36254],[-4.31812,38.35743],[-4.30918,38.35361],[-4.29526,38.35084],[-4.28648,38.34245],[-4.27776,38.34752],[-4.26847,38.34703]]],[[[-4.75537,39.41571],[-4.75371,39.42542],[-4.7662,39.42391],[-4.76626,39.43432],[-4.7522,39.44858],[-4.74051,39.45617],[-4.74995,39.46835],[-4.74285,39.48755],[-4.75171,39.50183],[-4.76247,39.51404],[-4.77977,39.5201],[-4.78605,39.52525],[-4.81097,39.52981],[-4.84812,39.55212],[-4.86312,39.55615],[-4.87216,39.54395],[-4.87974,39.53836],[-4.88895,39.52657],[-4.89162,39.51913],[-4.89804,39.51261],[-4.90821,39.49369],[-4.91098,39.47916],[-4.91877,39.45951],[-4.92665,39.43425],[-4.93101,39.42707],[-4.94217,39.39935],[-4.94074,39.39512],[-4.93322,39.38928],[-4.9215,39.38746],[-4.91029,39.37871],[-4.88757,39.37053],[-4.88112,39.3729],[-4.87093,39.36831],[-4.86786,39.37531],[-4.85718,39.38091],[-4.84278,39.38078],[-4.83202,39.38941],[-4.80591,39.3975],[-4.79781,39.39668],[-4.78314,39.39879],[-4.77624,39.39684],[-4.76747,39.40191],[-4.75537,39.41571]]]]},"properties":{"codi_prov":"13","provincia":"Ciudad Real","codi_ccaa":"08"}},{"type":"Feature","geometry":{"type":"MultiPolygon","coordinates":[[[[-5.04695,38.72909],[-5.05888,38.72428],[-5.06829,38.71757],[-5.0752,38.71692],[-5.10079,38.70772],[-5.11842,38.71603],[-5.14254,38.7138],[-5.15276,38.71633],[-5.16942,38.71307],[-5.17022,38.71657],[-5.18362,38.71835],[-5.18135,38.70664],[-5.17538,38.7003],[-5.17314,38.6879],[-5.16801,38.67732],[-5.18397,38.6756],[-5.18652,38.66984],[-5.17941,38.66472],[-5.18423,38.65973],[-5.20884,38.66744],[-5.21679,38.64847],[-5.22943,38.64706],[-5.24448,38.63343],[-5.25473,38.63229],[-5.25443,38.62572],[-5.26992,38.6216],[-5.28028,38.6122],[-5.29224,38.61081],[-5.30063,38.59905],[-5.30929,38.59443],[-5.30765,38.57799],[-5.32382,38.58056],[-5.33573,38.5785],[-5.35658,38.58548],[-5.36899,38.58492],[-5.36969,38.57768],[-5.37569,38.56826],[-5.38601,38.56681],[-5.38981,38.56217],[-5.39149,38.54887],[-5.38365,38.54368],[-5.39051,38.54005],[-5.39616,38.54591],[-5.40656,38.54388],[-5.40463,38.53549],[-5.41603,38.53021],[-5.41354,38.52407],[-5.42024,38.51244],[-5.42939,38.51334],[-5.43497,38.50422],[-5.44482,38.50492],[-5.4508,38.49799],[-5.45791,38.49516],[-5.46927,38.48452],[-5.4782,38.48474],[-5.48375,38.46668],[-5.4913,38.46643],[-5.49493,38.45906],[-5.50688,38.45738],[-5.51199,38.46357],[-5.51876,38.46341],[-5.53087,38.45457],[-5.55347,38.44496],[-5.5613,38.43609],[-5.56814,38.43339],[-5.58123,38.40449],[-5.58428,38.40097],[-5.58507,38.38584],[-5.57302,38.37835],[-5.56678,38.3772],[-5.5687,38.35664],[-5.56727,38.35133],[-5.5723,38.34191],[-5.57322,38.3315],[-5.56768,38.32348],[-5.55553,38.31773],[-5.55123,38.31098],[-5.55278,38.30449],[-5.54462,38.29339],[-5.54448,38.28308],[-5.53757,38.27301],[-5.52596,38.26412],[-5.53004,38.25519],[-5.52378,38.2492],[-5.52214,38.23225],[-5.52434,38.22261],[-5.52043,38.20757],[-5.53871,38.2006],[-5.54034,38.18503],[-5.53967,38.16069],[-5.54848,38.16117],[-5.55676,38.15022],[-5.56732,38.14797],[-5.57399,38.15066],[-5.58564,38.14035],[-5.58479,38.13171],[-5.58131,38.12902],[-5.58168,38.11547],[-5.55735,38.10796],[-5.53991,38.09422],[-5.53958,38.08215],[-5.52521,38.07328],[-5.52282,38.06512],[-5.51311,38.05925],[-5.51043,38.05321],[-5.49608,38.04286],[-5.48903,38.02894],[-5.49204,38.01355],[-5.49112,38.00676],[-5.49425,37.99883],[-5.49034,37.99283],[-5.48239,37.99005],[-5.47655,37.98322],[-5.47502,37.97639],[-5.46708,37.971],[-5.4542,37.96662],[-5.44726,37.96145],[-5.4207,37.94783],[-5.41438,37.94156],[-5.42179,37.92817],[-5.41724,37.92119],[-5.41673,37.90705],[-5.41417,37.89847],[-5.42097,37.893],[-5.41264,37.87105],[-5.40502,37.86236],[-5.39935,37.86341],[-5.38905,37.85836],[-5.38143,37.85162],[-5.36845,37.85013],[-5.36033,37.84445],[-5.35098,37.84346],[-5.33977,37.83353],[-5.34495,37.8272],[-5.34219,37.82135],[-5.34747,37.81278],[-5.35004,37.79471],[-5.34433,37.7901],[-5.33093,37.7857],[-5.32968,37.77866],[-5.30975,37.77359],[-5.31826,37.75721],[-5.31025,37.74676],[-5.30429,37.72108],[-5.31093,37.70912],[-5.3076,37.69924],[-5.319,37.70151],[-5.3257,37.69175],[-5.33152,37.69432],[-5.33686,37.70567],[-5.34346,37.70568],[-5.36047,37.69872],[-5.36816,37.6912],[-5.37432,37.6785],[-5.38454,37.68206],[-5.38322,37.68869],[-5.3859,37.69672],[-5.40369,37.69302],[-5.41238,37.68237],[-5.41419,37.67391],[-5.40963,37.65998],[-5.39722,37.6624],[-5.39375,37.65674],[-5.40254,37.64823],[-5.4136,37.6476],[-5.41151,37.64138],[-5.40148,37.63608],[-5.40116,37.63108],[-5.39179,37.62374],[-5.38154,37.61089],[-5.35917,37.60441],[-5.35671,37.58902],[-5.3472,37.58482],[-5.34393,37.59316],[-5.33665,37.59776],[-5.32292,37.61149],[-5.31153,37.61972],[-5.29977,37.62289],[-5.27672,37.62459],[-5.25476,37.63598],[-5.23429,37.65078],[-5.22511,37.65454],[-5.20054,37.66967],[-5.17677,37.68058],[-5.16209,37.67303],[-5.15005,37.66092],[-5.13732,37.66814],[-5.12582,37.66586],[-5.11926,37.66766],[-5.1084,37.66264],[-5.11266,37.67767],[-5.11349,37.68873],[-5.12971,37.69875],[-5.11273,37.70258],[-5.10751,37.69968],[-5.10013,37.68413],[-5.09345,37.67499],[-5.09757,37.67077],[-5.08246,37.66222],[-5.08315,37.6701],[-5.09153,37.68089],[-5.08583,37.68857],[-5.08905,37.69466],[-5.07258,37.7077],[-5.04664,37.71823],[-5.01284,37.70983],[-5.00112,37.70785],[-4.99779,37.70069],[-4.98984,37.69463],[-4.98512,37.68004],[-4.97198,37.67286],[-4.96519,37.6631],[-4.9544,37.65254],[-4.95852,37.62173],[-4.96621,37.61064],[-4.96015,37.60876],[-4.95427,37.61447],[-4.94343,37.61696],[-4.93173,37.61659],[-4.93424,37.60001],[-4.93033,37.58983],[-4.93499,37.58302],[-4.9303,37.57568],[-4.93738,37.56983],[-4.9315,37.56304],[-4.93199,37.54624],[-4.94167,37.53386],[-4.93981,37.52858],[-4.9483,37.5211],[-4.93471,37.52019],[-4.93111,37.50558],[-4.92461,37.50038],[-4.90602,37.49984],[-4.90757,37.49528],[-4.91628,37.49215],[-4.91538,37.4855],[-4.91016,37.48025],[-4.90323,37.46655],[-4.89371,37.45946],[-4.87532,37.44975],[-4.88287,37.44483],[-4.88474,37.43798],[-4.85978,37.43785],[-4.85433,37.43939],[-4.84019,37.43486],[-4.83798,37.42208],[-4.84328,37.41402],[-4.84981,37.41066],[-4.84339,37.39948],[-4.8378,37.39835],[-4.83073,37.38985],[-4.82602,37.37908],[-4.81469,37.37753],[-4.81516,37.37227],[-4.82361,37.36876],[-4.82213,37.35819],[-4.80391,37.34688],[-4.78188,37.32978],[-4.77472,37.33482],[-4.76487,37.3379],[-4.74873,37.33091],[-4.72875,37.33569],[-4.72536,37.35176],[-4.71961,37.35828],[-4.71325,37.35257],[-4.70333,37.35009],[-4.68074,37.33552],[-4.67936,37.32955],[-4.66842,37.32441],[-4.68407,37.31536],[-4.67871,37.3084],[-4.67171,37.31042],[-4.65901,37.30508],[-4.66537,37.29989],[-4.67853,37.29706],[-4.67634,37.29056],[-4.66212,37.28374],[-4.654,37.27185],[-4.65335,37.25583],[-4.64533,37.24685],[-4.6295,37.25455],[-4.61396,37.25493],[-4.61427,37.24205],[-4.60508,37.2369],[-4.5961,37.2242],[-4.60437,37.21466],[-4.59995,37.20996],[-4.58498,37.21121],[-4.57621,37.20916],[-4.56957,37.21664],[-4.56026,37.21933],[-4.54472,37.21739],[-4.53374,37.21212],[-4.51022,37.22128],[-4.49121,37.23558],[-4.48049,37.23866],[-4.47745,37.24563],[-4.48518,37.25248],[-4.47632,37.25706],[-4.46825,37.25656],[-4.45678,37.26189],[-4.445,37.27759],[-4.43351,37.27395],[-4.41912,37.2822],[-4.41306,37.27613],[-4.40364,37.27648],[-4.38957,37.27374],[-4.38387,37.27734],[-4.37772,37.27035],[-4.38081,37.26336],[-4.37606,37.25722],[-4.37975,37.249],[-4.37744,37.24177],[-4.38501,37.23826],[-4.38257,37.23155],[-4.37201,37.21539],[-4.36667,37.21344],[-4.34521,37.21361],[-4.32382,37.20424],[-4.33055,37.19769],[-4.33266,37.19141],[-4.32813,37.18407],[-4.3237,37.19009],[-4.31094,37.19539],[-4.29557,37.19939],[-4.26345,37.22749],[-4.25531,37.22957],[-4.25762,37.2504],[-4.26325,37.26038],[-4.24813,37.26912],[-4.24103,37.29063],[-4.23651,37.29722],[-4.2352,37.31192],[-4.23912,37.32768],[-4.23642,37.33585],[-4.22849,37.33734],[-4.20933,37.35247],[-4.17234,37.3484],[-4.15784,37.34225],[-4.14874,37.35426],[-4.14569,37.36169],[-4.12998,37.37338],[-4.12648,37.37875],[-4.10781,37.3862],[-4.10235,37.39012],[-4.09775,37.40009],[-4.08578,37.40373],[-4.07424,37.40245],[-4.04715,37.40331],[-4.03653,37.40614],[-4.02707,37.40559],[-4.01713,37.40138],[-4.00094,37.40203],[-4.01647,37.41733],[-4.02737,37.43446],[-4.02901,37.44215],[-4.0378,37.45243],[-4.04803,37.46802],[-4.06025,37.47206],[-4.06826,37.47152],[-4.07994,37.47901],[-4.08606,37.48648],[-4.07444,37.49304],[-4.06042,37.50612],[-4.07963,37.50926],[-4.08542,37.5136],[-4.09433,37.51056],[-4.09897,37.5219],[-4.0991,37.53067],[-4.10918,37.53325],[-4.11397,37.5467],[-4.12176,37.54906],[-4.13527,37.56141],[-4.13935,37.56018],[-4.15863,37.58048],[-4.17262,37.61059],[-4.18707,37.61644],[-4.21017,37.61586],[-4.22181,37.62195],[-4.21844,37.62762],[-4.22422,37.63138],[-4.22787,37.63978],[-4.21483,37.64674],[-4.18765,37.67003],[-4.17542,37.67738],[-4.16437,37.68151],[-4.1803,37.69933],[-4.18312,37.70648],[-4.19999,37.70831],[-4.22646,37.71819],[-4.23822,37.71946],[-4.24032,37.72636],[-4.23838,37.73392],[-4.22556,37.762],[-4.21874,37.76718],[-4.20747,37.76994],[-4.20682,37.77891],[-4.21358,37.78392],[-4.22534,37.7866],[-4.25903,37.7887],[-4.28674,37.79654],[-4.28412,37.8122],[-4.28596,37.81526],[-4.28086,37.82867],[-4.2777,37.85697],[-4.27992,37.87604],[-4.27331,37.89669],[-4.27481,37.90279],[-4.27099,37.91136],[-4.26239,37.91508],[-4.25819,37.93807],[-4.26095,37.9636],[-4.26468,37.97427],[-4.27762,38.00012],[-4.28445,38.00383],[-4.28225,38.02281],[-4.25942,38.02241],[-4.2606,38.02934],[-4.26855,38.03941],[-4.25051,38.03924],[-4.24085,38.04605],[-4.24487,38.05245],[-4.25186,38.04919],[-4.25331,38.05905],[-4.24742,38.06944],[-4.24004,38.06682],[-4.22774,38.07893],[-4.22794,38.09064],[-4.21889,38.08872],[-4.21298,38.09532],[-4.22083,38.1028],[-4.21835,38.11043],[-4.20506,38.10828],[-4.19834,38.11663],[-4.19928,38.12246],[-4.19371,38.12836],[-4.17523,38.1315],[-4.1685,38.13662],[-4.16571,38.14374],[-4.16362,38.16139],[-4.16856,38.1653],[-4.16798,38.18043],[-4.18052,38.19246],[-4.18663,38.19489],[-4.19041,38.20587],[-4.20087,38.21328],[-4.20107,38.22064],[-4.19405,38.23097],[-4.19591,38.23746],[-4.20305,38.24557],[-4.21651,38.24663],[-4.21646,38.25165],[-4.20863,38.26698],[-4.21424,38.26888],[-4.21418,38.28306],[-4.21001,38.30086],[-4.2197,38.29857],[-4.22616,38.30386],[-4.23812,38.3239],[-4.23927,38.3328],[-4.23565,38.33631],[-4.24738,38.34262],[-4.25528,38.34013],[-4.26847,38.34703],[-4.27776,38.34752],[-4.28648,38.34245],[-4.29526,38.35084],[-4.30918,38.35361],[-4.31812,38.35743],[-4.32058,38.36254],[-4.34905,38.37009],[-4.35828,38.37466],[-4.39558,38.38649],[-4.40917,38.3845],[-4.41552,38.3938],[-4.4278,38.39634],[-4.43475,38.40216],[-4.45278,38.40147],[-4.4623,38.41124],[-4.46728,38.42188],[-4.48161,38.43232],[-4.48864,38.44126],[-4.49534,38.44132],[-4.50145,38.44635],[-4.50547,38.4572],[-4.51448,38.46371],[-4.52516,38.46337],[-4.53492,38.46971],[-4.53943,38.48202],[-4.55591,38.47701],[-4.57681,38.49327],[-4.58707,38.49314],[-4.58919,38.48622],[-4.61023,38.49585],[-4.61961,38.50816],[-4.62196,38.52345],[-4.63334,38.52461],[-4.63986,38.53177],[-4.65589,38.53842],[-4.66565,38.54678],[-4.68742,38.54772],[-4.70145,38.55203],[-4.69978,38.56147],[-4.70475,38.56421],[-4.70865,38.57249],[-4.72107,38.57164],[-4.73946,38.57669],[-4.75341,38.5848],[-4.7693,38.58699],[-4.7866,38.59612],[-4.81592,38.59502],[-4.8328,38.60595],[-4.86185,38.61692],[-4.86725,38.6317],[-4.86348,38.641],[-4.86699,38.64829],[-4.86579,38.6598],[-4.87089,38.67514],[-4.86888,38.68093],[-4.87697,38.68609],[-4.91877,38.68609],[-4.92378,38.68198],[-4.94419,38.68184],[-4.96939,38.68654],[-5.00141,38.69501],[-5.00202,38.70818],[-5.00803,38.71523],[-5.01721,38.71889],[-5.02428,38.72611],[-5.03274,38.72537],[-5.04695,38.72909]]],[[[-5.02458,37.59367],[-5.02958,37.61294],[-5.03362,37.62073],[-5.0265,37.63516],[-5.03425,37.63852],[-5.0457,37.63208],[-5.05379,37.64237],[-5.08432,37.64808],[-5.08497,37.64379],[-5.04529,37.62988],[-5.0401,37.62564],[-5.04791,37.60814],[-5.03089,37.61045],[-5.03023,37.60384],[-5.02458,37.59367]]]]},"properties":{"codi_prov":"14","provincia":"Córdoba","codi_ccaa":"01"}},{"type":"Feature","geometry":{"type":"MultiPolygon","coordinates":[[[[-7.6998,43.73515],[-7.69868,43.73863],[-7.68644,43.7431],[-7.69164,43.74942],[-7.68909,43.75637],[-7.67502,43.76207],[-7.67642,43.77025],[-7.66397,43.77277],[-7.66173,43.77726],[-7.67598,43.78659],[-7.68767,43.78831],[-7.68727,43.77654],[-7.70423,43.77085],[-7.71791,43.76423],[-7.71701,43.75912],[-7.73505,43.74696],[-7.75017,43.74657],[-7.75734,43.74018],[-7.77023,43.73822],[-7.77531,43.7341],[-7.79662,43.73392],[-7.79601,43.7246],[-7.80495,43.72277],[-7.81756,43.71235],[-7.828,43.71405],[-7.82496,43.70094],[-7.8341,43.6972],[-7.83888,43.70323],[-7.85812,43.70366],[-7.86798,43.69866],[-7.85443,43.68098],[-7.84314,43.67252],[-7.86512,43.66811],[-7.87293,43.66251],[-7.89085,43.6671],[-7.89838,43.67189],[-7.88868,43.6775],[-7.87186,43.67199],[-7.87083,43.67966],[-7.88604,43.68148],[-7.89107,43.68991],[-7.88198,43.69353],[-7.87943,43.70103],[-7.86742,43.71562],[-7.86281,43.7107],[-7.8537,43.70805],[-7.84987,43.71765],[-7.8558,43.7251],[-7.8697,43.73022],[-7.87082,43.73744],[-7.8663,43.74369],[-7.85927,43.76352],[-7.86821,43.77167],[-7.88057,43.76516],[-7.89391,43.76327],[-7.90457,43.76887],[-7.91285,43.7557],[-7.92914,43.73964],[-7.93763,43.74245],[-7.95059,43.74178],[-7.94756,43.73328],[-7.96322,43.7217],[-7.97718,43.71819],[-7.97752,43.7152],[-8.00715,43.70497],[-8.01649,43.71218],[-8.02578,43.70922],[-8.03331,43.71436],[-8.04864,43.71168],[-8.06392,43.70417],[-8.06878,43.68857],[-8.06694,43.68252],[-8.07554,43.6808],[-8.07236,43.66456],[-8.06411,43.65786],[-8.05576,43.65975],[-8.05387,43.64894],[-8.07025,43.65106],[-8.07261,43.64466],[-8.08076,43.64613],[-8.08718,43.65427],[-8.0868,43.66141],[-8.09262,43.66291],[-8.11077,43.64789],[-8.11004,43.64219],[-8.12465,43.64154],[-8.14131,43.63219],[-8.1501,43.61961],[-8.15551,43.61528],[-8.17312,43.61237],[-8.18851,43.61569],[-8.19725,43.61144],[-8.19172,43.60577],[-8.20244,43.59655],[-8.21306,43.59413],[-8.2199,43.5866],[-8.21728,43.58177],[-8.26281,43.5568],[-8.27228,43.55479],[-8.28037,43.55832],[-8.29501,43.5563],[-8.30396,43.56007],[-8.30761,43.56839],[-8.32024,43.56636],[-8.32599,43.55951],[-8.31694,43.55484],[-8.31257,43.54523],[-8.30454,43.54721],[-8.29651,43.53601],[-8.30271,43.52602],[-8.3119,43.52772],[-8.3241,43.52289],[-8.32854,43.5185],[-8.32815,43.50935],[-8.3203,43.50242],[-8.32261,43.48863],[-8.32754,43.48153],[-8.33477,43.47897],[-8.34416,43.46982],[-8.34572,43.46181],[-8.32031,43.46777],[-8.30876,43.46832],[-8.29678,43.46088],[-8.28214,43.46397],[-8.2788,43.46837],[-8.2669,43.46776],[-8.26133,43.47347],[-8.25733,43.48961],[-8.25061,43.48451],[-8.24859,43.47619],[-8.23144,43.48137],[-8.21978,43.47717],[-8.2007,43.47726],[-8.1924,43.49037],[-8.1759,43.4942],[-8.17101,43.49988],[-8.17398,43.50436],[-8.15961,43.50731],[-8.16309,43.49412],[-8.17385,43.47715],[-8.18161,43.48086],[-8.19041,43.47012],[-8.19237,43.46407],[-8.20201,43.45987],[-8.21642,43.46067],[-8.2318,43.45614],[-8.23625,43.46242],[-8.24464,43.46034],[-8.26171,43.46226],[-8.26987,43.45651],[-8.28417,43.45974],[-8.29191,43.45583],[-8.31302,43.45319],[-8.30747,43.44644],[-8.30849,43.44017],[-8.29822,43.43932],[-8.29596,43.43531],[-8.28346,43.43758],[-8.2761,43.4317],[-8.26596,43.42817],[-8.25482,43.42084],[-8.24457,43.42303],[-8.23823,43.42866],[-8.22754,43.4287],[-8.21293,43.42039],[-8.20319,43.42106],[-8.19823,43.42662],[-8.17573,43.42103],[-8.17798,43.41174],[-8.18895,43.41331],[-8.20572,43.40924],[-8.21303,43.40266],[-8.21241,43.39698],[-8.21951,43.39284],[-8.22044,43.38513],[-8.21585,43.37845],[-8.21777,43.36776],[-8.20885,43.3627],[-8.21649,43.3549],[-8.20988,43.34876],[-8.20403,43.33645],[-8.20787,43.3294],[-8.22411,43.3334],[-8.2299,43.34253],[-8.24085,43.34302],[-8.25105,43.3504],[-8.24807,43.35708],[-8.25219,43.36689],[-8.25988,43.36971],[-8.26723,43.38452],[-8.28359,43.38598],[-8.29652,43.38521],[-8.29716,43.39791],[-8.30537,43.40449],[-8.31669,43.40136],[-8.32826,43.40302],[-8.35055,43.39623],[-8.34161,43.38223],[-8.33957,43.37526],[-8.34506,43.37078],[-8.34919,43.35686],[-8.34687,43.34893],[-8.35607,43.34354],[-8.36665,43.34155],[-8.38262,43.34136],[-8.38519,43.3539],[-8.40176,43.36686],[-8.38718,43.36959],[-8.39323,43.3756],[-8.3917,43.38501],[-8.39793,43.38897],[-8.40937,43.38733],[-8.41083,43.38077],[-8.4036,43.37382],[-8.41209,43.36886],[-8.42169,43.37737],[-8.43613,43.38164],[-8.44718,43.37441],[-8.4569,43.37131],[-8.46015,43.35994],[-8.47105,43.35801],[-8.47514,43.35302],[-8.49706,43.35629],[-8.51531,43.35654],[-8.49963,43.348],[-8.50825,43.33584],[-8.50549,43.33109],[-8.51822,43.32761],[-8.53052,43.31802],[-8.54005,43.3166],[-8.55343,43.31142],[-8.56596,43.31307],[-8.58166,43.31802],[-8.58951,43.31554],[-8.59245,43.32141],[-8.61241,43.31583],[-8.61739,43.31689],[-8.63188,43.31265],[-8.63498,43.30875],[-8.6573,43.30329],[-8.66934,43.30266],[-8.68578,43.29885],[-8.70666,43.29066],[-8.72302,43.29197],[-8.72628,43.29781],[-8.73858,43.29389],[-8.74765,43.2943],[-8.76351,43.30227],[-8.77597,43.30044],[-8.78808,43.30537],[-8.80363,43.31625],[-8.80618,43.32605],[-8.81409,43.32436],[-8.81879,43.32849],[-8.8285,43.33009],[-8.83237,43.34446],[-8.84263,43.34452],[-8.84686,43.34023],[-8.84944,43.32732],[-8.84857,43.31949],[-8.87377,43.32208],[-8.87355,43.31468],[-8.88837,43.32059],[-8.91202,43.32055],[-8.91124,43.30228],[-8.91777,43.29612],[-8.92884,43.29095],[-8.93792,43.2895],[-8.95556,43.29275],[-8.96262,43.28672],[-8.97397,43.28627],[-8.98442,43.28198],[-8.98596,43.27677],[-8.97904,43.26356],[-8.9654,43.262],[-8.95716,43.26535],[-8.95244,43.26181],[-8.95248,43.24788],[-8.93737,43.23116],[-8.94477,43.22676],[-8.96651,43.22864],[-8.97154,43.22389],[-8.98084,43.22935],[-8.98609,43.22634],[-8.99153,43.21672],[-9.00402,43.22132],[-9.00396,43.23074],[-9.01015,43.23344],[-9.01446,43.22144],[-9.02535,43.21342],[-9.03244,43.21556],[-9.03851,43.19841],[-9.05028,43.1891],[-9.05947,43.18509],[-9.07169,43.18703],[-9.07791,43.18135],[-9.08913,43.18354],[-9.09602,43.19102],[-9.11352,43.18804],[-9.11473,43.19416],[-9.13129,43.1953],[-9.14183,43.19156],[-9.14944,43.19462],[-9.1516,43.18617],[-9.16563,43.18331],[-9.17272,43.1903],[-9.17841,43.18407],[-9.17903,43.17256],[-9.18735,43.16117],[-9.196,43.15666],[-9.20788,43.15573],[-9.21476,43.1509],[-9.2052,43.1429],[-9.20557,43.13066],[-9.18524,43.12307],[-9.17808,43.13566],[-9.17154,43.13664],[-9.17028,43.14497],[-9.16333,43.14686],[-9.16732,43.13246],[-9.15819,43.1266],[-9.16246,43.12173],[-9.16687,43.1058],[-9.17611,43.10241],[-9.18504,43.09144],[-9.19387,43.0918],[-9.19841,43.10398],[-9.20807,43.10091],[-9.21624,43.10466],[-9.22443,43.09887],[-9.22234,43.09498],[-9.23904,43.09024],[-9.24764,43.09283],[-9.25419,43.08661],[-9.25092,43.06879],[-9.25928,43.05125],[-9.26749,43.05242],[-9.27228,43.04456],[-9.28558,43.04676],[-9.29018,43.05611],[-9.29887,43.05647],[-9.29907,43.0497],[-9.28796,43.04439],[-9.28381,43.03382],[-9.28235,43.01943],[-9.27752,43.01057],[-9.26638,43.01193],[-9.25723,43.00238],[-9.26281,42.98223],[-9.26072,42.97419],[-9.26726,42.96471],[-9.28249,42.95579],[-9.2819,42.9431],[-9.28883,42.94276],[-9.29362,42.92662],[-9.29303,42.9203],[-9.2833,42.92003],[-9.27519,42.90612],[-9.2808,42.88935],[-9.26739,42.88392],[-9.25968,42.90357],[-9.26465,42.91527],[-9.25877,42.92267],[-9.25116,42.92558],[-9.2327,42.92746],[-9.23332,42.94092],[-9.22029,42.94268],[-9.21447,42.92869],[-9.20887,42.92894],[-9.20932,42.91665],[-9.19576,42.91829],[-9.18338,42.91611],[-9.18667,42.92365],[-9.18414,42.92972],[-9.19054,42.93813],[-9.18374,42.94605],[-9.1734,42.94388],[-9.17285,42.93559],[-9.16574,42.92613],[-9.16061,42.91175],[-9.15009,42.91185],[-9.14249,42.90888],[-9.13349,42.91092],[-9.12918,42.90379],[-9.13326,42.89704],[-9.14407,42.89443],[-9.13836,42.88947],[-9.14042,42.8829],[-9.15013,42.87258],[-9.14616,42.86198],[-9.13556,42.84806],[-9.12539,42.84744],[-9.11185,42.84261],[-9.10819,42.8355],[-9.10719,42.8234],[-9.10977,42.81609],[-9.12244,42.80695],[-9.1503,42.803],[-9.14808,42.79513],[-9.13457,42.7907],[-9.1255,42.77555],[-9.12667,42.77095],[-9.11437,42.76124],[-9.1158,42.75429],[-9.10448,42.75589],[-9.09133,42.74678],[-9.08943,42.73842],[-9.08064,42.73813],[-9.07616,42.74551],[-9.08039,42.7507],[-9.07558,42.75709],[-9.06072,42.75979],[-9.04874,42.77227],[-9.05752,42.77503],[-9.06076,42.78076],[-9.05216,42.78746],[-9.04065,42.78771],[-9.0339,42.79105],[-9.02799,42.79886],[-9.02055,42.80067],[-9.01267,42.79809],[-9.01626,42.79135],[-9.01522,42.78424],[-8.98388,42.77846],[-8.97718,42.79091],[-8.96754,42.78803],[-8.96312,42.77857],[-8.95288,42.78153],[-8.94493,42.79303],[-8.94214,42.80166],[-8.93111,42.80239],[-8.92219,42.79701],[-8.9087,42.79996],[-8.91006,42.79205],[-8.92221,42.78996],[-8.93337,42.77763],[-8.94132,42.77346],[-8.94039,42.76829],[-8.94705,42.75937],[-8.95279,42.75906],[-8.9539,42.74881],[-8.96874,42.74116],[-8.97599,42.74505],[-8.99102,42.74046],[-8.99491,42.72888],[-9.00939,42.72503],[-9.00984,42.71222],[-9.02424,42.70785],[-9.03158,42.69369],[-9.02838,42.69037],[-9.03296,42.6738],[-9.04174,42.66902],[-9.04128,42.65246],[-9.03691,42.64864],[-9.04154,42.63547],[-9.0463,42.62832],[-9.05667,42.61939],[-9.0619,42.60358],[-9.06806,42.59785],[-9.0737,42.59933],[-9.08165,42.59404],[-9.0764,42.58477],[-9.08165,42.57809],[-9.09103,42.57434],[-9.08761,42.57013],[-9.07619,42.57092],[-9.06036,42.57796],[-9.04469,42.57148],[-9.03024,42.55217],[-9.0307,42.54315],[-9.03843,42.5393],[-9.04283,42.52764],[-9.0426,42.51928],[-9.01734,42.5224],[-8.98927,42.53576],[-8.98342,42.54416],[-8.99034,42.55548],[-8.99111,42.56331],[-8.98148,42.56828],[-8.96298,42.56913],[-8.95553,42.58394],[-8.94133,42.58236],[-8.93146,42.5868],[-8.92325,42.5862],[-8.92365,42.59666],[-8.93206,42.59671],[-8.93715,42.60731],[-8.92217,42.61802],[-8.91078,42.62973],[-8.90358,42.63247],[-8.90059,42.64071],[-8.89165,42.64107],[-8.88024,42.63808],[-8.87349,42.63238],[-8.88338,42.62514],[-8.88601,42.61582],[-8.87606,42.61373],[-8.8621,42.60609],[-8.86225,42.61587],[-8.85537,42.63011],[-8.84032,42.62875],[-8.83786,42.63431],[-8.85443,42.63965],[-8.86107,42.64616],[-8.85315,42.65637],[-8.85204,42.66522],[-8.84484,42.66566],[-8.84031,42.67316],[-8.81835,42.66584],[-8.81367,42.66043],[-8.82217,42.65026],[-8.82237,42.64616],[-8.81166,42.64428],[-8.80536,42.6389],[-8.79462,42.63674],[-8.77886,42.64198],[-8.7688,42.65201],[-8.75618,42.64739],[-8.74743,42.65224],[-8.7462,42.65993],[-8.73749,42.66991],[-8.72726,42.67704],[-8.7316,42.6858],[-8.72681,42.68827],[-8.72444,42.70041],[-8.71632,42.70661],[-8.70424,42.70702],[-8.67818,42.71163],[-8.67635,42.7175],[-8.65471,42.721],[-8.64884,42.72642],[-8.63115,42.72025],[-8.62493,42.71588],[-8.61588,42.71859],[-8.6042,42.71683],[-8.60758,42.72505],[-8.59993,42.74312],[-8.5718,42.74214],[-8.55437,42.74788],[-8.55958,42.7556],[-8.5501,42.76134],[-8.54624,42.75392],[-8.53377,42.7518],[-8.53078,42.75617],[-8.51806,42.75111],[-8.51089,42.7555],[-8.49423,42.75671],[-8.48682,42.75097],[-8.47142,42.74388],[-8.44505,42.74821],[-8.43115,42.74618],[-8.42228,42.75442],[-8.41054,42.75318],[-8.4066,42.7563],[-8.41549,42.76421],[-8.40425,42.77235],[-8.40046,42.7801],[-8.39144,42.77668],[-8.39256,42.78593],[-8.361,42.78363],[-8.35538,42.77901],[-8.34781,42.78391],[-8.34782,42.78885],[-8.33151,42.79574],[-8.33358,42.79995],[-8.3303,42.81022],[-8.33407,42.81718],[-8.32964,42.82424],[-8.33352,42.83008],[-8.34063,42.8279],[-8.34604,42.83226],[-8.33989,42.84052],[-8.32975,42.84209],[-8.32529,42.83119],[-8.31671,42.84564],[-8.3106,42.83816],[-8.31032,42.83044],[-8.29345,42.82961],[-8.29986,42.81952],[-8.28856,42.81789],[-8.28147,42.81137],[-8.27416,42.813],[-8.27656,42.82195],[-8.26215,42.83265],[-8.25331,42.83669],[-8.24598,42.83166],[-8.23634,42.83281],[-8.22574,42.82557],[-8.21039,42.82369],[-8.20649,42.83267],[-8.21365,42.83483],[-8.21985,42.84488],[-8.20255,42.84503],[-8.19844,42.8513],[-8.18372,42.86002],[-8.16566,42.85536],[-8.16389,42.85169],[-8.14904,42.84624],[-8.14309,42.84782],[-8.13638,42.84296],[-8.12575,42.85015],[-8.11637,42.84116],[-8.10537,42.84501],[-8.08885,42.85365],[-8.07206,42.85257],[-8.0621,42.836],[-8.04477,42.83192],[-8.02552,42.84668],[-8.00559,42.84957],[-7.99973,42.8489],[-7.99355,42.85927],[-7.97789,42.87743],[-7.96474,42.87989],[-7.95618,42.88446],[-7.95405,42.88931],[-7.93551,42.90346],[-7.94332,42.91735],[-7.93859,42.92296],[-7.9163,42.9323],[-7.90817,42.95126],[-7.90857,42.96306],[-7.90531,42.9854],[-7.914,42.99891],[-7.91412,43.00796],[-7.91821,43.01381],[-7.93131,43.04291],[-7.93099,43.04875],[-7.94299,43.06762],[-7.92202,43.08234],[-7.91816,43.09242],[-7.92798,43.09977],[-7.93707,43.1118],[-7.94228,43.12971],[-7.94394,43.14205],[-7.95078,43.16429],[-7.95025,43.17726],[-7.95821,43.18306],[-7.96139,43.18984],[-7.94629,43.21489],[-7.94274,43.22517],[-7.93239,43.2424],[-7.92185,43.26946],[-7.92585,43.2751],[-7.93983,43.27765],[-7.94347,43.28749],[-7.93184,43.30124],[-7.90957,43.31544],[-7.90627,43.32182],[-7.89263,43.33003],[-7.88695,43.33718],[-7.88171,43.35421],[-7.88992,43.38395],[-7.89891,43.3898],[-7.88194,43.40753],[-7.85804,43.40561],[-7.84741,43.40008],[-7.83015,43.40212],[-7.8239,43.40073],[-7.81133,43.41576],[-7.80537,43.42661],[-7.81033,43.42832],[-7.80727,43.43734],[-7.79492,43.44599],[-7.78606,43.44534],[-7.78008,43.44891],[-7.77537,43.45957],[-7.7754,43.46666],[-7.76637,43.48385],[-7.76827,43.48759],[-7.75731,43.49895],[-7.7614,43.50312],[-7.75155,43.50765],[-7.74354,43.52655],[-7.74591,43.53176],[-7.75505,43.53204],[-7.74796,43.54165],[-7.75859,43.54907],[-7.75235,43.55339],[-7.74391,43.57071],[-7.74848,43.57727],[-7.72735,43.58297],[-7.71793,43.58341],[-7.72051,43.59873],[-7.72953,43.59997],[-7.72233,43.60812],[-7.73294,43.61637],[-7.73441,43.62206],[-7.71831,43.63337],[-7.71572,43.64617],[-7.70351,43.6443],[-7.69471,43.6481],[-7.691,43.65405],[-7.69964,43.6668],[-7.70797,43.67356],[-7.7193,43.68738],[-7.70259,43.68635],[-7.7039,43.69961],[-7.69613,43.72479],[-7.6998,43.73515]]],[[[-9.01106,42.46379],[-9.00405,42.47101],[-9.01468,42.48461],[-9.01916,42.47354],[-9.01106,42.46379]]]]},"properties":{"codi_prov":"15","provincia":"A Coruña","codi_ccaa":"12"}},{"type":"Feature","geometry":{"type":"Polygon","coordinates":[[[-2.74293,39.3183],[-2.73627,39.32077],[-2.71951,39.32034],[-2.70547,39.32254],[-2.69235,39.31858],[-2.68479,39.32276],[-2.67771,39.3213],[-2.65576,39.32563],[-2.63533,39.32763],[-2.62936,39.33405],[-2.62,39.33931],[-2.59982,39.33966],[-2.58573,39.33645],[-2.56789,39.32763],[-2.54754,39.32382],[-2.53206,39.32902],[-2.52897,39.32798],[-2.51112,39.34217],[-2.49154,39.32451],[-2.48376,39.31555],[-2.46751,39.30641],[-2.45483,39.29262],[-2.43237,39.27758],[-2.41959,39.26476],[-2.40937,39.25718],[-2.38541,39.24391],[-2.37427,39.23282],[-2.36109,39.24655],[-2.36132,39.25611],[-2.34935,39.27904],[-2.32919,39.28611],[-2.32119,39.28374],[-2.30183,39.26361],[-2.30261,39.25184],[-2.29338,39.23742],[-2.28854,39.22648],[-2.24544,39.24478],[-2.21947,39.26148],[-2.20814,39.26147],[-2.20595,39.26624],[-2.18034,39.27014],[-2.17838,39.27847],[-2.16841,39.28097],[-2.15192,39.27635],[-2.12199,39.27434],[-2.07413,39.26589],[-2.05526,39.26577],[-2.05873,39.27235],[-2.05976,39.28567],[-2.06743,39.28916],[-2.0672,39.29834],[-2.07479,39.30442],[-2.0769,39.31331],[-2.07314,39.31767],[-2.07867,39.33028],[-2.08582,39.33614],[-2.08627,39.34584],[-2.09562,39.35942],[-2.08117,39.35858],[-2.06668,39.35549],[-2.04436,39.35917],[-2.02086,39.35106],[-2.02894,39.33806],[-2.0192,39.3258],[-1.99477,39.30933],[-1.9898,39.29368],[-1.96659,39.30004],[-1.93687,39.30396],[-1.90964,39.30364],[-1.88688,39.30475],[-1.87113,39.29496],[-1.84519,39.28612],[-1.81243,39.28632],[-1.78638,39.28348],[-1.76985,39.28051],[-1.76347,39.30094],[-1.73928,39.32116],[-1.7166,39.32494],[-1.69659,39.33743],[-1.65826,39.35108],[-1.64605,39.35374],[-1.61573,39.36617],[-1.59776,39.37857],[-1.58146,39.38532],[-1.55568,39.40185],[-1.53476,39.40747],[-1.51595,39.41614],[-1.50524,39.41764],[-1.50121,39.42552],[-1.50886,39.4333],[-1.51403,39.42839],[-1.52154,39.43239],[-1.52014,39.43962],[-1.52449,39.44309],[-1.52777,39.45688],[-1.51349,39.45758],[-1.51325,39.47092],[-1.50853,39.47749],[-1.51206,39.48271],[-1.5005,39.49493],[-1.50431,39.50311],[-1.50632,39.51986],[-1.50105,39.53487],[-1.51151,39.54571],[-1.5142,39.55156],[-1.50341,39.55194],[-1.50087,39.55802],[-1.50436,39.5639],[-1.48349,39.56916],[-1.4768,39.56912],[-1.46208,39.57662],[-1.45298,39.5915],[-1.44568,39.61122],[-1.43652,39.62881],[-1.41793,39.65494],[-1.40401,39.66598],[-1.36853,39.68961],[-1.34271,39.68159],[-1.3258,39.67309],[-1.31283,39.67048],[-1.29198,39.67254],[-1.27958,39.67789],[-1.262,39.69891],[-1.27137,39.71349],[-1.27095,39.73118],[-1.27541,39.73864],[-1.2492,39.7725],[-1.23411,39.78283],[-1.22119,39.80318],[-1.215,39.80877],[-1.21689,39.81439],[-1.21171,39.8203],[-1.21088,39.83818],[-1.19998,39.85943],[-1.20027,39.89099],[-1.19816,39.90916],[-1.20113,39.9239],[-1.20894,39.92813],[-1.20832,39.94391],[-1.20412,39.94937],[-1.15295,39.96414],[-1.14255,39.97195],[-1.14735,39.9886],[-1.16332,39.99982],[-1.16519,40.0101],[-1.17295,40.01085],[-1.19171,40.00228],[-1.19955,40.00345],[-1.23667,39.99806],[-1.24683,39.99518],[-1.26421,39.99846],[-1.28639,40.00818],[-1.32834,40.01341],[-1.33578,40.01667],[-1.36434,40.01218],[-1.37686,40.0165],[-1.38128,40.02716],[-1.38314,40.03897],[-1.39374,40.05311],[-1.39839,40.06324],[-1.41312,40.08122],[-1.41423,40.08818],[-1.42029,40.09351],[-1.4076,40.1014],[-1.4102,40.1045],[-1.42932,40.11359],[-1.44281,40.11804],[-1.45621,40.13095],[-1.45724,40.13506],[-1.44886,40.14534],[-1.44237,40.1576],[-1.4427,40.1668],[-1.43996,40.19683],[-1.47442,40.18504],[-1.5109,40.20372],[-1.52216,40.20204],[-1.53153,40.19291],[-1.54047,40.19136],[-1.56696,40.21227],[-1.57147,40.21367],[-1.5932,40.23651],[-1.60868,40.24277],[-1.62933,40.25962],[-1.63676,40.26392],[-1.64509,40.27288],[-1.65895,40.28203],[-1.66561,40.29455],[-1.67987,40.30078],[-1.68966,40.30933],[-1.7004,40.30707],[-1.71058,40.29206],[-1.7099,40.28078],[-1.71427,40.27679],[-1.7234,40.28464],[-1.7294,40.30097],[-1.72594,40.30791],[-1.71145,40.31402],[-1.72126,40.31897],[-1.72341,40.32486],[-1.73492,40.32686],[-1.75623,40.34044],[-1.76805,40.35419],[-1.77768,40.37197],[-1.78879,40.38421],[-1.79536,40.38687],[-1.80566,40.398],[-1.82233,40.40945],[-1.83889,40.42589],[-1.8442,40.41764],[-1.85672,40.42536],[-1.86055,40.44434],[-1.86634,40.45143],[-1.8612,40.45691],[-1.8638,40.46432],[-1.87415,40.47103],[-1.88002,40.49278],[-1.88873,40.50576],[-1.88146,40.51747],[-1.89022,40.5306],[-1.89926,40.53456],[-1.90042,40.54128],[-1.91024,40.55469],[-1.90984,40.56156],[-1.91589,40.57168],[-1.91649,40.58282],[-1.92671,40.59412],[-1.94149,40.59989],[-1.95455,40.60044],[-1.96108,40.61104],[-1.96812,40.60858],[-1.96386,40.59913],[-1.96543,40.59259],[-1.98553,40.58543],[-1.99237,40.58941],[-2.00557,40.59142],[-2.02338,40.59898],[-2.03125,40.59944],[-2.04432,40.60686],[-2.05745,40.61828],[-2.05752,40.62411],[-2.0836,40.63472],[-2.0912,40.64637],[-2.11012,40.65139],[-2.11935,40.65065],[-2.13374,40.65592],[-2.15694,40.65869],[-2.16281,40.6508],[-2.16687,40.63241],[-2.17034,40.62988],[-2.18978,40.63029],[-2.21382,40.61918],[-2.22567,40.61937],[-2.23814,40.62724],[-2.25323,40.63161],[-2.2746,40.64475],[-2.27997,40.63378],[-2.29071,40.63001],[-2.29424,40.62465],[-2.29422,40.61169],[-2.287,40.59758],[-2.28675,40.58878],[-2.29788,40.57281],[-2.30554,40.57452],[-2.33091,40.56732],[-2.34033,40.56842],[-2.35985,40.58064],[-2.35439,40.59272],[-2.36714,40.60125],[-2.37257,40.60716],[-2.382,40.60777],[-2.39873,40.61377],[-2.41245,40.60212],[-2.41607,40.59351],[-2.41618,40.58003],[-2.40663,40.57356],[-2.40054,40.56586],[-2.39398,40.5643],[-2.39079,40.55748],[-2.38381,40.5543],[-2.38015,40.54382],[-2.41182,40.52563],[-2.41981,40.53656],[-2.42674,40.54075],[-2.43728,40.53092],[-2.44922,40.52437],[-2.46263,40.52327],[-2.4732,40.51942],[-2.48718,40.51118],[-2.49597,40.50881],[-2.5136,40.51577],[-2.51807,40.52803],[-2.52724,40.54428],[-2.53657,40.53667],[-2.54627,40.51896],[-2.53999,40.50696],[-2.52876,40.49884],[-2.53475,40.49461],[-2.54063,40.48211],[-2.54159,40.47461],[-2.52304,40.46702],[-2.51111,40.45836],[-2.50453,40.44865],[-2.50659,40.43794],[-2.51335,40.42546],[-2.52579,40.42396],[-2.53238,40.42749],[-2.54449,40.42638],[-2.5466,40.43502],[-2.55742,40.43505],[-2.56896,40.44321],[-2.58009,40.44492],[-2.58549,40.45008],[-2.60124,40.44362],[-2.60594,40.44677],[-2.62041,40.44569],[-2.62791,40.44902],[-2.63444,40.44423],[-2.64075,40.44873],[-2.65167,40.43983],[-2.66159,40.4389],[-2.67649,40.44752],[-2.68471,40.44147],[-2.67734,40.43386],[-2.68501,40.42773],[-2.70182,40.42957],[-2.70379,40.42194],[-2.68077,40.40271],[-2.69067,40.39513],[-2.70606,40.41652],[-2.71199,40.41387],[-2.7229,40.39712],[-2.73712,40.40042],[-2.75022,40.40848],[-2.76002,40.41234],[-2.76987,40.4214],[-2.75987,40.43988],[-2.77757,40.44636],[-2.78095,40.44417],[-2.78662,40.4287],[-2.7943,40.42409],[-2.80264,40.41044],[-2.80768,40.40679],[-2.80452,40.39867],[-2.80991,40.39485],[-2.81216,40.37227],[-2.81684,40.36431],[-2.81534,40.35919],[-2.81791,40.34751],[-2.81074,40.33989],[-2.81617,40.33619],[-2.8085,40.32693],[-2.80915,40.31184],[-2.80476,40.2892],[-2.80655,40.27941],[-2.8056,40.26715],[-2.80263,40.26403],[-2.80753,40.24249],[-2.81438,40.22468],[-2.82598,40.20224],[-2.84839,40.20263],[-2.86313,40.20011],[-2.87505,40.17575],[-2.88759,40.16463],[-2.90349,40.15827],[-2.91148,40.15708],[-2.93372,40.16292],[-2.94698,40.16961],[-2.95948,40.18302],[-2.98112,40.19398],[-2.9882,40.20265],[-2.99819,40.20908],[-3.00615,40.2085],[-3.00826,40.19986],[-3.01977,40.19318],[-3.0212,40.18435],[-3.01811,40.1762],[-3.01226,40.17397],[-3.01579,40.16496],[-3.01444,40.15524],[-3.03094,40.157],[-3.03801,40.16084],[-3.06377,40.16825],[-3.06785,40.15791],[-3.07169,40.15599],[-3.08939,40.16291],[-3.09662,40.15575],[-3.09676,40.14239],[-3.07269,40.12989],[-3.06768,40.11984],[-3.05813,40.11396],[-3.05298,40.09939],[-3.06071,40.09056],[-3.07263,40.08313],[-3.0888,40.07059],[-3.10268,40.06733],[-3.11819,40.06143],[-3.14068,40.06318],[-3.14961,40.06602],[-3.16158,40.06493],[-3.16643,40.05196],[-3.1655,40.0282],[-3.1608,40.02628],[-3.15048,40.01082],[-3.14257,39.98496],[-3.13021,39.98429],[-3.11007,39.98759],[-3.09667,39.9869],[-3.09881,39.975],[-3.09502,39.97163],[-3.09891,39.95257],[-3.09706,39.93347],[-3.10035,39.92166],[-3.10685,39.91642],[-3.10688,39.90314],[-3.11328,39.89948],[-3.11292,39.8943],[-3.12218,39.88593],[-3.12523,39.87797],[-3.11206,39.87497],[-3.10685,39.87111],[-3.09627,39.86911],[-3.08227,39.85788],[-3.07629,39.85571],[-3.05968,39.83747],[-3.05569,39.82917],[-3.05184,39.81256],[-3.03769,39.7902],[-3.04054,39.78758],[-3.01536,39.76441],[-3.00934,39.74513],[-2.99955,39.72183],[-2.99349,39.71404],[-2.97669,39.70283],[-2.97752,39.69666],[-2.96988,39.6897],[-2.95444,39.68671],[-2.94939,39.67696],[-2.93821,39.66681],[-2.91925,39.64627],[-2.90823,39.64233],[-2.91804,39.6228],[-2.91373,39.61362],[-2.92504,39.60122],[-2.92052,39.58184],[-2.92275,39.57016],[-2.92065,39.55914],[-2.92739,39.5499],[-2.92912,39.52992],[-2.93529,39.52568],[-2.93164,39.51871],[-2.93638,39.5112],[-2.93435,39.50477],[-2.93497,39.48205],[-2.93177,39.47145],[-2.93207,39.46079],[-2.92743,39.45306],[-2.91481,39.4474],[-2.91332,39.43876],[-2.90554,39.42744],[-2.88998,39.42028],[-2.88629,39.40575],[-2.87032,39.39084],[-2.87086,39.38399],[-2.88462,39.38483],[-2.88712,39.37828],[-2.8967,39.36629],[-2.89313,39.35777],[-2.88218,39.35013],[-2.86427,39.3563],[-2.85922,39.34872],[-2.84717,39.34807],[-2.83737,39.35353],[-2.83414,39.35971],[-2.82645,39.36125],[-2.81806,39.36749],[-2.80929,39.38017],[-2.80453,39.38085],[-2.79874,39.39096],[-2.78665,39.39729],[-2.77626,39.39491],[-2.77678,39.3855],[-2.77206,39.36971],[-2.76335,39.35871],[-2.75643,39.33635],[-2.74293,39.3183]]]},"properties":{"codi_prov":"16","provincia":"Cuenca","codi_ccaa":"08"}},{"type":"Feature","geometry":{"type":"MultiPolygon","coordinates":[[[[2.77758,41.65077],[2.7876,41.66816],[2.79277,41.67331],[2.80712,41.67694],[2.81571,41.68221],[2.81997,41.68903],[2.83297,41.69401],[2.8406,41.69302],[2.85553,41.70012],[2.86616,41.69887],[2.88113,41.70404],[2.90022,41.7056],[2.90553,41.71047],[2.9118,41.70808],[2.92011,41.71282],[2.93393,41.71486],[2.93495,41.72043],[2.95467,41.73242],[2.95795,41.74031],[2.97177,41.7535],[2.98519,41.76068],[2.9924,41.76121],[3.00726,41.77081],[3.03038,41.77413],[3.02935,41.77912],[3.04634,41.7819],[3.0455,41.78818],[3.05864,41.79033],[3.06533,41.80011],[3.07162,41.81948],[3.08356,41.82605],[3.09264,41.83355],[3.09453,41.83874],[3.10489,41.84626],[3.11501,41.84867],[3.13239,41.84628],[3.14477,41.84952],[3.14378,41.85784],[3.15483,41.86247],[3.16124,41.86046],[3.17591,41.86647],[3.18307,41.88185],[3.18396,41.88812],[3.19124,41.88859],[3.19675,41.89355],[3.20295,41.89157],[3.20907,41.90151],[3.208,41.91297],[3.2163,41.91812],[3.21962,41.9319],[3.21792,41.94255],[3.23347,41.95037],[3.23125,41.96905],[3.22153,41.97442],[3.21125,41.97648],[3.20292,41.98872],[3.19729,42.00557],[3.19486,42.0204],[3.19595,42.0392],[3.20125,42.05344],[3.2116,42.05396],[3.20859,42.06975],[3.19886,42.07771],[3.19702,42.08327],[3.18368,42.10351],[3.17187,42.10313],[3.17683,42.11121],[3.16456,42.11329],[3.15082,42.12073],[3.14573,42.11585],[3.13696,42.11699],[3.13675,42.12666],[3.12367,42.1285],[3.11598,42.14845],[3.11179,42.17786],[3.11174,42.2059],[3.11945,42.22675],[3.13587,42.24832],[3.15169,42.26007],[3.17019,42.26455],[3.18105,42.2571],[3.18228,42.2455],[3.19783,42.24622],[3.21885,42.23233],[3.22778,42.23974],[3.22683,42.24908],[3.24425,42.24938],[3.24949,42.24062],[3.26551,42.23887],[3.25636,42.24896],[3.26598,42.25358],[3.27942,42.2543],[3.28787,42.26612],[3.28702,42.27116],[3.27692,42.27987],[3.27966,42.28893],[3.28755,42.2825],[3.29531,42.28287],[3.29809,42.2879],[3.29207,42.29487],[3.29501,42.30497],[3.30368,42.3111],[3.31223,42.31261],[3.31652,42.32324],[3.2969,42.32905],[3.28903,42.32937],[3.28068,42.33588],[3.26214,42.34073],[3.26043,42.33508],[3.25016,42.33261],[3.23954,42.33758],[3.23861,42.34835],[3.22831,42.35122],[3.21762,42.34985],[3.19653,42.33497],[3.18543,42.34387],[3.18591,42.35179],[3.16294,42.36046],[3.16602,42.36891],[3.16003,42.37141],[3.15555,42.38086],[3.16015,42.38893],[3.15344,42.39457],[3.16461,42.40031],[3.16191,42.4112],[3.16982,42.41563],[3.16923,42.42354],[3.16058,42.42806],[3.17046,42.43164],[3.16353,42.43609],[3.14483,42.43315],[3.13841,42.43551],[3.12566,42.43485],[3.12085,42.43789],[3.10762,42.43381],[3.10268,42.42661],[3.08715,42.42543],[3.08051,42.42838],[3.07653,42.43536],[3.06991,42.43603],[3.06721,42.44243],[3.05838,42.44571],[3.04725,42.45704],[3.04042,42.47389],[3.03182,42.47492],[3.01302,42.4664],[2.99987,42.47333],[2.98909,42.47403],[2.97984,42.46743],[2.96741,42.4655],[2.96006,42.47398],[2.94793,42.4805],[2.93007,42.47231],[2.91827,42.45614],[2.90464,42.45692],[2.89147,42.46201],[2.88224,42.46049],[2.87048,42.46743],[2.86348,42.46354],[2.86161,42.45501],[2.85675,42.45406],[2.83909,42.45941],[2.83216,42.45177],[2.83349,42.44823],[2.82749,42.4393],[2.81863,42.44052],[2.80582,42.43166],[2.80066,42.41841],[2.78343,42.41735],[2.77856,42.41245],[2.77047,42.41163],[2.75979,42.4186],[2.75604,42.42571],[2.73354,42.42483],[2.7166,42.42135],[2.70394,42.412],[2.69339,42.40668],[2.67921,42.40651],[2.67342,42.39955],[2.67138,42.38779],[2.66573,42.38562],[2.65144,42.38556],[2.66118,42.37731],[2.66088,42.36602],[2.66982,42.36202],[2.67606,42.35431],[2.6755,42.34241],[2.6697,42.34051],[2.6547,42.34141],[2.65074,42.34413],[2.63439,42.34392],[2.6102,42.34681],[2.59222,42.35292],[2.58643,42.35734],[2.57811,42.35805],[2.55414,42.35408],[2.55395,42.34633],[2.54171,42.33356],[2.52623,42.33346],[2.51118,42.3375],[2.5002,42.3432],[2.48347,42.33996],[2.47306,42.34922],[2.46629,42.36057],[2.4568,42.36336],[2.45493,42.36962],[2.44749,42.36894],[2.4328,42.37802],[2.43579,42.38818],[2.43326,42.39443],[2.41409,42.3913],[2.39152,42.39671],[2.38754,42.4002],[2.37234,42.4004],[2.34913,42.40688],[2.34398,42.41688],[2.32536,42.41728],[2.31165,42.42851],[2.29861,42.42327],[2.29091,42.42302],[2.2723,42.43399],[2.25677,42.43874],[2.24648,42.42897],[2.215,42.42302],[2.2065,42.41742],[2.18012,42.41827],[2.17383,42.42228],[2.14887,42.42094],[2.14225,42.4162],[2.12892,42.41271],[2.12269,42.4047],[2.12138,42.39709],[2.11503,42.39485],[2.1162,42.38316],[2.08948,42.37377],[2.0869,42.36384],[2.07277,42.36551],[2.05885,42.35773],[2.03249,42.35791],[2.02335,42.3556],[2.01606,42.34709],[2.00332,42.3559],[1.98641,42.36193],[1.97917,42.3716],[1.97248,42.37323],[1.96453,42.3822],[1.96083,42.39109],[1.96074,42.40413],[1.95548,42.4103],[1.95857,42.42414],[1.94096,42.43003],[1.94291,42.44445],[1.93699,42.45369],[1.93272,42.45464],[1.9163,42.44624],[1.90087,42.4498],[1.89117,42.44772],[1.88413,42.45049],[1.88083,42.46],[1.86802,42.46524],[1.85952,42.46247],[1.84748,42.46833],[1.84388,42.47651],[1.82342,42.48663],[1.81672,42.48316],[1.8043,42.49039],[1.79195,42.48551],[1.76179,42.48767],[1.74839,42.49509],[1.7301,42.49239],[1.72434,42.4875],[1.73302,42.47363],[1.7263,42.46155],[1.72676,42.45103],[1.73181,42.44015],[1.74568,42.43301],[1.75852,42.43272],[1.76932,42.4281],[1.77679,42.43149],[1.7947,42.43051],[1.80723,42.41808],[1.8104,42.4112],[1.80583,42.40757],[1.80827,42.39873],[1.80723,42.38899],[1.80048,42.37753],[1.80988,42.37017],[1.82815,42.37934],[1.84009,42.37368],[1.85095,42.37349],[1.85506,42.36965],[1.84778,42.36425],[1.8453,42.35508],[1.83896,42.34967],[1.83913,42.33957],[1.8336,42.3274],[1.835,42.31933],[1.84249,42.30631],[1.85056,42.31068],[1.87869,42.31258],[1.89292,42.32109],[1.90278,42.32296],[1.91405,42.31823],[1.9315,42.31873],[1.94671,42.31216],[1.95166,42.31496],[1.96939,42.30325],[1.98416,42.29986],[1.99293,42.30091],[2.00572,42.30759],[2.01643,42.30792],[2.0376,42.30432],[2.04947,42.29662],[2.07019,42.28962],[2.06702,42.28346],[2.05586,42.28068],[2.05095,42.27394],[2.04245,42.26934],[2.04028,42.26007],[2.02859,42.25337],[2.02921,42.24282],[2.02496,42.23905],[2.02307,42.2267],[2.03006,42.21563],[2.04038,42.22086],[2.04805,42.22118],[2.05221,42.19539],[2.0606,42.19492],[2.06152,42.17959],[2.05756,42.17461],[2.03776,42.17839],[2.02313,42.16447],[2.00466,42.16246],[1.9959,42.17201],[2.00533,42.18271],[1.99902,42.19259],[1.98587,42.19428],[1.97661,42.19849],[1.96538,42.19882],[1.96394,42.18759],[1.96554,42.17874],[1.9913,42.18244],[1.99046,42.17139],[2.00263,42.15668],[2.00431,42.14969],[2.01385,42.14968],[2.02579,42.15284],[2.03203,42.15148],[2.03771,42.14326],[2.05132,42.14309],[2.05434,42.13752],[2.06154,42.13658],[2.07058,42.14173],[2.09031,42.14244],[2.10133,42.13984],[2.09855,42.13106],[2.10075,42.12367],[2.11316,42.11691],[2.12774,42.11491],[2.13734,42.12078],[2.14357,42.13092],[2.1634,42.13498],[2.18648,42.13398],[2.18873,42.12429],[2.20053,42.12397],[2.20577,42.13411],[2.21444,42.14192],[2.23778,42.14391],[2.2424,42.13803],[2.25803,42.13873],[2.26865,42.14281],[2.27719,42.14001],[2.27864,42.13437],[2.2927,42.13083],[2.29997,42.13376],[2.30212,42.12244],[2.29861,42.11741],[2.30374,42.11234],[2.29412,42.1058],[2.29538,42.10264],[2.32059,42.11673],[2.33896,42.11817],[2.34728,42.1213],[2.3668,42.12007],[2.37276,42.11591],[2.3799,42.10359],[2.3951,42.10428],[2.3945,42.08676],[2.40549,42.07866],[2.40903,42.07049],[2.42729,42.06115],[2.44364,42.07298],[2.45804,42.07928],[2.46688,42.07394],[2.47646,42.07621],[2.48412,42.06938],[2.49092,42.06808],[2.49614,42.05901],[2.48138,42.05105],[2.4928,42.03834],[2.50594,42.03233],[2.503,42.02339],[2.49753,42.02083],[2.49511,42.01158],[2.50129,42.01037],[2.49905,42.0015],[2.48818,41.99899],[2.4797,42.00028],[2.46881,41.99374],[2.48802,41.98485],[2.4727,41.97535],[2.47428,41.96952],[2.45224,41.96614],[2.44134,41.97289],[2.43313,41.97232],[2.42905,41.96569],[2.43949,41.96315],[2.44211,41.95449],[2.43676,41.94797],[2.4548,41.9408],[2.4704,41.93926],[2.47996,41.92924],[2.47926,41.9163],[2.46641,41.90347],[2.45994,41.90206],[2.45409,41.89573],[2.44651,41.89507],[2.44258,41.88753],[2.41502,41.89593],[2.40711,41.89542],[2.40321,41.88589],[2.39543,41.88478],[2.39309,41.87924],[2.37681,41.87302],[2.36961,41.88242],[2.3528,41.88468],[2.33781,41.8889],[2.32792,41.88175],[2.32344,41.87453],[2.33235,41.86298],[2.32532,41.85588],[2.33293,41.84412],[2.34474,41.83737],[2.34736,41.83244],[2.34336,41.82498],[2.35234,41.80857],[2.37017,41.80412],[2.38235,41.80875],[2.40473,41.8017],[2.41512,41.80482],[2.43653,41.80288],[2.44287,41.79894],[2.44392,41.78936],[2.4555,41.78442],[2.47253,41.7896],[2.46924,41.77793],[2.48206,41.7717],[2.48801,41.76649],[2.49749,41.76564],[2.51569,41.76077],[2.51813,41.75535],[2.51504,41.74863],[2.53093,41.73909],[2.53756,41.72164],[2.55027,41.7194],[2.5716,41.72633],[2.57466,41.72456],[2.59565,41.72883],[2.60222,41.7272],[2.6196,41.73176],[2.62737,41.72965],[2.63834,41.73473],[2.64239,41.74417],[2.65655,41.74294],[2.66649,41.74774],[2.67997,41.73985],[2.69893,41.74193],[2.70723,41.74107],[2.72405,41.7444],[2.74421,41.73488],[2.77603,41.73495],[2.77706,41.73073],[2.7658,41.7242],[2.77452,41.70029],[2.77022,41.68753],[2.75785,41.6794],[2.76117,41.67125],[2.77235,41.65911],[2.77758,41.65077]]],[[[2.01745,42.10946],[2.02208,42.11943],[2.02934,42.12078],[2.03136,42.1267],[2.00253,42.12532],[2.00573,42.12082],[2.00762,42.10648],[2.01745,42.10946]]],[[[1.97309,42.4852],[1.96308,42.47871],[1.95656,42.45794],[1.95983,42.45329],[1.98392,42.44674],[2.01278,42.44836],[2.01439,42.45179],[1.99183,42.46261],[1.9863,42.47546],[1.99274,42.48433],[1.98963,42.49369],[1.97847,42.49459],[1.97812,42.48597],[1.97309,42.4852]]]]},"properties":{"codi_prov":"17","provincia":"Girona","codi_ccaa":"09"}},{"type":"Feature","geometry":{"type":"Polygon","coordinates":[[[-4.32813,37.18407],[-4.32347,37.18027],[-4.30862,37.15172],[-4.30287,37.14521],[-4.29697,37.1335],[-4.29154,37.13025],[-4.28707,37.11952],[-4.28658,37.09823],[-4.28264,37.06653],[-4.2793,37.05229],[-4.27275,37.04172],[-4.27004,37.02703],[-4.27251,37.0149],[-4.26018,37.01741],[-4.25193,37.02298],[-4.23133,37.01694],[-4.22335,37.01234],[-4.21542,36.99177],[-4.20715,36.98618],[-4.19327,36.98061],[-4.17811,36.96759],[-4.16909,36.96248],[-4.16662,36.95702],[-4.14059,36.95247],[-4.11136,36.94966],[-4.09973,36.95272],[-4.09862,36.94257],[-4.08996,36.93215],[-4.08152,36.92988],[-4.05388,36.9149],[-4.04654,36.90303],[-4.03611,36.90465],[-4.01523,36.8988],[-3.99873,36.88991],[-3.98817,36.89215],[-3.9705,36.89211],[-3.94648,36.88511],[-3.92858,36.88213],[-3.92431,36.87891],[-3.9186,36.86808],[-3.89128,36.86657],[-3.87576,36.85301],[-3.86103,36.85104],[-3.84233,36.85821],[-3.82717,36.85553],[-3.81532,36.84685],[-3.8152,36.84184],[-3.79609,36.83154],[-3.7865,36.81238],[-3.76814,36.80195],[-3.77102,36.79655],[-3.76606,36.78899],[-3.78228,36.76445],[-3.77944,36.76002],[-3.78148,36.75126],[-3.77744,36.73792],[-3.76732,36.72937],[-3.75446,36.73857],[-3.74881,36.7376],[-3.73575,36.72826],[-3.73568,36.72086],[-3.72908,36.7206],[-3.72676,36.72883],[-3.7187,36.73255],[-3.70363,36.73374],[-3.69155,36.73049],[-3.67402,36.73088],[-3.66113,36.74568],[-3.64602,36.74302],[-3.6215,36.74106],[-3.61281,36.74356],[-3.60009,36.74354],[-3.57974,36.72341],[-3.54986,36.71467],[-3.53829,36.72137],[-3.52585,36.72412],[-3.50826,36.71747],[-3.48267,36.69727],[-3.46814,36.69352],[-3.4614,36.69636],[-3.41903,36.69418],[-3.41384,36.70201],[-3.40664,36.70232],[-3.38665,36.71164],[-3.36477,36.71438],[-3.34804,36.7325],[-3.33886,36.73828],[-3.31611,36.74183],[-3.30533,36.73824],[-3.28201,36.74446],[-3.2589,36.75341],[-3.24465,36.75455],[-3.23382,36.74984],[-3.23025,36.75164],[-3.20985,36.74541],[-3.20183,36.75051],[-3.17491,36.74903],[-3.16815,36.74453],[-3.15577,36.74743],[-3.14377,36.74399],[-3.13353,36.75072],[-3.12868,36.75087],[-3.13684,36.76644],[-3.13424,36.78151],[-3.13999,36.78509],[-3.13106,36.79284],[-3.11686,36.79817],[-3.10867,36.80329],[-3.09268,36.80978],[-3.07745,36.81966],[-3.07395,36.82468],[-3.04329,36.83171],[-3.02901,36.84444],[-3.03208,36.86095],[-3.03576,36.8636],[-3.04327,36.87912],[-3.05664,36.88506],[-3.06242,36.89545],[-3.07051,36.90118],[-3.06952,36.91235],[-3.05586,36.91184],[-3.04589,36.91987],[-3.03132,36.92459],[-3.03221,36.94229],[-3.02218,36.95408],[-3.00664,36.95734],[-2.9905,36.95818],[-2.98477,36.96443],[-2.98501,36.97191],[-2.97842,36.97385],[-2.97683,36.98699],[-2.98251,37.00597],[-2.99894,37.01222],[-2.99958,37.02206],[-3.0055,37.02294],[-3.00771,37.03892],[-3.01623,37.05221],[-3.01776,37.07064],[-3.02393,37.08442],[-3.02198,37.09891],[-3.02958,37.11325],[-3.02639,37.11657],[-3.01501,37.11328],[-3.00394,37.09711],[-2.98528,37.0929],[-2.97014,37.09651],[-2.95091,37.09652],[-2.94835,37.10547],[-2.9428,37.11226],[-2.94414,37.11901],[-2.94064,37.13108],[-2.93221,37.13793],[-2.92771,37.15745],[-2.91495,37.15818],[-2.91022,37.1637],[-2.89521,37.16715],[-2.88881,37.18194],[-2.87929,37.19249],[-2.88029,37.20388],[-2.8728,37.22011],[-2.87498,37.23156],[-2.86371,37.24703],[-2.85905,37.25051],[-2.85566,37.26861],[-2.85116,37.27607],[-2.84136,37.27962],[-2.82883,37.28012],[-2.81993,37.27805],[-2.81718,37.27237],[-2.80223,37.26811],[-2.79472,37.26336],[-2.77896,37.26263],[-2.7761,37.25544],[-2.77979,37.25107],[-2.77261,37.2414],[-2.76209,37.2331],[-2.75903,37.22671],[-2.73999,37.22876],[-2.73302,37.23732],[-2.72532,37.23114],[-2.71425,37.23159],[-2.70494,37.22278],[-2.69096,37.21834],[-2.67616,37.21596],[-2.66837,37.21678],[-2.6594,37.21355],[-2.65763,37.22892],[-2.66629,37.23809],[-2.66751,37.24952],[-2.66171,37.26668],[-2.66432,37.27256],[-2.66443,37.2869],[-2.6588,37.29934],[-2.65174,37.30899],[-2.65449,37.32032],[-2.65067,37.32603],[-2.6546,37.34061],[-2.63729,37.34333],[-2.63529,37.36547],[-2.64201,37.37337],[-2.64096,37.3828],[-2.63562,37.39421],[-2.61506,37.40569],[-2.59678,37.42102],[-2.57761,37.42887],[-2.56845,37.44639],[-2.55669,37.45038],[-2.55102,37.45573],[-2.54121,37.45853],[-2.53001,37.46515],[-2.51415,37.47953],[-2.50309,37.48351],[-2.4741,37.48347],[-2.45752,37.49083],[-2.46197,37.49869],[-2.45632,37.50943],[-2.44008,37.51117],[-2.43428,37.50948],[-2.41604,37.51598],[-2.4117,37.52494],[-2.40295,37.51556],[-2.38115,37.52292],[-2.36264,37.52003],[-2.35851,37.52229],[-2.36042,37.5346],[-2.35573,37.54699],[-2.3743,37.55735],[-2.36746,37.56305],[-2.36981,37.58101],[-2.3679,37.59158],[-2.37598,37.61226],[-2.38879,37.61801],[-2.38978,37.62914],[-2.37365,37.62905],[-2.36377,37.62147],[-2.34543,37.62922],[-2.34175,37.62378],[-2.31582,37.62219],[-2.30874,37.63517],[-2.31996,37.64809],[-2.31951,37.65963],[-2.32603,37.67574],[-2.32307,37.69486],[-2.31328,37.71137],[-2.30659,37.71022],[-2.30752,37.72327],[-2.29689,37.7415],[-2.29472,37.74817],[-2.28707,37.75141],[-2.27678,37.77622],[-2.28549,37.786],[-2.29128,37.7892],[-2.30023,37.80349],[-2.3018,37.81023],[-2.29357,37.82813],[-2.28939,37.83148],[-2.29385,37.84157],[-2.29628,37.85977],[-2.29495,37.87632],[-2.28852,37.88514],[-2.26568,37.88092],[-2.25078,37.89718],[-2.20779,37.91625],[-2.22877,37.92559],[-2.23755,37.92816],[-2.25278,37.93909],[-2.25825,37.94963],[-2.27639,37.95987],[-2.29627,37.9878],[-2.29837,38.0028],[-2.32309,38.01398],[-2.34122,38.02583],[-2.3587,38.02184],[-2.37346,38.02269],[-2.40068,38.03188],[-2.42484,38.03292],[-2.43322,38.04275],[-2.46298,38.04988],[-2.47354,38.05694],[-2.48071,38.05305],[-2.49072,38.05702],[-2.5056,38.06838],[-2.52553,38.06987],[-2.54987,38.08054],[-2.55233,38.08409],[-2.56602,38.08321],[-2.57376,38.07412],[-2.5811,38.07397],[-2.59143,38.06953],[-2.59896,38.05877],[-2.59628,38.05058],[-2.59994,38.04362],[-2.59853,38.03352],[-2.5982,38.00558],[-2.62033,37.98821],[-2.64252,37.98107],[-2.6557,37.96626],[-2.67084,37.96141],[-2.69426,37.97445],[-2.71022,37.96793],[-2.71556,37.96223],[-2.72286,37.96245],[-2.7313,37.94884],[-2.73889,37.94428],[-2.74432,37.9349],[-2.75248,37.9312],[-2.76616,37.92049],[-2.77431,37.92557],[-2.78372,37.91855],[-2.7897,37.90694],[-2.79546,37.90278],[-2.79948,37.89003],[-2.80764,37.87992],[-2.8196,37.87613],[-2.81784,37.87178],[-2.82161,37.85793],[-2.82197,37.84791],[-2.83958,37.82866],[-2.84058,37.8214],[-2.84736,37.8139],[-2.85528,37.81101],[-2.85999,37.80387],[-2.87355,37.79078],[-2.87483,37.77814],[-2.88029,37.75994],[-2.89005,37.76146],[-2.89862,37.75717],[-2.9044,37.74888],[-2.90242,37.73895],[-2.907,37.72748],[-2.90072,37.72315],[-2.9041,37.70989],[-2.90153,37.68929],[-2.89891,37.68479],[-2.88538,37.6802],[-2.8912,37.67302],[-2.9022,37.66571],[-2.9196,37.65962],[-2.93815,37.64994],[-2.96827,37.63713],[-2.97605,37.63267],[-2.97518,37.62039],[-2.98285,37.61336],[-2.97617,37.60604],[-2.98323,37.60145],[-2.99566,37.60312],[-3.00343,37.60813],[-3.01117,37.608],[-3.02438,37.6115],[-3.03347,37.61697],[-3.05157,37.61821],[-3.05762,37.60692],[-3.073,37.6035],[-3.07736,37.59901],[-3.09093,37.59612],[-3.09973,37.60549],[-3.12499,37.61058],[-3.15171,37.6275],[-3.17259,37.64329],[-3.18418,37.64467],[-3.21597,37.64426],[-3.226,37.63913],[-3.26233,37.63885],[-3.26099,37.63345],[-3.27307,37.61859],[-3.2801,37.61447],[-3.28862,37.60373],[-3.29063,37.59512],[-3.29754,37.58794],[-3.33132,37.58184],[-3.34482,37.57562],[-3.35732,37.57637],[-3.36657,37.56761],[-3.3993,37.56405],[-3.42451,37.56953],[-3.43687,37.5739],[-3.44972,37.58446],[-3.45323,37.59105],[-3.46152,37.59859],[-3.47954,37.60109],[-3.50647,37.61728],[-3.52601,37.60506],[-3.53862,37.59438],[-3.53506,37.58213],[-3.53794,37.57934],[-3.55686,37.57239],[-3.55976,37.56523],[-3.57287,37.56064],[-3.58276,37.55457],[-3.59992,37.54738],[-3.6276,37.52846],[-3.64336,37.52648],[-3.65911,37.52064],[-3.68301,37.51796],[-3.69629,37.51221],[-3.71152,37.50313],[-3.71796,37.49548],[-3.72924,37.4886],[-3.74319,37.48717],[-3.77084,37.47987],[-3.77583,37.48826],[-3.78331,37.49188],[-3.79191,37.47935],[-3.79172,37.46619],[-3.80759,37.457],[-3.80221,37.45335],[-3.80877,37.43928],[-3.81592,37.42914],[-3.81803,37.42136],[-3.82653,37.41352],[-3.82542,37.40243],[-3.83637,37.39554],[-3.84122,37.38624],[-3.87157,37.38828],[-3.90144,37.3835],[-3.91227,37.3784],[-3.93661,37.37983],[-3.95089,37.37835],[-3.97319,37.38817],[-3.98142,37.38745],[-4.00094,37.40203],[-4.01713,37.40138],[-4.02707,37.40559],[-4.03653,37.40614],[-4.04715,37.40331],[-4.07424,37.40245],[-4.08578,37.40373],[-4.09775,37.40009],[-4.10235,37.39012],[-4.10781,37.3862],[-4.12648,37.37875],[-4.12998,37.37338],[-4.14569,37.36169],[-4.14874,37.35426],[-4.15784,37.34225],[-4.17234,37.3484],[-4.20933,37.35247],[-4.22849,37.33734],[-4.23642,37.33585],[-4.23912,37.32768],[-4.2352,37.31192],[-4.23651,37.29722],[-4.24103,37.29063],[-4.24813,37.26912],[-4.26325,37.26038],[-4.25762,37.2504],[-4.25531,37.22957],[-4.26345,37.22749],[-4.29557,37.19939],[-4.31094,37.19539],[-4.3237,37.19009],[-4.32813,37.18407]]]},"properties":{"codi_prov":"18","provincia":"Granada","codi_ccaa":"01"}},{"type":"Feature","geometry":{"type":"MultiPolygon","coordinates":[[[[-1.80566,40.398],[-1.80064,40.41422],[-1.7934,40.41785],[-1.78543,40.41318],[-1.777,40.42976],[-1.7486,40.4629],[-1.73504,40.47203],[-1.69251,40.48682],[-1.69498,40.49275],[-1.69711,40.52291],[-1.70138,40.53248],[-1.70162,40.5411],[-1.68964,40.56649],[-1.69328,40.57765],[-1.68582,40.57991],[-1.6781,40.59095],[-1.67433,40.59217],[-1.66646,40.58204],[-1.63425,40.57979],[-1.62971,40.57606],[-1.59875,40.56205],[-1.58289,40.56945],[-1.55569,40.58599],[-1.54552,40.5952],[-1.55596,40.60775],[-1.56486,40.61474],[-1.55475,40.63042],[-1.55471,40.63567],[-1.54909,40.64716],[-1.53899,40.65809],[-1.54034,40.68134],[-1.53564,40.68702],[-1.55141,40.70555],[-1.55413,40.71558],[-1.55887,40.71926],[-1.56068,40.7381],[-1.5553,40.75008],[-1.53991,40.76073],[-1.54299,40.76843],[-1.53933,40.78082],[-1.53924,40.79264],[-1.54468,40.81619],[-1.55927,40.83076],[-1.57049,40.83008],[-1.58878,40.84503],[-1.59368,40.85326],[-1.60314,40.85953],[-1.62031,40.87949],[-1.62597,40.89868],[-1.61564,40.90814],[-1.61045,40.91682],[-1.6079,40.92762],[-1.61185,40.93756],[-1.61745,40.94373],[-1.635,40.95272],[-1.65408,40.969],[-1.66101,40.97832],[-1.67478,40.98403],[-1.67922,40.98933],[-1.69185,40.99563],[-1.71655,41.01356],[-1.73769,41.0313],[-1.7454,41.03259],[-1.74861,41.04126],[-1.75938,41.0482],[-1.75775,41.05507],[-1.7704,41.06645],[-1.79463,41.07875],[-1.80321,41.08998],[-1.81738,41.09517],[-1.82527,41.09496],[-1.83592,41.09951],[-1.85913,41.10368],[-1.87291,41.11087],[-1.87916,41.12373],[-1.89639,41.13519],[-1.92165,41.13429],[-1.93245,41.13859],[-1.93916,41.14734],[-1.93916,41.15247],[-1.9468,41.1599],[-1.94833,41.16685],[-1.95902,41.17249],[-1.98281,41.16506],[-1.9878,41.16114],[-2.00843,41.15644],[-2.02946,41.15627],[-2.04762,41.15265],[-2.05169,41.14685],[-2.05101,41.12538],[-2.05913,41.11964],[-2.06251,41.1133],[-2.06056,41.10454],[-2.06572,41.09589],[-2.05757,41.0835],[-2.04893,41.07781],[-2.05665,41.06956],[-2.07169,41.07249],[-2.07868,41.07742],[-2.07669,41.08194],[-2.0897,41.09113],[-2.09748,41.09244],[-2.11744,41.10294],[-2.12825,41.1139],[-2.13591,41.11669],[-2.14344,41.10257],[-2.16733,41.09541],[-2.1753,41.08375],[-2.19857,41.08928],[-2.22256,41.09343],[-2.23215,41.09701],[-2.26354,41.06754],[-2.28401,41.06505],[-2.29358,41.07125],[-2.30225,41.06542],[-2.31559,41.06162],[-2.32341,41.05651],[-2.33071,41.06675],[-2.34924,41.07741],[-2.35533,41.08645],[-2.38307,41.07415],[-2.40213,41.06166],[-2.42049,41.06023],[-2.43823,41.07079],[-2.44227,41.0773],[-2.46947,41.07811],[-2.46944,41.08984],[-2.47439,41.09802],[-2.47756,41.10915],[-2.48226,41.11627],[-2.50885,41.11886],[-2.51163,41.1315],[-2.5174,41.13695],[-2.51755,41.14812],[-2.53556,41.16141],[-2.54253,41.15067],[-2.56831,41.14464],[-2.57558,41.13947],[-2.58295,41.14184],[-2.59495,41.1499],[-2.59309,41.15712],[-2.58488,41.16137],[-2.57721,41.17782],[-2.58434,41.18219],[-2.60257,41.18866],[-2.61934,41.18329],[-2.62001,41.19537],[-2.60087,41.19481],[-2.59178,41.20313],[-2.5876,41.21307],[-2.58842,41.22312],[-2.59233,41.22444],[-2.61697,41.21944],[-2.6239,41.22374],[-2.6292,41.21521],[-2.63625,41.22381],[-2.6347,41.23193],[-2.64512,41.23792],[-2.65483,41.24065],[-2.66854,41.23712],[-2.69231,41.24371],[-2.70955,41.25198],[-2.71362,41.2597],[-2.71677,41.27567],[-2.73009,41.27167],[-2.75934,41.27333],[-2.7654,41.27086],[-2.77574,41.25875],[-2.77798,41.25202],[-2.80354,41.25651],[-2.81959,41.25734],[-2.83246,41.26358],[-2.86649,41.27478],[-2.8637,41.28128],[-2.8659,41.29179],[-2.87304,41.2985],[-2.86762,41.31294],[-2.87546,41.32138],[-2.88843,41.32524],[-2.89794,41.32481],[-2.90667,41.32763],[-2.91027,41.32162],[-2.92251,41.31926],[-2.93407,41.31343],[-2.94406,41.29748],[-2.95352,41.29194],[-2.96612,41.29323],[-3.00599,41.2844],[-3.01875,41.28906],[-3.03213,41.28243],[-3.06197,41.27333],[-3.09388,41.28401],[-3.10017,41.28008],[-3.10866,41.28789],[-3.12505,41.29089],[-3.13005,41.28815],[-3.14129,41.29218],[-3.16489,41.29536],[-3.18855,41.30392],[-3.20735,41.30424],[-3.21507,41.29841],[-3.22623,41.29811],[-3.23894,41.28794],[-3.23788,41.27937],[-3.25426,41.25838],[-3.26348,41.25773],[-3.27427,41.26027],[-3.27566,41.27422],[-3.28093,41.27317],[-3.28942,41.26462],[-3.29035,41.25819],[-3.30149,41.25712],[-3.31353,41.26143],[-3.32505,41.26207],[-3.33719,41.25268],[-3.36946,41.26042],[-3.37783,41.25983],[-3.39975,41.25461],[-3.39848,41.24202],[-3.40624,41.23249],[-3.40081,41.22468],[-3.40719,41.21173],[-3.41784,41.21646],[-3.42413,41.21446],[-3.44402,41.215],[-3.44922,41.2054],[-3.45595,41.19938],[-3.4594,41.19116],[-3.46995,41.18368],[-3.47823,41.18084],[-3.4993,41.17878],[-3.50819,41.16773],[-3.51908,41.16285],[-3.52711,41.16616],[-3.53972,41.16504],[-3.5367,41.16058],[-3.5411,41.14967],[-3.53286,41.147],[-3.52604,41.13915],[-3.5106,41.13729],[-3.4953,41.11584],[-3.4919,41.10019],[-3.48821,41.09403],[-3.46992,41.09224],[-3.44559,41.08101],[-3.42915,41.08418],[-3.42514,41.07324],[-3.42617,41.06538],[-3.4311,41.06228],[-3.43893,41.04267],[-3.43118,41.04167],[-3.42607,41.03162],[-3.41324,41.01856],[-3.39728,41.00629],[-3.39445,41.00028],[-3.40085,40.99549],[-3.4183,40.98756],[-3.41623,40.97581],[-3.42625,40.96247],[-3.43202,40.94946],[-3.43604,40.94613],[-3.43824,40.93152],[-3.44885,40.92253],[-3.45053,40.90535],[-3.45622,40.89921],[-3.43955,40.89107],[-3.44481,40.88679],[-3.44613,40.8767],[-3.47242,40.86434],[-3.46591,40.85716],[-3.47582,40.84992],[-3.47056,40.84177],[-3.47834,40.83887],[-3.47676,40.82541],[-3.48214,40.81549],[-3.49124,40.80811],[-3.49152,40.79901],[-3.50269,40.79713],[-3.50274,40.79097],[-3.48777,40.78581],[-3.46872,40.78451],[-3.46026,40.78127],[-3.45011,40.77185],[-3.44434,40.76158],[-3.44377,40.7547],[-3.44697,40.74136],[-3.43454,40.73216],[-3.43719,40.72289],[-3.44285,40.71933],[-3.46007,40.70349],[-3.46236,40.69312],[-3.4484,40.68203],[-3.44779,40.67747],[-3.42673,40.67236],[-3.42559,40.68237],[-3.41912,40.68032],[-3.41531,40.6718],[-3.40473,40.66964],[-3.40488,40.67669],[-3.4002,40.69144],[-3.39335,40.69246],[-3.3855,40.68398],[-3.37465,40.68011],[-3.37232,40.66911],[-3.36232,40.65374],[-3.36632,40.64803],[-3.34507,40.64169],[-3.32366,40.63838],[-3.32368,40.62969],[-3.33577,40.62466],[-3.32541,40.61783],[-3.3216,40.61172],[-3.33142,40.60394],[-3.33033,40.59737],[-3.31608,40.58407],[-3.29261,40.57302],[-3.28709,40.57213],[-3.28313,40.56362],[-3.2884,40.55864],[-3.2831,40.55096],[-3.29713,40.53752],[-3.28932,40.53156],[-3.28435,40.53516],[-3.24685,40.54202],[-3.23543,40.53285],[-3.22706,40.53624],[-3.22286,40.52596],[-3.20692,40.51929],[-3.19995,40.51445],[-3.20105,40.49982],[-3.19533,40.47859],[-3.20019,40.46385],[-3.20046,40.44634],[-3.1986,40.44225],[-3.1773,40.43919],[-3.15551,40.43942],[-3.15131,40.42713],[-3.14207,40.41246],[-3.13056,40.40518],[-3.1354,40.39011],[-3.14334,40.38753],[-3.14075,40.37778],[-3.15005,40.37311],[-3.15195,40.36846],[-3.14382,40.3529],[-3.15238,40.34367],[-3.1514,40.33525],[-3.18064,40.31332],[-3.18145,40.28851],[-3.18674,40.27899],[-3.18421,40.26971],[-3.19482,40.25508],[-3.19445,40.24804],[-3.17323,40.23675],[-3.17048,40.2437],[-3.15372,40.26371],[-3.14351,40.26639],[-3.12824,40.27879],[-3.11267,40.28548],[-3.10153,40.27809],[-3.09602,40.26909],[-3.09965,40.26142],[-3.08662,40.24528],[-3.08977,40.23876],[-3.08089,40.2294],[-3.07936,40.2237],[-3.08254,40.21446],[-3.07946,40.20838],[-3.0867,40.19235],[-3.07713,40.17251],[-3.07775,40.16617],[-3.06785,40.15791],[-3.06377,40.16825],[-3.03801,40.16084],[-3.03094,40.157],[-3.01444,40.15524],[-3.01579,40.16496],[-3.01226,40.17397],[-3.01811,40.1762],[-3.0212,40.18435],[-3.01977,40.19318],[-3.00826,40.19986],[-3.00615,40.2085],[-2.99819,40.20908],[-2.9882,40.20265],[-2.98112,40.19398],[-2.95948,40.18302],[-2.94698,40.16961],[-2.93372,40.16292],[-2.91148,40.15708],[-2.90349,40.15827],[-2.88759,40.16463],[-2.87505,40.17575],[-2.86313,40.20011],[-2.84839,40.20263],[-2.82598,40.20224],[-2.81438,40.22468],[-2.80753,40.24249],[-2.80263,40.26403],[-2.8056,40.26715],[-2.80655,40.27941],[-2.80476,40.2892],[-2.80915,40.31184],[-2.8085,40.32693],[-2.81617,40.33619],[-2.81074,40.33989],[-2.81791,40.34751],[-2.81534,40.35919],[-2.81684,40.36431],[-2.81216,40.37227],[-2.80991,40.39485],[-2.80452,40.39867],[-2.80768,40.40679],[-2.80264,40.41044],[-2.7943,40.42409],[-2.78662,40.4287],[-2.78095,40.44417],[-2.77757,40.44636],[-2.75987,40.43988],[-2.76987,40.4214],[-2.76002,40.41234],[-2.75022,40.40848],[-2.73712,40.40042],[-2.7229,40.39712],[-2.71199,40.41387],[-2.70606,40.41652],[-2.69067,40.39513],[-2.68077,40.40271],[-2.70379,40.42194],[-2.70182,40.42957],[-2.68501,40.42773],[-2.67734,40.43386],[-2.68471,40.44147],[-2.67649,40.44752],[-2.66159,40.4389],[-2.65167,40.43983],[-2.64075,40.44873],[-2.63444,40.44423],[-2.62791,40.44902],[-2.62041,40.44569],[-2.60594,40.44677],[-2.60124,40.44362],[-2.58549,40.45008],[-2.58009,40.44492],[-2.56896,40.44321],[-2.55742,40.43505],[-2.5466,40.43502],[-2.54449,40.42638],[-2.53238,40.42749],[-2.52579,40.42396],[-2.51335,40.42546],[-2.50659,40.43794],[-2.50453,40.44865],[-2.51111,40.45836],[-2.52304,40.46702],[-2.54159,40.47461],[-2.54063,40.48211],[-2.53475,40.49461],[-2.52876,40.49884],[-2.53999,40.50696],[-2.54627,40.51896],[-2.53657,40.53667],[-2.52724,40.54428],[-2.51807,40.52803],[-2.5136,40.51577],[-2.49597,40.50881],[-2.48718,40.51118],[-2.4732,40.51942],[-2.46263,40.52327],[-2.44922,40.52437],[-2.43728,40.53092],[-2.42674,40.54075],[-2.41981,40.53656],[-2.41182,40.52563],[-2.38015,40.54382],[-2.38381,40.5543],[-2.39079,40.55748],[-2.39398,40.5643],[-2.40054,40.56586],[-2.40663,40.57356],[-2.41618,40.58003],[-2.41607,40.59351],[-2.41245,40.60212],[-2.39873,40.61377],[-2.382,40.60777],[-2.37257,40.60716],[-2.36714,40.60125],[-2.35439,40.59272],[-2.35985,40.58064],[-2.34033,40.56842],[-2.33091,40.56732],[-2.30554,40.57452],[-2.29788,40.57281],[-2.28675,40.58878],[-2.287,40.59758],[-2.29422,40.61169],[-2.29424,40.62465],[-2.29071,40.63001],[-2.27997,40.63378],[-2.2746,40.64475],[-2.25323,40.63161],[-2.23814,40.62724],[-2.22567,40.61937],[-2.21382,40.61918],[-2.18978,40.63029],[-2.17034,40.62988],[-2.16687,40.63241],[-2.16281,40.6508],[-2.15694,40.65869],[-2.13374,40.65592],[-2.11935,40.65065],[-2.11012,40.65139],[-2.0912,40.64637],[-2.0836,40.63472],[-2.05752,40.62411],[-2.05745,40.61828],[-2.04432,40.60686],[-2.03125,40.59944],[-2.02338,40.59898],[-2.00557,40.59142],[-1.99237,40.58941],[-1.98553,40.58543],[-1.96543,40.59259],[-1.96386,40.59913],[-1.96812,40.60858],[-1.96108,40.61104],[-1.95455,40.60044],[-1.94149,40.59989],[-1.92671,40.59412],[-1.91649,40.58282],[-1.91589,40.57168],[-1.90984,40.56156],[-1.91024,40.55469],[-1.90042,40.54128],[-1.89926,40.53456],[-1.89022,40.5306],[-1.88146,40.51747],[-1.88873,40.50576],[-1.88002,40.49278],[-1.87415,40.47103],[-1.8638,40.46432],[-1.8612,40.45691],[-1.86634,40.45143],[-1.86055,40.44434],[-1.85672,40.42536],[-1.8442,40.41764],[-1.83889,40.42589],[-1.82233,40.40945],[-1.80566,40.398]]],[[[-3.38046,40.63257],[-3.37444,40.62614],[-3.36358,40.63396],[-3.36556,40.63813],[-3.38046,40.63257]]]]},"properties":{"codi_prov":"19","provincia":"Guadalajara","codi_ccaa":"08"}},{"type":"Feature","geometry":{"type":"Polygon","coordinates":[[[-2.25071,42.89547],[-2.23776,42.896],[-2.23782,42.92145],[-2.23216,42.93179],[-2.21551,42.93689],[-2.21623,42.94199],[-2.21026,42.94991],[-2.19914,42.95118],[-2.19027,42.9478],[-2.18002,42.93797],[-2.16617,42.93584],[-2.15646,42.9422],[-2.13844,42.94023],[-2.11697,42.94227],[-2.10351,42.94854],[-2.10524,42.95354],[-2.09878,42.95909],[-2.09532,42.97227],[-2.08618,42.97555],[-2.05258,42.97632],[-2.03834,42.98099],[-2.03276,42.9872],[-2.02831,42.99884],[-2.03867,43.01571],[-2.04139,43.0297],[-2.03174,43.0317],[-2.03032,43.03758],[-2.02044,43.04673],[-2.01808,43.05343],[-2.02282,43.06519],[-2.01616,43.06626],[-2.01236,43.07309],[-1.97809,43.08199],[-1.97117,43.08613],[-1.97336,43.09157],[-1.96586,43.09517],[-1.94779,43.0978],[-1.9394,43.1084],[-1.92367,43.11545],[-1.91553,43.12863],[-1.90222,43.13551],[-1.90506,43.14433],[-1.92069,43.15063],[-1.91585,43.1647],[-1.92288,43.17899],[-1.92184,43.18725],[-1.91574,43.19245],[-1.91098,43.20435],[-1.9131,43.20908],[-1.91068,43.22128],[-1.90493,43.2199],[-1.90295,43.21116],[-1.88977,43.2076],[-1.88675,43.21442],[-1.87493,43.21048],[-1.88001,43.22518],[-1.87461,43.23077],[-1.86722,43.22623],[-1.86656,43.21778],[-1.85523,43.2155],[-1.85319,43.22124],[-1.82565,43.22829],[-1.82246,43.23586],[-1.80544,43.24055],[-1.79525,43.24632],[-1.79294,43.25656],[-1.7952,43.26418],[-1.79138,43.26992],[-1.79391,43.27646],[-1.78654,43.27973],[-1.78324,43.28682],[-1.76134,43.2897],[-1.74041,43.29532],[-1.73016,43.29577],[-1.73788,43.31391],[-1.73747,43.3303],[-1.75209,43.33276],[-1.75727,43.34369],[-1.77193,43.34229],[-1.77805,43.3481],[-1.78711,43.35125],[-1.78705,43.35613],[-1.78021,43.36175],[-1.79026,43.37024],[-1.79695,43.38249],[-1.78893,43.38968],[-1.79107,43.39357],[-1.82481,43.38425],[-1.83191,43.38408],[-1.84611,43.37673],[-1.85236,43.37722],[-1.87119,43.3679],[-1.87892,43.35502],[-1.88731,43.34885],[-1.91682,43.3367],[-1.94516,43.33413],[-1.96266,43.33686],[-1.97239,43.32863],[-1.98216,43.3253],[-1.98675,43.31882],[-1.99741,43.31562],[-2.0151,43.32088],[-2.03032,43.32101],[-2.04476,43.31725],[-2.05207,43.31306],[-2.07071,43.31095],[-2.10283,43.3032],[-2.13037,43.29008],[-2.14989,43.29398],[-2.17603,43.28852],[-2.19198,43.29868],[-2.2012,43.30076],[-2.21554,43.30902],[-2.22861,43.31099],[-2.23952,43.3084],[-2.24611,43.30208],[-2.2578,43.30372],[-2.28482,43.29507],[-2.31318,43.29748],[-2.3237,43.29699],[-2.34579,43.3032],[-2.36677,43.30587],[-2.39487,43.32001],[-2.40631,43.32303],[-2.4126,43.32127],[-2.42089,43.31272],[-2.42863,43.3089],[-2.43743,43.29888],[-2.44008,43.28816],[-2.42514,43.27989],[-2.41806,43.2676],[-2.42436,43.25953],[-2.43901,43.25183],[-2.43679,43.2435],[-2.46325,43.22347],[-2.47328,43.22183],[-2.48322,43.2244],[-2.49557,43.22457],[-2.49948,43.20976],[-2.48818,43.1991],[-2.48858,43.18886],[-2.49248,43.18088],[-2.48411,43.1709],[-2.50754,43.16437],[-2.50844,43.15856],[-2.5006,43.1513],[-2.50354,43.13996],[-2.49622,43.12341],[-2.50134,43.11874],[-2.50505,43.09476],[-2.51368,43.09002],[-2.52565,43.09565],[-2.54431,43.09163],[-2.54639,43.08801],[-2.54078,43.07622],[-2.54079,43.06274],[-2.52997,43.05498],[-2.53006,43.04496],[-2.54105,43.03332],[-2.54056,43.02546],[-2.54928,43.02],[-2.55504,43.02109],[-2.57068,43.01465],[-2.58037,43.00819],[-2.59611,43.00879],[-2.60059,43.00107],[-2.5989,42.99381],[-2.59277,42.98748],[-2.60272,42.98225],[-2.59377,42.97303],[-2.58912,42.97318],[-2.58065,42.96376],[-2.5511,42.95888],[-2.54213,42.95013],[-2.53804,42.95745],[-2.54033,42.96521],[-2.5347,42.97328],[-2.5012,42.95948],[-2.48822,42.96432],[-2.47646,42.96604],[-2.45465,42.9566],[-2.4423,42.95878],[-2.42207,42.95564],[-2.40564,42.95924],[-2.39418,42.95217],[-2.36284,42.94693],[-2.35487,42.94967],[-2.35106,42.94251],[-2.33285,42.93358],[-2.32299,42.93156],[-2.31431,42.92668],[-2.30525,42.92742],[-2.29959,42.92257],[-2.29763,42.91491],[-2.29028,42.90216],[-2.27346,42.90111],[-2.25071,42.89547]]]},"properties":{"codi_prov":"20","provincia":"Gipuzkoa","codi_ccaa":"16"}},{"type":"Feature","geometry":{"type":"Polygon","coordinates":[[[-6.33101,36.8988],[-6.33369,36.90258],[-6.3465,36.90833],[-6.35873,36.92049],[-6.37105,36.92678],[-6.37825,36.93391],[-6.36381,36.9458],[-6.3599,36.95851],[-6.36118,36.9719],[-6.35428,36.98524],[-6.35719,37.00137],[-6.36444,37.01703],[-6.37366,37.03277],[-6.37991,37.04834],[-6.38078,37.05957],[-6.38639,37.07443],[-6.38555,37.08372],[-6.38157,37.09131],[-6.37136,37.10216],[-6.35728,37.10991],[-6.36009,37.11729],[-6.34329,37.12114],[-6.34318,37.12801],[-6.35553,37.13451],[-6.35899,37.14113],[-6.34874,37.15239],[-6.33612,37.16962],[-6.35056,37.18056],[-6.35322,37.19874],[-6.34984,37.20305],[-6.34524,37.21828],[-6.35931,37.23659],[-6.35124,37.24961],[-6.35433,37.2555],[-6.34973,37.26517],[-6.33747,37.27469],[-6.34241,37.27967],[-6.3365,37.28945],[-6.33564,37.30135],[-6.34357,37.31271],[-6.35853,37.31996],[-6.37372,37.33044],[-6.38416,37.33944],[-6.37822,37.34608],[-6.36869,37.34944],[-6.36277,37.35552],[-6.34586,37.36555],[-6.3556,37.37086],[-6.36021,37.37801],[-6.35419,37.39694],[-6.36209,37.40147],[-6.35645,37.41205],[-6.33073,37.41543],[-6.32205,37.41969],[-6.31255,37.41864],[-6.30695,37.42587],[-6.30605,37.43596],[-6.31196,37.44514],[-6.32205,37.45163],[-6.33295,37.46463],[-6.33249,37.46885],[-6.33885,37.48523],[-6.35619,37.50013],[-6.36726,37.51869],[-6.36996,37.52986],[-6.36643,37.53532],[-6.37493,37.5461],[-6.38934,37.55158],[-6.39346,37.55676],[-6.40145,37.57504],[-6.39947,37.59061],[-6.39418,37.60449],[-6.39794,37.61055],[-6.40924,37.61409],[-6.41369,37.61965],[-6.42395,37.62185],[-6.43119,37.62029],[-6.44327,37.62335],[-6.45589,37.62288],[-6.46699,37.61988],[-6.48924,37.62016],[-6.496,37.61827],[-6.50283,37.62275],[-6.51647,37.6225],[-6.52391,37.61803],[-6.53301,37.61878],[-6.53836,37.62564],[-6.53012,37.63762],[-6.53661,37.64114],[-6.53609,37.65098],[-6.5255,37.66413],[-6.51966,37.66224],[-6.50772,37.66829],[-6.5009,37.66888],[-6.50092,37.67715],[-6.48865,37.69821],[-6.47975,37.70486],[-6.47942,37.71101],[-6.48369,37.72014],[-6.47512,37.72514],[-6.44999,37.7189],[-6.43088,37.72747],[-6.42348,37.73407],[-6.39003,37.74769],[-6.37608,37.75009],[-6.3488,37.75744],[-6.32925,37.75981],[-6.31989,37.76395],[-6.31102,37.76487],[-6.30321,37.76166],[-6.27849,37.75841],[-6.25232,37.76314],[-6.24745,37.7575],[-6.24437,37.74074],[-6.22437,37.7398],[-6.21626,37.74511],[-6.21983,37.75518],[-6.20483,37.76603],[-6.21144,37.78469],[-6.21546,37.79154],[-6.2024,37.80553],[-6.18766,37.80988],[-6.17738,37.79816],[-6.17239,37.79866],[-6.15909,37.79066],[-6.14711,37.79371],[-6.14354,37.78803],[-6.13368,37.78961],[-6.13685,37.79615],[-6.12643,37.79717],[-6.1243,37.80476],[-6.12695,37.81165],[-6.12621,37.8241],[-6.12987,37.83268],[-6.13542,37.83493],[-6.14496,37.85689],[-6.15412,37.85336],[-6.16309,37.8573],[-6.15919,37.87344],[-6.15174,37.87601],[-6.14142,37.88499],[-6.13631,37.89573],[-6.12539,37.90091],[-6.12524,37.90507],[-6.13873,37.90972],[-6.14423,37.92003],[-6.14876,37.91671],[-6.16228,37.91827],[-6.16997,37.90981],[-6.1841,37.92815],[-6.18024,37.94103],[-6.19624,37.94912],[-6.19433,37.95509],[-6.20124,37.96193],[-6.20608,37.95937],[-6.21481,37.96149],[-6.23324,37.95794],[-6.24603,37.96311],[-6.25195,37.97138],[-6.26629,37.97348],[-6.28071,37.97365],[-6.29045,37.97698],[-6.30337,37.97824],[-6.30913,37.98518],[-6.31995,37.99027],[-6.32929,37.99827],[-6.34053,37.99983],[-6.35491,38.00985],[-6.3591,38.01666],[-6.35817,38.02822],[-6.363,38.04308],[-6.36725,38.04892],[-6.39011,38.04843],[-6.4139,38.05856],[-6.4362,38.0575],[-6.44432,38.0596],[-6.45244,38.05596],[-6.44361,38.04696],[-6.45235,38.04288],[-6.46093,38.03569],[-6.46586,38.03532],[-6.47386,38.02443],[-6.4726,38.01646],[-6.46593,38.01076],[-6.49174,38.00947],[-6.49467,38.01897],[-6.52824,38.02221],[-6.54569,38.02812],[-6.56524,38.02699],[-6.57215,38.02023],[-6.58233,38.02085],[-6.58717,38.02678],[-6.58385,38.03425],[-6.58446,38.04424],[-6.58053,38.05277],[-6.59432,38.06686],[-6.60739,38.08343],[-6.61246,38.0859],[-6.6221,38.09701],[-6.65303,38.09648],[-6.66037,38.09237],[-6.68043,38.09747],[-6.69584,38.09468],[-6.70752,38.09644],[-6.71577,38.09287],[-6.72417,38.09691],[-6.74768,38.09146],[-6.75843,38.09289],[-6.77005,38.11211],[-6.77884,38.10945],[-6.80911,38.11173],[-6.81581,38.12014],[-6.80853,38.13554],[-6.79954,38.1438],[-6.7989,38.15524],[-6.79426,38.15987],[-6.79283,38.17295],[-6.79509,38.17854],[-6.80572,38.17866],[-6.82237,38.17382],[-6.84843,38.17724],[-6.85812,38.17985],[-6.8833,38.19353],[-6.89246,38.19541],[-6.90151,38.20133],[-6.92327,38.20057],[-6.93156,38.20821],[-6.93383,38.20187],[-6.94257,38.19328],[-6.9536,38.18633],[-6.96142,38.17685],[-6.96941,38.16083],[-6.96266,38.1548],[-6.95357,38.15467],[-6.96151,38.14021],[-6.95943,38.13348],[-6.96453,38.12831],[-6.9724,38.11483],[-6.97066,38.11055],[-6.98221,38.10291],[-6.98706,38.10364],[-6.98984,38.08997],[-6.98741,38.07485],[-6.99068,38.06426],[-6.99055,38.05438],[-7.00024,38.04899],[-7.00261,38.04252],[-6.99899,38.03479],[-7.0072,38.02076],[-7.02502,38.02467],[-7.04473,38.014],[-7.05258,38.01901],[-7.06354,38.01981],[-7.06221,38.02686],[-7.06887,38.0331],[-7.0758,38.03244],[-7.09044,38.0384],[-7.09871,38.04388],[-7.1084,38.04089],[-7.11585,38.03205],[-7.12838,38.02955],[-7.12911,38.01075],[-7.12356,38.00801],[-7.12874,38.0017],[-7.13732,37.999],[-7.14316,38.0019],[-7.15881,37.99389],[-7.16489,37.99586],[-7.17345,37.99283],[-7.17741,37.99839],[-7.18608,38.0021],[-7.20084,38.0032],[-7.20923,37.99611],[-7.216,37.99596],[-7.22672,37.98812],[-7.23104,37.99158],[-7.24558,37.9918],[-7.25004,37.98564],[-7.26183,37.97747],[-7.24968,37.96689],[-7.25181,37.96009],[-7.2485,37.95577],[-7.25318,37.93847],[-7.25771,37.93306],[-7.25545,37.9223],[-7.26796,37.91258],[-7.27362,37.90491],[-7.27384,37.89886],[-7.28222,37.89769],[-7.28238,37.88619],[-7.27962,37.87624],[-7.28948,37.86128],[-7.29755,37.85665],[-7.3026,37.84009],[-7.30944,37.83674],[-7.32126,37.81869],[-7.34873,37.80252],[-7.36833,37.78769],[-7.37869,37.78227],[-7.38337,37.77433],[-7.3925,37.76981],[-7.39664,37.76395],[-7.40923,37.76665],[-7.41373,37.75945],[-7.42277,37.75534],[-7.41819,37.74683],[-7.42858,37.74097],[-7.42635,37.73393],[-7.43157,37.72019],[-7.43934,37.70967],[-7.43916,37.70221],[-7.44775,37.6978],[-7.44385,37.68922],[-7.45259,37.67742],[-7.44371,37.66506],[-7.45408,37.66318],[-7.45485,37.64628],[-7.46558,37.6501],[-7.46375,37.64163],[-7.47131,37.63433],[-7.47119,37.62422],[-7.48048,37.62524],[-7.47984,37.61857],[-7.48658,37.61177],[-7.50361,37.60495],[-7.4963,37.59441],[-7.50132,37.58645],[-7.50214,37.57721],[-7.51588,37.56942],[-7.51225,37.56023],[-7.51896,37.55965],[-7.52305,37.55356],[-7.51218,37.53715],[-7.51242,37.52607],[-7.50186,37.52212],[-7.49432,37.52332],[-7.49027,37.51838],[-7.48959,37.50617],[-7.48282,37.49678],[-7.4668,37.491],[-7.46348,37.48592],[-7.4681,37.48077],[-7.46959,37.47171],[-7.46618,37.46233],[-7.45838,37.45485],[-7.45668,37.44838],[-7.4594,37.43746],[-7.45762,37.42919],[-7.4457,37.41986],[-7.44794,37.4155],[-7.45941,37.41411],[-7.46185,37.40741],[-7.44657,37.39891],[-7.44048,37.39102],[-7.43675,37.36815],[-7.43675,37.35898],[-7.44466,37.34743],[-7.44003,37.33159],[-7.44203,37.31598],[-7.4411,37.30731],[-7.43637,37.29914],[-7.43414,37.28947],[-7.42169,37.27378],[-7.43233,37.25935],[-7.43305,37.24807],[-7.41829,37.23584],[-7.41257,37.22149],[-7.41354,37.21054],[-7.40798,37.18346],[-7.40313,37.17442],[-7.39228,37.16968],[-7.37389,37.16581],[-7.36757,37.16277],[-7.34402,37.17561],[-7.34009,37.18026],[-7.33008,37.18356],[-7.31666,37.19156],[-7.28429,37.19963],[-7.22897,37.2021],[-7.21153,37.20478],[-7.1683,37.20469],[-7.14409,37.20726],[-7.13609,37.2061],[-7.09925,37.20621],[-7.06806,37.20443],[-7.05385,37.2001],[-7.05212,37.20585],[-7.04569,37.20766],[-7.0318,37.19966],[-7.02182,37.20008],[-6.98274,37.18365],[-6.97938,37.18085],[-6.94818,37.16546],[-6.94219,37.16808],[-6.92149,37.15537],[-6.88919,37.14604],[-6.91071,37.16036],[-6.91822,37.16848],[-6.9134,37.17364],[-6.89536,37.16033],[-6.87434,37.14778],[-6.82811,37.13237],[-6.82814,37.1272],[-6.80981,37.12506],[-6.79367,37.1195],[-6.77279,37.10995],[-6.73656,37.09154],[-6.7156,37.08364],[-6.68307,37.0664],[-6.66695,37.059],[-6.64831,37.04857],[-6.61523,37.03227],[-6.58207,37.01444],[-6.52179,36.97717],[-6.50695,36.9663],[-6.45814,36.91944],[-6.44381,36.89934],[-6.43061,36.87504],[-6.40907,36.83265],[-6.39657,36.80676],[-6.38905,36.80039],[-6.36886,36.79533],[-6.36519,36.78972],[-6.34626,36.79728],[-6.34259,36.8024],[-6.34354,36.81249],[-6.35181,36.82527],[-6.35392,36.83832],[-6.35213,36.86132],[-6.34587,36.88801],[-6.34118,36.89413],[-6.33101,36.8988]]]},"properties":{"codi_prov":"21","provincia":"Huelva","codi_ccaa":"01"}},{"type":"Feature","geometry":{"type":"Polygon","coordinates":[[[-0.90109,42.74272],[-0.89687,42.73566],[-0.90684,42.72661],[-0.90387,42.71449],[-0.91179,42.70928],[-0.91696,42.70077],[-0.90271,42.70217],[-0.88963,42.69466],[-0.88012,42.69396],[-0.88773,42.66762],[-0.89287,42.66677],[-0.90215,42.65689],[-0.92764,42.65624],[-0.92338,42.64697],[-0.91051,42.63194],[-0.90466,42.61294],[-0.91082,42.6041],[-0.90485,42.60084],[-0.90867,42.58713],[-0.92479,42.58797],[-0.93417,42.57265],[-0.92161,42.57124],[-0.9186,42.55528],[-0.89935,42.55998],[-0.89515,42.55085],[-0.89826,42.53896],[-0.91645,42.53732],[-0.9278,42.52275],[-0.93343,42.50588],[-0.92666,42.5028],[-0.91325,42.50384],[-0.91155,42.50807],[-0.89914,42.51208],[-0.89385,42.51045],[-0.89178,42.48731],[-0.89695,42.48073],[-0.8796,42.46973],[-0.87772,42.46164],[-0.8819,42.45706],[-0.88955,42.45965],[-0.90376,42.45324],[-0.90637,42.44976],[-0.89628,42.4438],[-0.90551,42.43681],[-0.89602,42.42808],[-0.87653,42.41774],[-0.84209,42.40739],[-0.84057,42.39878],[-0.82802,42.39431],[-0.8226,42.39783],[-0.81531,42.39523],[-0.82167,42.38456],[-0.83313,42.38199],[-0.84389,42.38492],[-0.84276,42.36634],[-0.84997,42.35908],[-0.85566,42.33992],[-0.86584,42.33291],[-0.88218,42.31323],[-0.89209,42.29692],[-0.88898,42.28698],[-0.90312,42.2762],[-0.90895,42.26742],[-0.91804,42.25942],[-0.91801,42.2555],[-0.90165,42.25086],[-0.89311,42.24001],[-0.88651,42.2446],[-0.89092,42.24892],[-0.88709,42.25568],[-0.89078,42.25956],[-0.88343,42.27531],[-0.87696,42.28165],[-0.86874,42.28112],[-0.85818,42.27479],[-0.84393,42.28283],[-0.83234,42.27371],[-0.82825,42.27405],[-0.8131,42.26449],[-0.80504,42.27205],[-0.79379,42.29197],[-0.78182,42.31583],[-0.77181,42.34671],[-0.7719,42.36269],[-0.77706,42.3655],[-0.78095,42.37672],[-0.77794,42.39126],[-0.75576,42.38004],[-0.74827,42.37793],[-0.73643,42.36988],[-0.74372,42.35916],[-0.73512,42.35334],[-0.73763,42.34409],[-0.74417,42.34084],[-0.73884,42.31921],[-0.72886,42.29632],[-0.73038,42.29117],[-0.74238,42.27986],[-0.74849,42.27754],[-0.75196,42.26362],[-0.75938,42.26365],[-0.75967,42.24832],[-0.76198,42.22851],[-0.76154,42.21586],[-0.75835,42.20396],[-0.7513,42.20169],[-0.75367,42.18313],[-0.75976,42.17786],[-0.7598,42.17023],[-0.75566,42.16192],[-0.74954,42.15983],[-0.75872,42.14696],[-0.75533,42.13672],[-0.76007,42.12886],[-0.7534,42.12157],[-0.75812,42.11456],[-0.7545,42.10764],[-0.76231,42.10272],[-0.75881,42.08788],[-0.77001,42.08548],[-0.76105,42.07793],[-0.76663,42.07398],[-0.76371,42.06622],[-0.77371,42.06135],[-0.77631,42.0555],[-0.78792,42.05189],[-0.79822,42.06003],[-0.80512,42.07347],[-0.80508,42.09643],[-0.82817,42.08255],[-0.84497,42.0586],[-0.85334,42.05479],[-0.85628,42.04698],[-0.84879,42.04154],[-0.8496,42.02851],[-0.85418,42.02233],[-0.86879,42.01311],[-0.88078,42.00838],[-0.8821,42.0021],[-0.86325,41.99815],[-0.85771,41.99162],[-0.84488,41.98458],[-0.81331,41.97355],[-0.79637,41.9626],[-0.77821,41.9574],[-0.73703,41.95332],[-0.72876,41.96022],[-0.69591,41.9566],[-0.68868,41.95867],[-0.65783,41.9575],[-0.65124,41.94373],[-0.63232,41.91951],[-0.63014,41.91254],[-0.61593,41.90572],[-0.59971,41.90223],[-0.5951,41.89746],[-0.60331,41.88283],[-0.59279,41.88248],[-0.58491,41.87577],[-0.57046,41.87553],[-0.55521,41.87133],[-0.54296,41.85821],[-0.52714,41.85287],[-0.51675,41.83678],[-0.51831,41.82462],[-0.51653,41.8136],[-0.51055,41.80658],[-0.51244,41.79828],[-0.50884,41.79147],[-0.51145,41.7826],[-0.50695,41.77932],[-0.50499,41.76459],[-0.50069,41.76132],[-0.50528,41.75266],[-0.50399,41.74615],[-0.51127,41.74159],[-0.51962,41.73144],[-0.51697,41.72846],[-0.48994,41.73177],[-0.48225,41.72431],[-0.46715,41.72156],[-0.46437,41.71515],[-0.44903,41.70931],[-0.44735,41.70564],[-0.432,41.70621],[-0.41045,41.70135],[-0.40312,41.69622],[-0.38483,41.68756],[-0.37726,41.68945],[-0.36808,41.68194],[-0.36592,41.65974],[-0.36076,41.64512],[-0.36231,41.63782],[-0.35556,41.63234],[-0.33621,41.63015],[-0.32717,41.62426],[-0.31259,41.6241],[-0.30527,41.61625],[-0.30231,41.60792],[-0.28347,41.59536],[-0.27231,41.58992],[-0.26318,41.5885],[-0.24292,41.57261],[-0.22781,41.58647],[-0.20574,41.60226],[-0.18213,41.59805],[-0.15645,41.58997],[-0.16735,41.58111],[-0.15748,41.56838],[-0.15934,41.54823],[-0.15666,41.53529],[-0.13479,41.52239],[-0.13008,41.51457],[-0.10497,41.48548],[-0.10385,41.48025],[-0.08446,41.43144],[-0.08404,41.41532],[-0.0739,41.39276],[-0.07271,41.37716],[-0.07,41.37296],[-0.05401,41.36665],[-0.04944,41.36046],[-0.03339,41.35804],[-0.00793,41.34781],[-0.02928,41.37782],[-0.0241,41.38633],[-0.0234,41.39699],[-0.00298,41.38792],[0.00969,41.36043],[0.03676,41.35506],[0.04304,41.35572],[0.07113,41.35356],[0.09336,41.34997],[0.1063,41.35082],[0.11845,41.36392],[0.11764,41.36862],[0.12271,41.38155],[0.13265,41.38979],[0.15737,41.39774],[0.16365,41.4065],[0.17371,41.40272],[0.17542,41.39693],[0.18913,41.39617],[0.19816,41.40289],[0.21909,41.40357],[0.2249,41.41448],[0.24059,41.42835],[0.27133,41.425],[0.31627,41.41693],[0.33585,41.40746],[0.34184,41.41382],[0.34841,41.42673],[0.34754,41.44081],[0.35541,41.45246],[0.34487,41.46033],[0.33968,41.48333],[0.34658,41.48811],[0.37084,41.48464],[0.3871,41.48664],[0.3975,41.49066],[0.40816,41.50238],[0.41744,41.51636],[0.42676,41.52229],[0.43477,41.53408],[0.44618,41.54292],[0.43908,41.55598],[0.43033,41.56524],[0.43292,41.56901],[0.43014,41.5779],[0.43616,41.58489],[0.42849,41.60238],[0.40202,41.59272],[0.39203,41.59532],[0.34961,41.59946],[0.34582,41.62186],[0.35825,41.63197],[0.34941,41.63618],[0.33292,41.6596],[0.32624,41.6622],[0.32595,41.67465],[0.32877,41.68203],[0.34202,41.69654],[0.36866,41.71419],[0.37277,41.72391],[0.38474,41.74031],[0.39487,41.73747],[0.39907,41.75641],[0.40801,41.75924],[0.43828,41.76132],[0.44802,41.76467],[0.46448,41.76331],[0.46966,41.76562],[0.47382,41.78719],[0.48323,41.80146],[0.49895,41.80696],[0.50213,41.8144],[0.51053,41.82063],[0.5251,41.82254],[0.54226,41.82006],[0.55125,41.83128],[0.55147,41.84411],[0.55771,41.85389],[0.58005,41.85091],[0.58429,41.86381],[0.60748,41.87182],[0.60831,41.8785],[0.5921,41.88442],[0.59604,41.8914],[0.60098,41.90854],[0.59518,41.91524],[0.60289,41.92232],[0.56244,41.93269],[0.56188,41.93822],[0.5776,41.95811],[0.59195,41.96939],[0.60036,41.96183],[0.61037,41.9679],[0.61097,41.97611],[0.61683,41.98716],[0.62454,41.99209],[0.63532,41.99277],[0.64588,41.98751],[0.64713,41.99673],[0.65822,42.00258],[0.66022,42.00954],[0.65182,42.0262],[0.65748,42.03143],[0.65672,42.03973],[0.66622,42.04131],[0.66982,42.06152],[0.67905,42.07351],[0.68492,42.09195],[0.69436,42.09757],[0.69961,42.10514],[0.7027,42.12159],[0.69707,42.12791],[0.6955,42.15141],[0.71385,42.16282],[0.69808,42.1718],[0.70338,42.18563],[0.70262,42.1903],[0.70961,42.1987],[0.70795,42.20373],[0.71396,42.20968],[0.71684,42.21963],[0.71485,42.22466],[0.72551,42.2364],[0.72798,42.24622],[0.73419,42.25116],[0.73974,42.27034],[0.73861,42.28147],[0.74389,42.28573],[0.74483,42.30118],[0.75662,42.30931],[0.75511,42.31344],[0.76462,42.32248],[0.75918,42.3259],[0.74368,42.32632],[0.74067,42.33713],[0.75918,42.34837],[0.77131,42.35064],[0.76546,42.35617],[0.74615,42.35685],[0.73677,42.36205],[0.72327,42.36563],[0.7255,42.3702],[0.73427,42.37151],[0.7461,42.38478],[0.73432,42.40068],[0.73585,42.41402],[0.72583,42.42715],[0.71132,42.43517],[0.70649,42.44932],[0.70898,42.45922],[0.69417,42.47636],[0.68994,42.48684],[0.69778,42.4863],[0.70792,42.49197],[0.71337,42.48721],[0.73314,42.50442],[0.73926,42.50622],[0.72343,42.51772],[0.72215,42.52631],[0.73474,42.54035],[0.74197,42.54215],[0.74267,42.54834],[0.75506,42.56434],[0.7591,42.57433],[0.75953,42.58681],[0.76757,42.61159],[0.74493,42.61522],[0.7376,42.61245],[0.72103,42.6187],[0.70833,42.62084],[0.69864,42.62883],[0.7013,42.64257],[0.69247,42.65897],[0.68018,42.66633],[0.67348,42.67898],[0.66008,42.68785],[0.66006,42.69083],[0.64739,42.69423],[0.63932,42.69258],[0.60564,42.69924],[0.59712,42.70556],[0.58935,42.69494],[0.5755,42.69549],[0.57182,42.69803],[0.54602,42.70124],[0.53442,42.70009],[0.53013,42.70268],[0.52077,42.69756],[0.51584,42.69129],[0.49468,42.69245],[0.48116,42.69965],[0.47232,42.69992],[0.46717,42.69459],[0.4402,42.69114],[0.42217,42.69049],[0.41581,42.69494],[0.40131,42.69649],[0.39589,42.70109],[0.393,42.71294],[0.38516,42.7114],[0.37532,42.71419],[0.36021,42.72418],[0.34535,42.71057],[0.32532,42.7052],[0.32644,42.69768],[0.3157,42.6845],[0.29553,42.6733],[0.28394,42.68033],[0.27078,42.69114],[0.26382,42.69316],[0.26878,42.70004],[0.26085,42.71147],[0.25321,42.71839],[0.22489,42.71792],[0.20624,42.72936],[0.17592,42.73617],[0.16207,42.72689],[0.13673,42.72245],[0.13157,42.71464],[0.10698,42.71037],[0.09016,42.71712],[0.07644,42.71405],[0.07049,42.70375],[0.05809,42.69768],[0.04417,42.69744],[0.02428,42.70253],[0.01468,42.70184],[0.01501,42.69505],[0.00485,42.68707],[-0.00254,42.6849],[-0.01655,42.68518],[-0.03182,42.69074],[-0.0487,42.69446],[-0.06189,42.69497],[-0.06836,42.71797],[-0.07953,42.71682],[-0.0876,42.72131],[-0.10647,42.72099],[-0.11185,42.72638],[-0.10916,42.73457],[-0.13842,42.76684],[-0.14975,42.76917],[-0.14773,42.77697],[-0.15453,42.78115],[-0.15442,42.79298],[-0.16082,42.79834],[-0.1673,42.79101],[-0.17938,42.78538],[-0.19539,42.79226],[-0.19897,42.79586],[-0.21203,42.79616],[-0.2389,42.80867],[-0.2388,42.81815],[-0.24512,42.82064],[-0.25483,42.81926],[-0.26237,42.82495],[-0.27553,42.82904],[-0.27689,42.8356],[-0.29751,42.83875],[-0.30826,42.84251],[-0.31329,42.8494],[-0.32442,42.83464],[-0.33368,42.83765],[-0.34826,42.83509],[-0.35562,42.83038],[-0.36447,42.81657],[-0.38327,42.80686],[-0.39064,42.80028],[-0.40203,42.8033],[-0.41093,42.80876],[-0.42879,42.79949],[-0.44397,42.7961],[-0.45314,42.80414],[-0.46104,42.80409],[-0.47819,42.80947],[-0.48342,42.81583],[-0.49224,42.81676],[-0.50483,42.82748],[-0.51068,42.8249],[-0.52609,42.80973],[-0.52294,42.79901],[-0.52966,42.79166],[-0.54359,42.79322],[-0.5518,42.77786],[-0.56137,42.7821],[-0.56753,42.78074],[-0.5707,42.7906],[-0.56475,42.79828],[-0.56918,42.80694],[-0.59099,42.80255],[-0.59835,42.80492],[-0.59835,42.8141],[-0.60321,42.83243],[-0.61971,42.83799],[-0.63602,42.8533],[-0.64874,42.85518],[-0.66113,42.86343],[-0.66178,42.86861],[-0.6787,42.88455],[-0.69876,42.87902],[-0.70474,42.88446],[-0.71805,42.88647],[-0.73165,42.89603],[-0.73418,42.90534],[-0.73256,42.91489],[-0.7272,42.91929],[-0.7432,42.91885],[-0.75213,42.92439],[-0.78295,42.92156],[-0.80913,42.90448],[-0.81791,42.90199],[-0.82123,42.89401],[-0.81543,42.87543],[-0.82241,42.86628],[-0.82935,42.86664],[-0.84142,42.85757],[-0.8478,42.84755],[-0.85645,42.84665],[-0.85751,42.83506],[-0.85305,42.82428],[-0.85544,42.82208],[-0.85144,42.80759],[-0.86001,42.79856],[-0.84991,42.79217],[-0.84753,42.78592],[-0.86484,42.76335],[-0.87596,42.75872],[-0.89469,42.76272],[-0.90054,42.76047],[-0.90109,42.74272]]]},"properties":{"codi_prov":"22","provincia":"Huesca","codi_ccaa":"02"}},{"type":"Feature","geometry":{"type":"Polygon","coordinates":[[[-4.26847,38.34703],[-4.25528,38.34013],[-4.24738,38.34262],[-4.23565,38.33631],[-4.23927,38.3328],[-4.23812,38.3239],[-4.22616,38.30386],[-4.2197,38.29857],[-4.21001,38.30086],[-4.21418,38.28306],[-4.21424,38.26888],[-4.20863,38.26698],[-4.21646,38.25165],[-4.21651,38.24663],[-4.20305,38.24557],[-4.19591,38.23746],[-4.19405,38.23097],[-4.20107,38.22064],[-4.20087,38.21328],[-4.19041,38.20587],[-4.18663,38.19489],[-4.18052,38.19246],[-4.16798,38.18043],[-4.16856,38.1653],[-4.16362,38.16139],[-4.16571,38.14374],[-4.1685,38.13662],[-4.17523,38.1315],[-4.19371,38.12836],[-4.19928,38.12246],[-4.19834,38.11663],[-4.20506,38.10828],[-4.21835,38.11043],[-4.22083,38.1028],[-4.21298,38.09532],[-4.21889,38.08872],[-4.22794,38.09064],[-4.22774,38.07893],[-4.24004,38.06682],[-4.24742,38.06944],[-4.25331,38.05905],[-4.25186,38.04919],[-4.24487,38.05245],[-4.24085,38.04605],[-4.25051,38.03924],[-4.26855,38.03941],[-4.2606,38.02934],[-4.25942,38.02241],[-4.28225,38.02281],[-4.28445,38.00383],[-4.27762,38.00012],[-4.26468,37.97427],[-4.26095,37.9636],[-4.25819,37.93807],[-4.26239,37.91508],[-4.27099,37.91136],[-4.27481,37.90279],[-4.27331,37.89669],[-4.27992,37.87604],[-4.2777,37.85697],[-4.28086,37.82867],[-4.28596,37.81526],[-4.28412,37.8122],[-4.28674,37.79654],[-4.25903,37.7887],[-4.22534,37.7866],[-4.21358,37.78392],[-4.20682,37.77891],[-4.20747,37.76994],[-4.21874,37.76718],[-4.22556,37.762],[-4.23838,37.73392],[-4.24032,37.72636],[-4.23822,37.71946],[-4.22646,37.71819],[-4.19999,37.70831],[-4.18312,37.70648],[-4.1803,37.69933],[-4.16437,37.68151],[-4.17542,37.67738],[-4.18765,37.67003],[-4.21483,37.64674],[-4.22787,37.63978],[-4.22422,37.63138],[-4.21844,37.62762],[-4.22181,37.62195],[-4.21017,37.61586],[-4.18707,37.61644],[-4.17262,37.61059],[-4.15863,37.58048],[-4.13935,37.56018],[-4.13527,37.56141],[-4.12176,37.54906],[-4.11397,37.5467],[-4.10918,37.53325],[-4.0991,37.53067],[-4.09897,37.5219],[-4.09433,37.51056],[-4.08542,37.5136],[-4.07963,37.50926],[-4.06042,37.50612],[-4.07444,37.49304],[-4.08606,37.48648],[-4.07994,37.47901],[-4.06826,37.47152],[-4.06025,37.47206],[-4.04803,37.46802],[-4.0378,37.45243],[-4.02901,37.44215],[-4.02737,37.43446],[-4.01647,37.41733],[-4.00094,37.40203],[-3.98142,37.38745],[-3.97319,37.38817],[-3.95089,37.37835],[-3.93661,37.37983],[-3.91227,37.3784],[-3.90144,37.3835],[-3.87157,37.38828],[-3.84122,37.38624],[-3.83637,37.39554],[-3.82542,37.40243],[-3.82653,37.41352],[-3.81803,37.42136],[-3.81592,37.42914],[-3.80877,37.43928],[-3.80221,37.45335],[-3.80759,37.457],[-3.79172,37.46619],[-3.79191,37.47935],[-3.78331,37.49188],[-3.77583,37.48826],[-3.77084,37.47987],[-3.74319,37.48717],[-3.72924,37.4886],[-3.71796,37.49548],[-3.71152,37.50313],[-3.69629,37.51221],[-3.68301,37.51796],[-3.65911,37.52064],[-3.64336,37.52648],[-3.6276,37.52846],[-3.59992,37.54738],[-3.58276,37.55457],[-3.57287,37.56064],[-3.55976,37.56523],[-3.55686,37.57239],[-3.53794,37.57934],[-3.53506,37.58213],[-3.53862,37.59438],[-3.52601,37.60506],[-3.50647,37.61728],[-3.47954,37.60109],[-3.46152,37.59859],[-3.45323,37.59105],[-3.44972,37.58446],[-3.43687,37.5739],[-3.42451,37.56953],[-3.3993,37.56405],[-3.36657,37.56761],[-3.35732,37.57637],[-3.34482,37.57562],[-3.33132,37.58184],[-3.29754,37.58794],[-3.29063,37.59512],[-3.28862,37.60373],[-3.2801,37.61447],[-3.27307,37.61859],[-3.26099,37.63345],[-3.26233,37.63885],[-3.226,37.63913],[-3.21597,37.64426],[-3.18418,37.64467],[-3.17259,37.64329],[-3.15171,37.6275],[-3.12499,37.61058],[-3.09973,37.60549],[-3.09093,37.59612],[-3.07736,37.59901],[-3.073,37.6035],[-3.05762,37.60692],[-3.05157,37.61821],[-3.03347,37.61697],[-3.02438,37.6115],[-3.01117,37.608],[-3.00343,37.60813],[-2.99566,37.60312],[-2.98323,37.60145],[-2.97617,37.60604],[-2.98285,37.61336],[-2.97518,37.62039],[-2.97605,37.63267],[-2.96827,37.63713],[-2.93815,37.64994],[-2.9196,37.65962],[-2.9022,37.66571],[-2.8912,37.67302],[-2.88538,37.6802],[-2.89891,37.68479],[-2.90153,37.68929],[-2.9041,37.70989],[-2.90072,37.72315],[-2.907,37.72748],[-2.90242,37.73895],[-2.9044,37.74888],[-2.89862,37.75717],[-2.89005,37.76146],[-2.88029,37.75994],[-2.87483,37.77814],[-2.87355,37.79078],[-2.85999,37.80387],[-2.85528,37.81101],[-2.84736,37.8139],[-2.84058,37.8214],[-2.83958,37.82866],[-2.82197,37.84791],[-2.82161,37.85793],[-2.81784,37.87178],[-2.8196,37.87613],[-2.80764,37.87992],[-2.79948,37.89003],[-2.79546,37.90278],[-2.7897,37.90694],[-2.78372,37.91855],[-2.77431,37.92557],[-2.76616,37.92049],[-2.75248,37.9312],[-2.74432,37.9349],[-2.73889,37.94428],[-2.7313,37.94884],[-2.72286,37.96245],[-2.71556,37.96223],[-2.71022,37.96793],[-2.69426,37.97445],[-2.67084,37.96141],[-2.6557,37.96626],[-2.64252,37.98107],[-2.62033,37.98821],[-2.5982,38.00558],[-2.59853,38.03352],[-2.59994,38.04362],[-2.59628,38.05058],[-2.59896,38.05877],[-2.59143,38.06953],[-2.5811,38.07397],[-2.57376,38.07412],[-2.56602,38.08321],[-2.55233,38.08409],[-2.5401,38.09237],[-2.53858,38.09764],[-2.528,38.10223],[-2.51735,38.11251],[-2.51642,38.11903],[-2.51068,38.12862],[-2.50138,38.13006],[-2.49567,38.13441],[-2.48723,38.14884],[-2.47441,38.15588],[-2.46732,38.17035],[-2.44658,38.185],[-2.44817,38.19039],[-2.44659,38.20667],[-2.45386,38.21065],[-2.45477,38.21566],[-2.44347,38.23113],[-2.44176,38.23868],[-2.44479,38.25003],[-2.4371,38.26187],[-2.43545,38.27195],[-2.43966,38.27558],[-2.44187,38.28482],[-2.44877,38.28811],[-2.48131,38.29494],[-2.4854,38.30148],[-2.48478,38.31964],[-2.4802,38.32834],[-2.4803,38.34894],[-2.48733,38.35367],[-2.49355,38.37117],[-2.49015,38.3802],[-2.48215,38.39285],[-2.48374,38.39799],[-2.49531,38.4003],[-2.51598,38.40021],[-2.51973,38.40362],[-2.5351,38.40608],[-2.55021,38.40296],[-2.55852,38.40633],[-2.56213,38.41245],[-2.57146,38.41366],[-2.57773,38.42532],[-2.57734,38.43484],[-2.56951,38.44122],[-2.57143,38.44728],[-2.56732,38.45288],[-2.56769,38.46101],[-2.57743,38.47602],[-2.57309,38.48727],[-2.5666,38.4907],[-2.579,38.50198],[-2.59728,38.51244],[-2.60711,38.51375],[-2.62619,38.51152],[-2.64555,38.50721],[-2.67266,38.49665],[-2.68125,38.49693],[-2.70076,38.50113],[-2.7139,38.50705],[-2.72942,38.51125],[-2.73632,38.5196],[-2.75562,38.52595],[-2.76456,38.53207],[-2.77396,38.5286],[-2.77108,38.52017],[-2.77709,38.51792],[-2.77955,38.50976],[-2.7858,38.51114],[-2.79344,38.50619],[-2.80675,38.50271],[-2.80838,38.49579],[-2.82141,38.48946],[-2.83061,38.4881],[-2.8488,38.48148],[-2.8541,38.47415],[-2.85993,38.4758],[-2.86796,38.46603],[-2.87949,38.46209],[-2.87668,38.45677],[-2.88861,38.4554],[-2.90044,38.46411],[-2.90986,38.46791],[-2.93829,38.47457],[-2.95542,38.46855],[-2.96267,38.47119],[-2.97547,38.45525],[-2.99294,38.44961],[-2.99616,38.44312],[-2.99189,38.42891],[-3.00165,38.41367],[-3.00537,38.41485],[-3.03096,38.44275],[-3.03662,38.44748],[-3.06497,38.47825],[-3.11807,38.44869],[-3.1302,38.43877],[-3.14992,38.44006],[-3.18002,38.44992],[-3.21865,38.45283],[-3.25114,38.4581],[-3.28001,38.4604],[-3.28847,38.46924],[-3.29676,38.47057],[-3.30449,38.4786],[-3.32649,38.48212],[-3.34903,38.47774],[-3.37501,38.47523],[-3.38069,38.44602],[-3.37668,38.4396],[-3.38867,38.434],[-3.4019,38.42395],[-3.40954,38.4241],[-3.42482,38.4068],[-3.43324,38.40803],[-3.4517,38.40032],[-3.47259,38.39796],[-3.48547,38.40403],[-3.49535,38.40357],[-3.50592,38.40801],[-3.52425,38.4091],[-3.53335,38.41509],[-3.53496,38.42326],[-3.53262,38.43406],[-3.54189,38.44538],[-3.55259,38.44653],[-3.56736,38.45203],[-3.58308,38.45147],[-3.58636,38.43395],[-3.58585,38.4056],[-3.59824,38.39847],[-3.62047,38.39399],[-3.64418,38.4019],[-3.64695,38.40421],[-3.69928,38.41288],[-3.73001,38.42437],[-3.73906,38.41376],[-3.76491,38.42436],[-3.78561,38.42527],[-3.80118,38.41995],[-3.80786,38.42182],[-3.82429,38.4163],[-3.82961,38.41262],[-3.83222,38.39938],[-3.83052,38.39485],[-3.83766,38.38633],[-3.85499,38.37493],[-3.87661,38.37651],[-3.8936,38.37093],[-3.90271,38.37167],[-3.91279,38.36784],[-3.93798,38.36835],[-3.95861,38.36571],[-3.97158,38.36651],[-3.9838,38.36965],[-4.00735,38.36803],[-4.01251,38.37088],[-4.03137,38.37532],[-4.05085,38.37618],[-4.07019,38.37974],[-4.08657,38.37673],[-4.0917,38.37991],[-4.11222,38.38188],[-4.12656,38.37892],[-4.13326,38.38403],[-4.1443,38.38609],[-4.15567,38.3807],[-4.17611,38.38432],[-4.19215,38.39013],[-4.22317,38.39742],[-4.24627,38.39809],[-4.25549,38.40162],[-4.26635,38.3985],[-4.27616,38.39082],[-4.27845,38.37728],[-4.27204,38.36571],[-4.26847,38.34703]]]},"properties":{"codi_prov":"23","provincia":"Jaén","codi_ccaa":"01"}},{"type":"Feature","geometry":{"type":"Polygon","coordinates":[[[-7.07707,42.508],[-7.05988,42.5066],[-7.05188,42.50864],[-7.03264,42.50434],[-7.02869,42.49786],[-7.01963,42.50156],[-7.00446,42.50393],[-6.98119,42.49357],[-6.97355,42.49401],[-6.96504,42.51337],[-6.95922,42.51808],[-6.92505,42.51944],[-6.90988,42.50823],[-6.87601,42.49828],[-6.86056,42.48909],[-6.84918,42.48672],[-6.84102,42.48896],[-6.83704,42.49549],[-6.82273,42.49052],[-6.82547,42.48571],[-6.81808,42.48132],[-6.81474,42.47389],[-6.8086,42.46945],[-6.81145,42.46118],[-6.82203,42.45443],[-6.82006,42.43953],[-6.82481,42.42589],[-6.82096,42.42141],[-6.82892,42.41677],[-6.83128,42.40835],[-6.84351,42.40585],[-6.83357,42.39546],[-6.82348,42.39189],[-6.8208,42.38564],[-6.78798,42.38258],[-6.77416,42.37883],[-6.76654,42.36505],[-6.75784,42.36756],[-6.74169,42.36012],[-6.73395,42.35911],[-6.7405,42.3287],[-6.73688,42.32516],[-6.73615,42.31106],[-6.74317,42.30329],[-6.74115,42.29866],[-6.75301,42.28795],[-6.76503,42.27274],[-6.767,42.25746],[-6.78437,42.25373],[-6.76596,42.24555],[-6.75718,42.2385],[-6.74299,42.24017],[-6.73484,42.2356],[-6.73329,42.22402],[-6.72286,42.21974],[-6.72114,42.21396],[-6.71147,42.21405],[-6.70379,42.20937],[-6.68932,42.21474],[-6.67096,42.2125],[-6.6551,42.21321],[-6.64795,42.21689],[-6.63865,42.2173],[-6.62994,42.21199],[-6.62346,42.21218],[-6.61327,42.20321],[-6.60712,42.20588],[-6.59718,42.20352],[-6.58764,42.20798],[-6.57371,42.20491],[-6.55776,42.20711],[-6.52962,42.20272],[-6.51425,42.19894],[-6.50606,42.194],[-6.50852,42.18499],[-6.49756,42.18202],[-6.49045,42.18409],[-6.47825,42.18223],[-6.47348,42.18861],[-6.45986,42.19714],[-6.44221,42.19353],[-6.43802,42.19834],[-6.4279,42.20194],[-6.41027,42.19576],[-6.3975,42.20079],[-6.38049,42.2015],[-6.34712,42.20053],[-6.34171,42.20509],[-6.32786,42.2004],[-6.32353,42.20355],[-6.31028,42.20605],[-6.29848,42.18362],[-6.29373,42.17803],[-6.27787,42.17896],[-6.25196,42.17306],[-6.25412,42.16704],[-6.24221,42.16763],[-6.22582,42.16195],[-6.2187,42.15097],[-6.2124,42.14808],[-6.17039,42.15818],[-6.16021,42.16577],[-6.15405,42.16132],[-6.14341,42.15882],[-6.13727,42.16472],[-6.12471,42.15887],[-6.10552,42.16199],[-6.0896,42.16165],[-6.07756,42.15904],[-6.0493,42.15986],[-6.02878,42.1576],[-6.021,42.15384],[-5.99258,42.14499],[-5.9743,42.1302],[-5.9609,42.12718],[-5.95372,42.12831],[-5.94812,42.14192],[-5.9116,42.14059],[-5.90607,42.14393],[-5.89717,42.15537],[-5.881,42.14532],[-5.88482,42.13845],[-5.86927,42.12217],[-5.84485,42.11072],[-5.83807,42.11877],[-5.83208,42.11937],[-5.81215,42.12654],[-5.80533,42.12458],[-5.79034,42.12777],[-5.78794,42.13344],[-5.77671,42.13581],[-5.75513,42.13436],[-5.75208,42.12135],[-5.74323,42.11343],[-5.71751,42.115],[-5.6978,42.12077],[-5.67677,42.12034],[-5.67963,42.14023],[-5.66534,42.14115],[-5.66591,42.13687],[-5.64291,42.13056],[-5.63818,42.12214],[-5.62234,42.10939],[-5.61956,42.10302],[-5.62554,42.09282],[-5.63663,42.0858],[-5.6342,42.0814],[-5.62487,42.08355],[-5.60624,42.0795],[-5.59734,42.07944],[-5.5865,42.07119],[-5.58017,42.05845],[-5.56146,42.05786],[-5.55349,42.06304],[-5.54825,42.07913],[-5.54402,42.08622],[-5.54336,42.09938],[-5.527,42.1043],[-5.52089,42.09714],[-5.50348,42.08758],[-5.49092,42.07513],[-5.48092,42.05243],[-5.46421,42.04364],[-5.45464,42.04068],[-5.43868,42.0315],[-5.42477,42.03564],[-5.42159,42.03068],[-5.40961,42.03104],[-5.3978,42.03462],[-5.38441,42.04211],[-5.37629,42.04147],[-5.37119,42.05143],[-5.37314,42.06406],[-5.37804,42.07506],[-5.39012,42.08981],[-5.37639,42.09951],[-5.38,42.1128],[-5.37273,42.1183],[-5.37519,42.12672],[-5.37152,42.13006],[-5.37589,42.14198],[-5.38024,42.14663],[-5.37959,42.16334],[-5.38887,42.17254],[-5.38711,42.18942],[-5.38023,42.19789],[-5.38851,42.20529],[-5.3881,42.22144],[-5.38082,42.2254],[-5.37559,42.22243],[-5.36123,42.22515],[-5.35214,42.21917],[-5.34355,42.21873],[-5.33212,42.20863],[-5.31734,42.2053],[-5.31157,42.19957],[-5.29979,42.21544],[-5.29699,42.22536],[-5.28693,42.22993],[-5.2767,42.2164],[-5.26564,42.2109],[-5.25715,42.21076],[-5.24148,42.21452],[-5.23271,42.21936],[-5.22599,42.22672],[-5.22952,42.23132],[-5.24255,42.23174],[-5.254,42.23978],[-5.24812,42.24632],[-5.24469,42.26387],[-5.23872,42.26618],[-5.22845,42.26247],[-5.22031,42.27792],[-5.21314,42.27613],[-5.19791,42.26054],[-5.18272,42.26421],[-5.17816,42.27111],[-5.16424,42.27108],[-5.15611,42.27772],[-5.14432,42.28155],[-5.11958,42.30769],[-5.10878,42.31065],[-5.09375,42.30929],[-5.08705,42.29748],[-5.07071,42.27916],[-5.06404,42.27379],[-5.06819,42.26119],[-5.05481,42.25752],[-5.04592,42.26142],[-5.0416,42.26756],[-5.03695,42.28912],[-5.03835,42.29713],[-5.00214,42.28913],[-4.98668,42.29386],[-4.9735,42.28869],[-4.97026,42.29212],[-4.95675,42.29566],[-4.94799,42.31087],[-4.94602,42.32533],[-4.94074,42.33564],[-4.9425,42.34655],[-4.95292,42.34661],[-4.9653,42.34125],[-4.97968,42.3379],[-4.98349,42.34245],[-4.97715,42.34905],[-4.9777,42.35547],[-4.97174,42.36783],[-4.97233,42.37397],[-4.96126,42.37612],[-4.94483,42.37647],[-4.94158,42.38257],[-4.9333,42.3848],[-4.91142,42.38156],[-4.9034,42.38565],[-4.91125,42.39235],[-4.90838,42.39694],[-4.91483,42.41445],[-4.90643,42.41981],[-4.90498,42.42456],[-4.90992,42.43391],[-4.92036,42.43516],[-4.90635,42.44881],[-4.9,42.45068],[-4.89684,42.46907],[-4.89338,42.47692],[-4.89191,42.49192],[-4.88787,42.50895],[-4.89072,42.51666],[-4.88799,42.53703],[-4.90985,42.54118],[-4.91451,42.54472],[-4.91523,42.56024],[-4.90315,42.57721],[-4.90109,42.59472],[-4.9048,42.60314],[-4.89466,42.62386],[-4.8984,42.63559],[-4.89611,42.65838],[-4.90019,42.66677],[-4.89916,42.6738],[-4.89057,42.69283],[-4.87759,42.70416],[-4.87441,42.7097],[-4.88381,42.71258],[-4.89056,42.72326],[-4.89726,42.72437],[-4.91104,42.71879],[-4.91543,42.72364],[-4.91846,42.73423],[-4.92833,42.7369],[-4.93636,42.74447],[-4.93348,42.75337],[-4.9251,42.75934],[-4.92062,42.75747],[-4.90909,42.77943],[-4.89588,42.78517],[-4.89562,42.79385],[-4.90276,42.80902],[-4.89697,42.81729],[-4.89591,42.82708],[-4.88856,42.84113],[-4.89943,42.84924],[-4.90032,42.85999],[-4.89561,42.86396],[-4.88049,42.86594],[-4.86558,42.86055],[-4.85873,42.87648],[-4.85946,42.88377],[-4.8555,42.89171],[-4.846,42.8975],[-4.83839,42.89532],[-4.83786,42.90673],[-4.82837,42.91704],[-4.81376,42.92408],[-4.80923,42.93034],[-4.8109,42.93602],[-4.80265,42.94951],[-4.80652,42.95657],[-4.80725,42.96771],[-4.79567,42.97387],[-4.79532,42.98587],[-4.78108,42.99796],[-4.76693,43.00156],[-4.75699,43.0155],[-4.73859,43.01856],[-4.73785,43.02094],[-4.74327,43.02659],[-4.73415,43.04767],[-4.7441,43.05536],[-4.76605,43.05528],[-4.76686,43.07469],[-4.77647,43.0805],[-4.79713,43.08823],[-4.81731,43.09287],[-4.82176,43.09884],[-4.83312,43.10186],[-4.83627,43.11575],[-4.85143,43.12594],[-4.8427,43.13333],[-4.84385,43.14602],[-4.8386,43.14704],[-4.83474,43.15822],[-4.83884,43.16675],[-4.85166,43.17358],[-4.84102,43.18078],[-4.83955,43.18966],[-4.85282,43.19578],[-4.86351,43.21189],[-4.86024,43.21505],[-4.87101,43.22802],[-4.88378,43.23184],[-4.89479,43.23817],[-4.90891,43.23786],[-4.92148,43.22629],[-4.9426,43.22489],[-4.95139,43.21945],[-4.95214,43.21459],[-4.96306,43.21267],[-4.97277,43.20093],[-4.98221,43.19875],[-4.98585,43.19316],[-4.99641,43.18533],[-5.00195,43.17523],[-5.02146,43.18351],[-5.03162,43.1818],[-5.0409,43.18468],[-5.05367,43.18143],[-5.0652,43.17503],[-5.07663,43.17895],[-5.0759,43.17126],[-5.07979,43.15934],[-5.08649,43.15372],[-5.08681,43.14746],[-5.09328,43.14435],[-5.09152,43.13229],[-5.09929,43.11584],[-5.09565,43.1077],[-5.10174,43.10185],[-5.12393,43.1006],[-5.14068,43.10292],[-5.1478,43.11512],[-5.16311,43.10927],[-5.16738,43.10279],[-5.17513,43.10008],[-5.1886,43.09977],[-5.19125,43.09537],[-5.22019,43.08365],[-5.23304,43.08463],[-5.24032,43.08856],[-5.25092,43.08908],[-5.27364,43.08602],[-5.28212,43.07743],[-5.29618,43.07901],[-5.3115,43.08416],[-5.32049,43.0793],[-5.34145,43.08378],[-5.33849,43.09094],[-5.34369,43.09385],[-5.36914,43.09458],[-5.3831,43.08724],[-5.39045,43.04934],[-5.39857,43.04749],[-5.41692,43.05209],[-5.43392,43.05271],[-5.44818,43.05541],[-5.46678,43.05056],[-5.47559,43.05555],[-5.48074,43.05358],[-5.48151,43.04077],[-5.49027,43.03057],[-5.4938,43.02124],[-5.50629,43.02857],[-5.52893,43.02578],[-5.54019,43.01835],[-5.56649,43.0217],[-5.57477,43.0321],[-5.60395,43.03579],[-5.62949,43.03383],[-5.64314,43.0378],[-5.65119,43.04422],[-5.65952,43.04546],[-5.67226,43.05244],[-5.68838,43.05687],[-5.71599,43.04614],[-5.73449,43.03374],[-5.73577,43.02253],[-5.74406,43.02048],[-5.75015,43.01285],[-5.75048,43.00567],[-5.75939,42.99867],[-5.76065,42.99008],[-5.76622,42.98625],[-5.76346,42.9755],[-5.76826,42.96854],[-5.79015,42.96796],[-5.80401,42.96262],[-5.81093,42.96611],[-5.82371,42.96771],[-5.84298,42.96426],[-5.85002,42.96746],[-5.85495,42.9752],[-5.86192,42.97958],[-5.88153,42.98105],[-5.88849,42.97919],[-5.89581,42.99306],[-5.90472,42.99037],[-5.91275,42.99242],[-5.91826,43.00192],[-5.92963,43.00497],[-5.93345,43.01072],[-5.95579,43.01721],[-5.96257,43.03372],[-5.96966,43.04083],[-5.96216,43.05294],[-5.97419,43.06515],[-5.98735,43.06747],[-5.99633,43.05792],[-6.00881,43.05771],[-6.01688,43.05344],[-6.03049,43.0575],[-6.03789,43.06296],[-6.05214,43.06819],[-6.06131,43.06489],[-6.06944,43.06639],[-6.07961,43.07375],[-6.09185,43.06692],[-6.09029,43.05988],[-6.095,43.04888],[-6.08982,43.03815],[-6.10613,43.02937],[-6.11483,43.02873],[-6.12038,43.02426],[-6.13667,43.02099],[-6.14986,43.034],[-6.164,43.03754],[-6.16741,43.04245],[-6.18609,43.04955],[-6.19649,43.0427],[-6.2164,43.04696],[-6.22273,43.03523],[-6.22231,43.02942],[-6.22905,43.02217],[-6.22681,43.00891],[-6.23846,43.01438],[-6.26324,43.0159],[-6.27646,43.02957],[-6.28647,43.03525],[-6.29517,43.02691],[-6.32766,43.03211],[-6.33012,43.04333],[-6.36044,43.0584],[-6.37355,43.04111],[-6.39055,43.04044],[-6.39707,43.03808],[-6.39082,43.02582],[-6.39435,43.01661],[-6.40798,43.0185],[-6.41255,43.01515],[-6.41017,43.00092],[-6.4134,42.99387],[-6.42413,42.98762],[-6.4371,42.99303],[-6.44644,42.98217],[-6.46588,42.98636],[-6.47085,42.99168],[-6.47896,42.9887],[-6.47826,42.98013],[-6.47246,42.97732],[-6.47468,42.97062],[-6.45177,42.96595],[-6.44237,42.96688],[-6.43364,42.96416],[-6.4416,42.94861],[-6.43571,42.94264],[-6.4512,42.93548],[-6.47721,42.93398],[-6.48612,42.929],[-6.48977,42.92025],[-6.50012,42.92281],[-6.51058,42.92873],[-6.52277,42.92358],[-6.53449,42.92218],[-6.54142,42.91344],[-6.54657,42.91215],[-6.56906,42.91478],[-6.57383,42.91761],[-6.59786,42.91858],[-6.6065,42.9161],[-6.61293,42.92455],[-6.62858,42.91949],[-6.63878,42.92546],[-6.64539,42.92402],[-6.66719,42.92453],[-6.691,42.92229],[-6.69699,42.91852],[-6.71279,42.91505],[-6.72319,42.91738],[-6.73454,42.90767],[-6.74059,42.89947],[-6.74922,42.89414],[-6.75667,42.88306],[-6.77285,42.88254],[-6.76795,42.89028],[-6.77067,42.89862],[-6.78977,42.90454],[-6.80104,42.91017],[-6.82419,42.91506],[-6.84198,42.90636],[-6.83563,42.90428],[-6.82746,42.88907],[-6.82743,42.88022],[-6.81807,42.87236],[-6.82048,42.86791],[-6.83457,42.8733],[-6.83374,42.88206],[-6.87128,42.87384],[-6.8595,42.84852],[-6.84414,42.82814],[-6.84177,42.82269],[-6.85197,42.81799],[-6.85435,42.81062],[-6.867,42.80395],[-6.86874,42.79919],[-6.86401,42.79287],[-6.86743,42.78717],[-6.89078,42.77729],[-6.89691,42.7719],[-6.90149,42.76128],[-6.9356,42.74086],[-6.94689,42.74151],[-6.95652,42.75564],[-6.96785,42.7475],[-6.96591,42.74235],[-6.97282,42.73792],[-6.96904,42.7296],[-6.98374,42.71869],[-6.99019,42.72661],[-6.99941,42.72695],[-7.01354,42.72213],[-7.02903,42.71056],[-7.03766,42.70002],[-7.04519,42.69477],[-7.03421,42.68434],[-7.03183,42.67558],[-7.01551,42.66459],[-7.01002,42.64983],[-7.01783,42.64522],[-7.047,42.6327],[-7.04586,42.62207],[-7.04766,42.61267],[-7.04564,42.60381],[-7.05017,42.59794],[-7.04364,42.58967],[-7.03356,42.58409],[-7.04882,42.56926],[-7.05734,42.56472],[-7.05675,42.55765],[-7.06278,42.55326],[-7.07072,42.53843],[-7.06042,42.53624],[-7.05943,42.53058],[-7.07177,42.50989],[-7.07707,42.508]],[[-5.31395,42.26918],[-5.30644,42.27158],[-5.30068,42.26536],[-5.30332,42.252],[-5.31676,42.24956],[-5.31644,42.24112],[-5.33284,42.23872],[-5.34132,42.23275],[-5.34126,42.24627],[-5.34604,42.25104],[-5.34534,42.26777],[-5.32851,42.27415],[-5.32206,42.26773],[-5.31395,42.26918]]]},"properties":{"codi_prov":"24","provincia":"León","codi_ccaa":"07"}},{"type":"Feature","geometry":{"type":"MultiPolygon","coordinates":[[[[1.84249,42.30631],[1.835,42.31933],[1.8336,42.3274],[1.83913,42.33957],[1.83896,42.34967],[1.8453,42.35508],[1.84778,42.36425],[1.85506,42.36965],[1.85095,42.37349],[1.84009,42.37368],[1.82815,42.37934],[1.80988,42.37017],[1.80048,42.37753],[1.80723,42.38899],[1.80827,42.39873],[1.80583,42.40757],[1.8104,42.4112],[1.80723,42.41808],[1.7947,42.43051],[1.77679,42.43149],[1.76932,42.4281],[1.75852,42.43272],[1.74568,42.43301],[1.73181,42.44015],[1.72676,42.45103],[1.7263,42.46155],[1.73302,42.47363],[1.72434,42.4875],[1.7301,42.49239],[1.72566,42.50468],[1.71137,42.49226],[1.70361,42.4898],[1.69032,42.49495],[1.67617,42.49684],[1.66998,42.50419],[1.66219,42.49362],[1.66251,42.47445],[1.65702,42.46822],[1.63099,42.46453],[1.60655,42.46438],[1.60025,42.46678],[1.58569,42.46041],[1.58083,42.44998],[1.56698,42.45899],[1.55623,42.45413],[1.56023,42.44899],[1.55294,42.44338],[1.55242,42.43278],[1.52823,42.43203],[1.51754,42.42884],[1.498,42.43322],[1.48471,42.43276],[1.47534,42.4353],[1.4524,42.43698],[1.44439,42.44142],[1.44615,42.4481],[1.44117,42.45545],[1.44119,42.47536],[1.43354,42.48185],[1.41897,42.4828],[1.42556,42.49315],[1.44334,42.49522],[1.46837,42.51002],[1.45239,42.53239],[1.4525,42.53863],[1.43922,42.54347],[1.41687,42.53549],[1.42272,42.55528],[1.42628,42.55863],[1.44182,42.56446],[1.44343,42.57192],[1.43214,42.57535],[1.42648,42.5828],[1.44054,42.5944],[1.44283,42.59904],[1.42911,42.6144],[1.43066,42.61744],[1.42042,42.62495],[1.41362,42.64775],[1.4137,42.65558],[1.4032,42.65895],[1.40132,42.66478],[1.39002,42.66815],[1.38677,42.67803],[1.38988,42.68515],[1.3772,42.69453],[1.36494,42.69471],[1.35093,42.70303],[1.35735,42.71949],[1.33803,42.7185],[1.33529,42.72431],[1.3252,42.72424],[1.30919,42.71767],[1.29674,42.71949],[1.27825,42.71409],[1.2748,42.71876],[1.25291,42.71451],[1.25029,42.72006],[1.22924,42.72782],[1.2168,42.72011],[1.20998,42.72097],[1.17873,42.71318],[1.17587,42.70904],[1.16604,42.70894],[1.13311,42.72854],[1.13506,42.73592],[1.13056,42.73946],[1.13255,42.75058],[1.11933,42.76344],[1.10976,42.76573],[1.10201,42.77255],[1.08739,42.77838],[1.08337,42.78485],[1.04379,42.7811],[1.03863,42.787],[1.01126,42.78786],[1.0051,42.79087],[0.99469,42.78689],[0.98291,42.78691],[0.9786,42.79386],[0.96805,42.79957],[0.96598,42.8037],[0.94695,42.80153],[0.93333,42.78966],[0.92613,42.78939],[0.90748,42.79689],[0.9064,42.80107],[0.87995,42.815],[0.87095,42.81564],[0.85747,42.82581],[0.84375,42.82926],[0.83565,42.82808],[0.82366,42.83178],[0.81638,42.83669],[0.80082,42.84062],[0.78869,42.83618],[0.77709,42.83622],[0.76162,42.84279],[0.73595,42.84898],[0.7345,42.85436],[0.71959,42.8596],[0.70829,42.86142],[0.69151,42.85509],[0.67817,42.855],[0.67856,42.84768],[0.6593,42.83871],[0.6624,42.82847],[0.67041,42.82163],[0.66495,42.81541],[0.67083,42.80466],[0.65985,42.7983],[0.65049,42.78507],[0.65163,42.77767],[0.66681,42.77541],[0.6644,42.77144],[0.65055,42.76518],[0.64731,42.75145],[0.65944,42.75223],[0.66717,42.74145],[0.66723,42.73653],[0.6796,42.72262],[0.67383,42.71693],[0.68267,42.7089],[0.67395,42.69892],[0.67593,42.69082],[0.66006,42.69083],[0.66008,42.68785],[0.67348,42.67898],[0.68018,42.66633],[0.69247,42.65897],[0.7013,42.64257],[0.69864,42.62883],[0.70833,42.62084],[0.72103,42.6187],[0.7376,42.61245],[0.74493,42.61522],[0.76757,42.61159],[0.75953,42.58681],[0.7591,42.57433],[0.75506,42.56434],[0.74267,42.54834],[0.74197,42.54215],[0.73474,42.54035],[0.72215,42.52631],[0.72343,42.51772],[0.73926,42.50622],[0.73314,42.50442],[0.71337,42.48721],[0.70792,42.49197],[0.69778,42.4863],[0.68994,42.48684],[0.69417,42.47636],[0.70898,42.45922],[0.70649,42.44932],[0.71132,42.43517],[0.72583,42.42715],[0.73585,42.41402],[0.73432,42.40068],[0.7461,42.38478],[0.73427,42.37151],[0.7255,42.3702],[0.72327,42.36563],[0.73677,42.36205],[0.74615,42.35685],[0.76546,42.35617],[0.77131,42.35064],[0.75918,42.34837],[0.74067,42.33713],[0.74368,42.32632],[0.75918,42.3259],[0.76462,42.32248],[0.75511,42.31344],[0.75662,42.30931],[0.74483,42.30118],[0.74389,42.28573],[0.73861,42.28147],[0.73974,42.27034],[0.73419,42.25116],[0.72798,42.24622],[0.72551,42.2364],[0.71485,42.22466],[0.71684,42.21963],[0.71396,42.20968],[0.70795,42.20373],[0.70961,42.1987],[0.70262,42.1903],[0.70338,42.18563],[0.69808,42.1718],[0.71385,42.16282],[0.6955,42.15141],[0.69707,42.12791],[0.7027,42.12159],[0.69961,42.10514],[0.69436,42.09757],[0.68492,42.09195],[0.67905,42.07351],[0.66982,42.06152],[0.66622,42.04131],[0.65672,42.03973],[0.65748,42.03143],[0.65182,42.0262],[0.66022,42.00954],[0.65822,42.00258],[0.64713,41.99673],[0.64588,41.98751],[0.63532,41.99277],[0.62454,41.99209],[0.61683,41.98716],[0.61097,41.97611],[0.61037,41.9679],[0.60036,41.96183],[0.59195,41.96939],[0.5776,41.95811],[0.56188,41.93822],[0.56244,41.93269],[0.60289,41.92232],[0.59518,41.91524],[0.60098,41.90854],[0.59604,41.8914],[0.5921,41.88442],[0.60831,41.8785],[0.60748,41.87182],[0.58429,41.86381],[0.58005,41.85091],[0.55771,41.85389],[0.55147,41.84411],[0.55125,41.83128],[0.54226,41.82006],[0.5251,41.82254],[0.51053,41.82063],[0.50213,41.8144],[0.49895,41.80696],[0.48323,41.80146],[0.47382,41.78719],[0.46966,41.76562],[0.46448,41.76331],[0.44802,41.76467],[0.43828,41.76132],[0.40801,41.75924],[0.39907,41.75641],[0.39487,41.73747],[0.38474,41.74031],[0.37277,41.72391],[0.36866,41.71419],[0.34202,41.69654],[0.32877,41.68203],[0.32595,41.67465],[0.32624,41.6622],[0.33292,41.6596],[0.34941,41.63618],[0.35825,41.63197],[0.34582,41.62186],[0.34961,41.59946],[0.39203,41.59532],[0.40202,41.59272],[0.42849,41.60238],[0.43616,41.58489],[0.43014,41.5779],[0.43292,41.56901],[0.43033,41.56524],[0.43908,41.55598],[0.44618,41.54292],[0.43477,41.53408],[0.42676,41.52229],[0.41744,41.51636],[0.40816,41.50238],[0.3975,41.49066],[0.3871,41.48664],[0.37084,41.48464],[0.34658,41.48811],[0.33968,41.48333],[0.34487,41.46033],[0.35541,41.45246],[0.34754,41.44081],[0.34841,41.42673],[0.34184,41.41382],[0.33585,41.40746],[0.32004,41.39418],[0.35203,41.37402],[0.35829,41.37199],[0.37397,41.35154],[0.37283,41.3476],[0.35979,41.34128],[0.34845,41.32809],[0.35166,41.32429],[0.36459,41.32127],[0.3699,41.31577],[0.36565,41.30397],[0.36994,41.29599],[0.38569,41.27855],[0.42562,41.27426],[0.43304,41.27721],[0.43592,41.29723],[0.43225,41.31166],[0.43462,41.3203],[0.44132,41.32556],[0.45579,41.32978],[0.46162,41.33507],[0.48054,41.32238],[0.48099,41.31743],[0.49566,41.30403],[0.50516,41.28967],[0.51873,41.29169],[0.52621,41.2902],[0.53031,41.30025],[0.54205,41.31058],[0.54549,41.32275],[0.55448,41.32659],[0.57419,41.31814],[0.58085,41.31989],[0.58244,41.31087],[0.59706,41.29345],[0.61353,41.29076],[0.62901,41.29298],[0.63632,41.2975],[0.65767,41.3017],[0.66956,41.30977],[0.68831,41.31043],[0.69496,41.31401],[0.70648,41.31232],[0.71291,41.31463],[0.72422,41.31343],[0.74003,41.31786],[0.74982,41.31733],[0.75056,41.32459],[0.76274,41.3346],[0.77976,41.33202],[0.8028,41.33031],[0.81485,41.32684],[0.81915,41.3283],[0.8249,41.33904],[0.83077,41.35863],[0.845,41.3623],[0.84716,41.35473],[0.86327,41.33811],[0.88461,41.34128],[0.90147,41.34746],[0.91673,41.34944],[0.94523,41.34975],[0.95874,41.35491],[0.96208,41.36749],[0.97263,41.37329],[0.97468,41.38286],[0.98196,41.39175],[0.99297,41.3934],[1.0062,41.40557],[1.01283,41.40346],[1.02772,41.40926],[1.03142,41.4209],[1.03852,41.42156],[1.04004,41.42774],[1.04746,41.43722],[1.04641,41.44065],[1.05866,41.44418],[1.06367,41.45355],[1.07056,41.45364],[1.0755,41.45997],[1.06885,41.464],[1.05667,41.46642],[1.03746,41.47999],[1.04851,41.48754],[1.03847,41.4966],[1.03945,41.50138],[1.05627,41.4939],[1.06426,41.48739],[1.0754,41.48529],[1.08557,41.47832],[1.10458,41.47535],[1.10807,41.46717],[1.12964,41.47425],[1.13086,41.47732],[1.16184,41.48246],[1.17978,41.48843],[1.1757,41.50118],[1.16716,41.50503],[1.16362,41.5132],[1.17007,41.51924],[1.17139,41.52781],[1.1759,41.53452],[1.16801,41.54029],[1.18088,41.54329],[1.19769,41.54371],[1.21069,41.54869],[1.21574,41.56716],[1.23394,41.57138],[1.24403,41.56833],[1.25534,41.57125],[1.25869,41.56756],[1.27091,41.57205],[1.29405,41.56639],[1.30426,41.57142],[1.31221,41.56876],[1.32885,41.56697],[1.34537,41.56802],[1.37173,41.56526],[1.38043,41.56136],[1.38415,41.55592],[1.40319,41.55788],[1.40223,41.56471],[1.39501,41.56768],[1.39253,41.5752],[1.39569,41.58507],[1.40777,41.59074],[1.40733,41.60034],[1.39356,41.59971],[1.36053,41.61374],[1.36988,41.62139],[1.38632,41.62612],[1.3915,41.63433],[1.40938,41.63539],[1.43115,41.63409],[1.44891,41.63667],[1.45072,41.64635],[1.44455,41.64594],[1.433,41.65153],[1.42584,41.66177],[1.41926,41.6764],[1.42329,41.68405],[1.40415,41.68624],[1.40393,41.69448],[1.39581,41.69565],[1.40021,41.70432],[1.38386,41.70728],[1.39541,41.71591],[1.40061,41.71711],[1.4192,41.73262],[1.41875,41.73884],[1.40494,41.74508],[1.41107,41.76665],[1.42026,41.78997],[1.41658,41.79495],[1.42647,41.80185],[1.46425,41.79796],[1.47133,41.80058],[1.47302,41.78251],[1.46384,41.77594],[1.46777,41.77104],[1.47827,41.77336],[1.48808,41.77875],[1.48588,41.78852],[1.4938,41.79007],[1.50476,41.78821],[1.50821,41.77373],[1.52039,41.77021],[1.53238,41.76341],[1.53404,41.75715],[1.54475,41.75739],[1.54832,41.77045],[1.56173,41.76997],[1.56272,41.77783],[1.57464,41.782],[1.58129,41.77542],[1.59216,41.78074],[1.59983,41.78903],[1.58881,41.80473],[1.59325,41.81199],[1.61146,41.81777],[1.61544,41.8303],[1.61001,41.83613],[1.61503,41.84029],[1.63146,41.84471],[1.62647,41.84863],[1.63031,41.85878],[1.62563,41.86898],[1.61815,41.87886],[1.60133,41.88429],[1.58345,41.87354],[1.56854,41.8798],[1.57757,41.8918],[1.58595,41.88828],[1.59951,41.90239],[1.6047,41.90137],[1.61553,41.90587],[1.62202,41.91512],[1.63243,41.92053],[1.64254,41.92891],[1.65269,41.92867],[1.64241,41.94053],[1.65005,41.94492],[1.6486,41.9575],[1.64411,41.96377],[1.6452,41.97113],[1.65111,41.97838],[1.6671,41.98506],[1.67434,41.98274],[1.66872,41.97191],[1.6708,41.96835],[1.6824,41.96765],[1.69677,41.97582],[1.71011,41.97975],[1.71749,41.98436],[1.71512,41.99718],[1.70694,42.00322],[1.70747,42.00709],[1.69867,42.01381],[1.69009,42.00511],[1.69884,41.99348],[1.6914,41.98677],[1.68477,41.99513],[1.66645,41.99038],[1.66119,41.99168],[1.66191,42.00126],[1.6577,42.00291],[1.65137,42.01349],[1.6591,42.02216],[1.6697,42.01541],[1.67834,42.01839],[1.68396,42.02474],[1.6997,42.02887],[1.69436,42.03494],[1.69716,42.03962],[1.69296,42.04527],[1.68239,42.04814],[1.67947,42.03822],[1.67247,42.04067],[1.67463,42.05865],[1.68693,42.06842],[1.69118,42.08679],[1.70763,42.08244],[1.7168,42.0845],[1.7222,42.09138],[1.72287,42.10008],[1.71157,42.10172],[1.7095,42.10972],[1.7123,42.11903],[1.69956,42.12791],[1.69849,42.1346],[1.7138,42.15472],[1.72,42.15232],[1.7348,42.15895],[1.73825,42.16295],[1.73468,42.18165],[1.73796,42.18946],[1.72111,42.19607],[1.70753,42.19003],[1.69031,42.19862],[1.68595,42.20662],[1.68035,42.20624],[1.6852,42.2214],[1.6804,42.22436],[1.69992,42.23025],[1.70457,42.23882],[1.69102,42.24712],[1.68461,42.25644],[1.68541,42.26044],[1.69506,42.26384],[1.69007,42.27709],[1.68367,42.27602],[1.67042,42.28147],[1.67437,42.28528],[1.70018,42.28469],[1.71398,42.28762],[1.7195,42.28329],[1.73674,42.28458],[1.73775,42.28915],[1.76213,42.29332],[1.77455,42.29059],[1.79698,42.29745],[1.80469,42.30196],[1.82185,42.29958],[1.83275,42.30154],[1.84249,42.30631]],[[1.64527,42.11231],[1.65924,42.11476],[1.68288,42.1142],[1.69198,42.11187],[1.69093,42.10474],[1.67932,42.10326],[1.66124,42.10581],[1.64527,42.11231]]],[[[1.7197,41.89512],[1.71109,41.88771],[1.71875,41.8824],[1.72491,41.89303],[1.7197,41.89512]]]]},"properties":{"codi_prov":"25","provincia":"Lleida","codi_ccaa":"09"}},{"type":"Feature","geometry":{"type":"Polygon","coordinates":[[[-2.91362,42.02285],[-2.89118,42.01701],[-2.88383,42.00949],[-2.87286,42.01324],[-2.8583,42.02269],[-2.85678,42.02885],[-2.84464,42.03447],[-2.82287,42.04091],[-2.81515,42.0366],[-2.80638,42.04462],[-2.79834,42.04733],[-2.79838,42.05931],[-2.79495,42.06355],[-2.79683,42.07255],[-2.80286,42.07782],[-2.80157,42.0834],[-2.79236,42.09089],[-2.79161,42.10875],[-2.78214,42.11414],[-2.77485,42.12354],[-2.76542,42.12485],[-2.75117,42.11777],[-2.74549,42.12429],[-2.73467,42.12495],[-2.70672,42.10567],[-2.71043,42.09635],[-2.70842,42.08629],[-2.7346,42.06001],[-2.73849,42.04971],[-2.75202,42.03639],[-2.75574,42.02393],[-2.74617,42.00868],[-2.72717,42.01497],[-2.70514,42.01514],[-2.69627,42.0107],[-2.68465,42.00066],[-2.67358,41.99806],[-2.65979,42.00536],[-2.64251,42.00389],[-2.62664,42.0065],[-2.60969,42.00291],[-2.59661,42.00194],[-2.57991,41.99626],[-2.57525,42.00666],[-2.5653,42.01395],[-2.55602,42.03485],[-2.55128,42.03886],[-2.55203,42.0456],[-2.54443,42.05407],[-2.53539,42.05415],[-2.51488,42.06886],[-2.51474,42.07422],[-2.52266,42.08288],[-2.51826,42.09077],[-2.51468,42.11454],[-2.4959,42.11295],[-2.48437,42.10635],[-2.47177,42.11431],[-2.45862,42.11532],[-2.44915,42.12567],[-2.44649,42.13223],[-2.43846,42.13727],[-2.42816,42.13647],[-2.41763,42.13902],[-2.4014,42.13958],[-2.39721,42.13695],[-2.38787,42.14248],[-2.33215,42.14603],[-2.3182,42.14518],[-2.30783,42.14025],[-2.28839,42.13499],[-2.28216,42.1317],[-2.27891,42.12243],[-2.28257,42.11883],[-2.28205,42.10997],[-2.26959,42.08855],[-2.25889,42.08728],[-2.23784,42.10222],[-2.22408,42.09815],[-2.20888,42.10466],[-2.19688,42.10242],[-2.17134,42.10517],[-2.15888,42.10493],[-2.1355,42.10166],[-2.12732,42.09717],[-2.12724,42.08046],[-2.13541,42.07463],[-2.14262,42.07409],[-2.15204,42.06871],[-2.16191,42.06673],[-2.15477,42.04704],[-2.13839,42.03615],[-2.1289,42.02618],[-2.11701,42.02151],[-2.11524,42.01145],[-2.10763,42.00277],[-2.11211,41.99702],[-2.12407,41.99531],[-2.1161,41.96357],[-2.10996,41.95787],[-2.10044,41.95527],[-2.09112,41.95633],[-2.07622,41.95088],[-2.06224,41.95443],[-2.04529,41.95007],[-2.03741,41.94147],[-2.02831,41.95339],[-2.01308,41.94081],[-2.00134,41.93851],[-1.99835,41.93071],[-1.98144,41.91903],[-1.96134,41.9203],[-1.95486,41.92744],[-1.94056,41.92545],[-1.92149,41.93427],[-1.915,41.93383],[-1.90667,41.94559],[-1.8907,41.9478],[-1.87759,41.95243],[-1.85654,41.9664],[-1.86519,41.9776],[-1.84446,41.98695],[-1.85132,41.99807],[-1.84718,42.008],[-1.85523,42.0026],[-1.86084,42.00675],[-1.86483,42.01508],[-1.87202,42.01268],[-1.88662,42.02748],[-1.90158,42.02968],[-1.90509,42.04955],[-1.9033,42.05453],[-1.90924,42.05912],[-1.9023,42.07386],[-1.89203,42.08599],[-1.86422,42.10721],[-1.85946,42.11498],[-1.84028,42.12813],[-1.83811,42.14197],[-1.83242,42.14823],[-1.82162,42.15357],[-1.80255,42.14682],[-1.79923,42.14171],[-1.78198,42.13774],[-1.76471,42.15041],[-1.73974,42.14974],[-1.72552,42.14176],[-1.71989,42.13344],[-1.70415,42.13939],[-1.69027,42.1484],[-1.67966,42.15169],[-1.6938,42.15844],[-1.7009,42.17312],[-1.69695,42.18037],[-1.67901,42.18832],[-1.70341,42.19528],[-1.70629,42.20752],[-1.72586,42.21426],[-1.73574,42.21508],[-1.74116,42.21196],[-1.76638,42.22122],[-1.77446,42.21601],[-1.78029,42.22424],[-1.80078,42.22276],[-1.80692,42.22784],[-1.81926,42.23047],[-1.82059,42.24919],[-1.82895,42.24399],[-1.84612,42.25521],[-1.85356,42.25666],[-1.85576,42.24965],[-1.87228,42.25267],[-1.8762,42.25899],[-1.86883,42.2662],[-1.86621,42.2754],[-1.87126,42.28949],[-1.88094,42.287],[-1.89412,42.29058],[-1.91382,42.30011],[-1.90733,42.30641],[-1.90933,42.31113],[-1.91897,42.31614],[-1.91654,42.32358],[-1.92404,42.32649],[-1.93269,42.32259],[-1.94131,42.33461],[-1.9688,42.33803],[-1.96471,42.34305],[-1.97329,42.35355],[-1.99502,42.36331],[-2.0066,42.36099],[-2.0114,42.36788],[-2.01789,42.36894],[-2.02742,42.36312],[-2.0456,42.35903],[-2.05175,42.35119],[-2.06998,42.34252],[-2.08996,42.34697],[-2.09003,42.35548],[-2.07898,42.36649],[-2.09281,42.37582],[-2.08755,42.38362],[-2.11032,42.39382],[-2.11557,42.39996],[-2.10508,42.41594],[-2.11642,42.41923],[-2.13968,42.42056],[-2.14799,42.41607],[-2.15709,42.41561],[-2.15784,42.41066],[-2.17504,42.40777],[-2.18553,42.4186],[-2.19533,42.41959],[-2.20614,42.41497],[-2.21208,42.42135],[-2.22085,42.42558],[-2.23497,42.42615],[-2.23886,42.44092],[-2.26259,42.44946],[-2.27248,42.44522],[-2.27814,42.45412],[-2.28656,42.46017],[-2.29872,42.45741],[-2.30685,42.46132],[-2.31684,42.46211],[-2.32585,42.46816],[-2.33626,42.46386],[-2.33131,42.45666],[-2.33504,42.45252],[-2.3481,42.45329],[-2.35261,42.46564],[-2.36307,42.46169],[-2.37198,42.46514],[-2.37738,42.47299],[-2.38666,42.47022],[-2.40001,42.47143],[-2.41567,42.49054],[-2.42058,42.48923],[-2.43851,42.48912],[-2.4488,42.49688],[-2.47233,42.49259],[-2.47743,42.48664],[-2.51579,42.49068],[-2.51907,42.49621],[-2.51107,42.50339],[-2.5053,42.51234],[-2.5138,42.51802],[-2.51825,42.50914],[-2.53569,42.49678],[-2.53718,42.48904],[-2.53232,42.48324],[-2.554,42.48387],[-2.56565,42.4928],[-2.5727,42.49267],[-2.57717,42.48326],[-2.593,42.48123],[-2.58785,42.47376],[-2.59705,42.47301],[-2.60248,42.48017],[-2.59254,42.49257],[-2.60682,42.50268],[-2.60963,42.49629],[-2.62901,42.49574],[-2.63065,42.49062],[-2.63942,42.48459],[-2.64818,42.48366],[-2.65633,42.50368],[-2.66618,42.50982],[-2.67784,42.50957],[-2.67725,42.52404],[-2.6861,42.5201],[-2.70572,42.51666],[-2.6915,42.5418],[-2.68733,42.55955],[-2.68595,42.58266],[-2.68058,42.59421],[-2.70691,42.59969],[-2.72272,42.60874],[-2.73015,42.61702],[-2.74071,42.62244],[-2.74984,42.62383],[-2.75626,42.61884],[-2.76588,42.62016],[-2.7736,42.60703],[-2.77137,42.59634],[-2.7808,42.57963],[-2.7897,42.57831],[-2.79931,42.573],[-2.80039,42.56633],[-2.8148,42.5693],[-2.81681,42.55824],[-2.82483,42.55463],[-2.8269,42.56222],[-2.83787,42.57077],[-2.83876,42.58298],[-2.82566,42.58707],[-2.8177,42.59727],[-2.82364,42.60146],[-2.8199,42.6145],[-2.83435,42.60918],[-2.84216,42.61146],[-2.84773,42.618],[-2.84292,42.62972],[-2.85807,42.63838],[-2.86498,42.63293],[-2.87629,42.631],[-2.88353,42.62443],[-2.89275,42.62771],[-2.90446,42.62649],[-2.90444,42.62016],[-2.91601,42.61952],[-2.9242,42.62173],[-2.93387,42.63473],[-2.94713,42.63934],[-2.97039,42.6411],[-2.98057,42.63522],[-2.9905,42.64243],[-3.00476,42.64426],[-3.0145,42.64037],[-3.01801,42.63218],[-3.02691,42.63722],[-3.04079,42.64005],[-3.06935,42.63878],[-3.08415,42.64069],[-3.08107,42.63131],[-3.0864,42.62772],[-3.07046,42.62141],[-3.06467,42.60592],[-3.06354,42.59131],[-3.0862,42.58221],[-3.08236,42.57402],[-3.08828,42.56711],[-3.10243,42.55943],[-3.10376,42.55411],[-3.11491,42.55128],[-3.12709,42.54361],[-3.13427,42.54205],[-3.12533,42.53311],[-3.10746,42.52877],[-3.09992,42.53617],[-3.0893,42.53828],[-3.0719,42.5281],[-3.07645,42.52082],[-3.07514,42.50709],[-3.08041,42.49814],[-3.09325,42.49152],[-3.0893,42.47887],[-3.0823,42.47448],[-3.07331,42.47648],[-3.06421,42.47095],[-3.06099,42.46199],[-3.046,42.44515],[-3.05769,42.43391],[-3.0633,42.42491],[-3.0574,42.41716],[-3.06402,42.40428],[-3.05601,42.38514],[-3.05314,42.37342],[-3.05769,42.37012],[-3.06575,42.37447],[-3.06786,42.38002],[-3.08265,42.39738],[-3.07818,42.41575],[-3.09055,42.41991],[-3.10135,42.41678],[-3.09574,42.40518],[-3.10527,42.38637],[-3.0949,42.38374],[-3.08481,42.38539],[-3.07368,42.37176],[-3.06329,42.36285],[-3.06695,42.35504],[-3.08757,42.35218],[-3.10926,42.35188],[-3.11069,42.33858],[-3.09586,42.32691],[-3.10339,42.32078],[-3.10664,42.31332],[-3.10262,42.30895],[-3.09585,42.28745],[-3.09617,42.27902],[-3.08962,42.27305],[-3.09772,42.26309],[-3.08859,42.24573],[-3.10206,42.23336],[-3.0992,42.22498],[-3.10442,42.21298],[-3.1163,42.20584],[-3.12886,42.20094],[-3.12512,42.19324],[-3.11532,42.18827],[-3.11497,42.1788],[-3.10207,42.17208],[-3.08981,42.15935],[-3.09067,42.14859],[-3.08568,42.13422],[-3.07365,42.13585],[-3.06617,42.13332],[-3.05254,42.11871],[-3.03437,42.08596],[-3.02346,42.08927],[-3.0039,42.08333],[-2.99033,42.08751],[-2.97768,42.08394],[-2.96087,42.08429],[-2.93533,42.08941],[-2.92831,42.07465],[-2.92692,42.06652],[-2.91502,42.03808],[-2.91362,42.02285]],[[-2.93217,42.61291],[-2.92956,42.60625],[-2.92263,42.60083],[-2.92766,42.59614],[-2.93918,42.59429],[-2.94521,42.60389],[-2.93217,42.61291]],[[-2.99485,42.61337],[-2.98645,42.61475],[-2.98625,42.60705],[-2.99716,42.6021],[-2.99485,42.61337]]]},"properties":{"codi_prov":"26","provincia":"La Rioja","codi_ccaa":"17"}},{"type":"Feature","geometry":{"type":"Polygon","coordinates":[[[-7.99973,42.8489],[-7.98479,42.84243],[-7.9686,42.84961],[-7.9644,42.84223],[-7.95641,42.83975],[-7.97083,42.828],[-7.98048,42.81134],[-7.98198,42.78797],[-7.97841,42.7787],[-7.96756,42.77146],[-7.95245,42.75391],[-7.93813,42.74494],[-7.93537,42.73974],[-7.92467,42.73562],[-7.90223,42.73336],[-7.87287,42.72022],[-7.86143,42.7062],[-7.86668,42.69849],[-7.87382,42.69941],[-7.87476,42.68957],[-7.88655,42.68645],[-7.89261,42.67766],[-7.88752,42.66088],[-7.89341,42.6384],[-7.89255,42.62963],[-7.90232,42.6173],[-7.90745,42.60413],[-7.91236,42.60092],[-7.91274,42.59167],[-7.91927,42.58433],[-7.93075,42.5786],[-7.91156,42.55607],[-7.89004,42.5502],[-7.88934,42.53895],[-7.89662,42.53873],[-7.91199,42.52733],[-7.9016,42.52136],[-7.90269,42.51454],[-7.91317,42.50867],[-7.89682,42.50565],[-7.88868,42.51101],[-7.879,42.51131],[-7.87498,42.50191],[-7.8615,42.50411],[-7.84285,42.49677],[-7.84208,42.49051],[-7.82829,42.49339],[-7.80996,42.48696],[-7.80684,42.48113],[-7.7998,42.48003],[-7.78608,42.48598],[-7.77343,42.49461],[-7.76503,42.49396],[-7.76136,42.48857],[-7.74831,42.47999],[-7.75628,42.47556],[-7.76347,42.47894],[-7.77299,42.47718],[-7.78167,42.47211],[-7.77646,42.46103],[-7.75273,42.45103],[-7.73917,42.45663],[-7.7127,42.45206],[-7.70495,42.44399],[-7.70148,42.43258],[-7.68328,42.42291],[-7.66214,42.42303],[-7.65791,42.41595],[-7.64744,42.41394],[-7.6321,42.40741],[-7.62926,42.39781],[-7.62017,42.38546],[-7.61665,42.38422],[-7.60135,42.38986],[-7.59421,42.39739],[-7.57699,42.40473],[-7.56566,42.40106],[-7.54951,42.38702],[-7.53565,42.38337],[-7.51404,42.3856],[-7.49958,42.38947],[-7.4797,42.40122],[-7.46223,42.40786],[-7.44693,42.40709],[-7.43745,42.41491],[-7.42456,42.4195],[-7.40334,42.43099],[-7.40093,42.43501],[-7.38867,42.43345],[-7.3701,42.4216],[-7.35938,42.42709],[-7.34448,42.42968],[-7.31784,42.42622],[-7.30969,42.4289],[-7.29735,42.42395],[-7.29103,42.41425],[-7.27561,42.41198],[-7.26945,42.41485],[-7.24781,42.38991],[-7.2353,42.39159],[-7.22089,42.38696],[-7.22965,42.37661],[-7.22697,42.37173],[-7.23093,42.35914],[-7.21767,42.33694],[-7.20267,42.3257],[-7.19395,42.34462],[-7.19574,42.35257],[-7.19052,42.36404],[-7.18173,42.37633],[-7.17185,42.37923],[-7.16437,42.40192],[-7.1662,42.40445],[-7.14866,42.42093],[-7.15184,42.43197],[-7.14808,42.43715],[-7.12386,42.44855],[-7.11391,42.45682],[-7.10104,42.45831],[-7.10027,42.46786],[-7.09334,42.47246],[-7.08431,42.49018],[-7.07632,42.49655],[-7.07707,42.508],[-7.07177,42.50989],[-7.05943,42.53058],[-7.06042,42.53624],[-7.07072,42.53843],[-7.06278,42.55326],[-7.05675,42.55765],[-7.05734,42.56472],[-7.04882,42.56926],[-7.03356,42.58409],[-7.04364,42.58967],[-7.05017,42.59794],[-7.04564,42.60381],[-7.04766,42.61267],[-7.04586,42.62207],[-7.047,42.6327],[-7.01783,42.64522],[-7.01002,42.64983],[-7.01551,42.66459],[-7.03183,42.67558],[-7.03421,42.68434],[-7.04519,42.69477],[-7.03766,42.70002],[-7.02903,42.71056],[-7.01354,42.72213],[-6.99941,42.72695],[-6.99019,42.72661],[-6.98374,42.71869],[-6.96904,42.7296],[-6.97282,42.73792],[-6.96591,42.74235],[-6.96785,42.7475],[-6.95652,42.75564],[-6.94689,42.74151],[-6.9356,42.74086],[-6.90149,42.76128],[-6.89691,42.7719],[-6.89078,42.77729],[-6.86743,42.78717],[-6.86401,42.79287],[-6.86874,42.79919],[-6.867,42.80395],[-6.85435,42.81062],[-6.85197,42.81799],[-6.84177,42.82269],[-6.84414,42.82814],[-6.8595,42.84852],[-6.87128,42.87384],[-6.83374,42.88206],[-6.83457,42.8733],[-6.82048,42.86791],[-6.81807,42.87236],[-6.82743,42.88022],[-6.82746,42.88907],[-6.83563,42.90428],[-6.84198,42.90636],[-6.82419,42.91506],[-6.83576,42.91634],[-6.84183,42.92845],[-6.83469,42.94126],[-6.83578,42.95771],[-6.85312,42.97277],[-6.86809,42.98366],[-6.87131,42.98869],[-6.88086,42.9913],[-6.89273,42.98793],[-6.90815,42.98892],[-6.92263,43.0017],[-6.9313,43.0046],[-6.94082,43.01152],[-6.94686,43.03256],[-6.95678,43.03656],[-6.95804,43.0289],[-6.96427,43.02599],[-6.95957,43.01537],[-6.95827,42.99524],[-6.96669,42.99139],[-6.98352,43.00414],[-6.98826,43.01466],[-6.9969,43.01957],[-6.9913,43.0306],[-6.98677,43.02943],[-6.98217,43.04141],[-6.97586,43.03187],[-6.96612,43.03712],[-6.96359,43.04431],[-6.96637,43.06105],[-6.95856,43.06206],[-6.95032,43.06853],[-6.95199,43.07546],[-6.93939,43.08269],[-6.923,43.08163],[-6.91555,43.07326],[-6.90228,43.08283],[-6.89429,43.09173],[-6.87165,43.09102],[-6.8652,43.10071],[-6.83116,43.12095],[-6.82738,43.1261],[-6.82212,43.14333],[-6.83675,43.1573],[-6.83891,43.16614],[-6.84711,43.16705],[-6.85631,43.1724],[-6.86198,43.18204],[-6.8699,43.17998],[-6.88027,43.16989],[-6.88738,43.16617],[-6.88588,43.15683],[-6.9019,43.15504],[-6.90574,43.14968],[-6.91425,43.14695],[-6.92041,43.14052],[-6.93707,43.13936],[-6.93838,43.13289],[-6.94505,43.13187],[-6.95785,43.13642],[-6.96039,43.14484],[-6.97312,43.14936],[-6.98069,43.16685],[-6.97239,43.18085],[-6.96447,43.19039],[-6.97102,43.20425],[-6.98637,43.20216],[-6.99315,43.20846],[-7.00144,43.20728],[-7.00958,43.22288],[-7.017,43.22204],[-7.02055,43.21407],[-7.0341,43.22814],[-7.04657,43.23128],[-7.05066,43.23784],[-7.06159,43.24405],[-7.06529,43.24945],[-7.0716,43.26778],[-7.06643,43.27964],[-7.06417,43.30173],[-7.07394,43.30569],[-7.07956,43.30022],[-7.09109,43.29982],[-7.10127,43.30413],[-7.10723,43.31415],[-7.11254,43.31746],[-7.11571,43.32659],[-7.13165,43.33405],[-7.13279,43.34773],[-7.12835,43.35617],[-7.13158,43.3629],[-7.12753,43.3726],[-7.13902,43.38335],[-7.15045,43.37966],[-7.15627,43.37459],[-7.16247,43.37995],[-7.17696,43.38409],[-7.1824,43.39307],[-7.16876,43.40478],[-7.17641,43.4142],[-7.1724,43.41756],[-7.17284,43.43023],[-7.16133,43.43199],[-7.15193,43.42875],[-7.14204,43.4307],[-7.1269,43.42364],[-7.10952,43.42857],[-7.10269,43.42701],[-7.09766,43.43312],[-7.10084,43.4401],[-7.09034,43.44487],[-7.09137,43.45406],[-7.08367,43.45816],[-7.07852,43.46521],[-7.06189,43.47424],[-7.05729,43.47174],[-7.04707,43.47782],[-7.04891,43.48569],[-7.04401,43.49542],[-7.04662,43.50816],[-7.03873,43.52717],[-7.03244,43.53341],[-7.03319,43.54473],[-7.04137,43.55415],[-7.04651,43.55334],[-7.05616,43.55872],[-7.06776,43.55362],[-7.08122,43.55683],[-7.08892,43.55458],[-7.11595,43.56163],[-7.11954,43.55498],[-7.12805,43.55672],[-7.15799,43.55393],[-7.17316,43.55568],[-7.17719,43.56192],[-7.19362,43.56168],[-7.22371,43.56537],[-7.23451,43.56886],[-7.24498,43.56677],[-7.24207,43.55302],[-7.25575,43.54689],[-7.26148,43.55118],[-7.25262,43.55512],[-7.25656,43.56605],[-7.24596,43.57187],[-7.24786,43.57642],[-7.26324,43.5805],[-7.28508,43.59173],[-7.29276,43.59299],[-7.29656,43.60159],[-7.30777,43.6087],[-7.31058,43.61664],[-7.32335,43.62729],[-7.33134,43.62669],[-7.33756,43.6313],[-7.33652,43.63824],[-7.34985,43.64847],[-7.35454,43.65442],[-7.3571,43.67121],[-7.37393,43.67397],[-7.40423,43.68321],[-7.40704,43.68784],[-7.41865,43.69237],[-7.44015,43.69487],[-7.43941,43.69817],[-7.45662,43.69903],[-7.46415,43.70534],[-7.46982,43.70309],[-7.47878,43.71271],[-7.46972,43.72246],[-7.49253,43.72788],[-7.50428,43.72261],[-7.5152,43.72682],[-7.52434,43.7368],[-7.53455,43.72947],[-7.54642,43.73244],[-7.55707,43.72995],[-7.55027,43.72366],[-7.55186,43.71687],[-7.56556,43.70967],[-7.5845,43.71184],[-7.586,43.7084],[-7.57628,43.693],[-7.58262,43.68787],[-7.59108,43.68651],[-7.59571,43.67143],[-7.60887,43.67213],[-7.61437,43.68147],[-7.61288,43.69062],[-7.60662,43.6941],[-7.61457,43.70246],[-7.61412,43.71562],[-7.62967,43.72226],[-7.63027,43.74288],[-7.63341,43.75084],[-7.63984,43.75301],[-7.6491,43.75079],[-7.65097,43.74397],[-7.6678,43.74784],[-7.67314,43.74641],[-7.67362,43.73563],[-7.6831,43.73002],[-7.6998,43.73515],[-7.69613,43.72479],[-7.7039,43.69961],[-7.70259,43.68635],[-7.7193,43.68738],[-7.70797,43.67356],[-7.69964,43.6668],[-7.691,43.65405],[-7.69471,43.6481],[-7.70351,43.6443],[-7.71572,43.64617],[-7.71831,43.63337],[-7.73441,43.62206],[-7.73294,43.61637],[-7.72233,43.60812],[-7.72953,43.59997],[-7.72051,43.59873],[-7.71793,43.58341],[-7.72735,43.58297],[-7.74848,43.57727],[-7.74391,43.57071],[-7.75235,43.55339],[-7.75859,43.54907],[-7.74796,43.54165],[-7.75505,43.53204],[-7.74591,43.53176],[-7.74354,43.52655],[-7.75155,43.50765],[-7.7614,43.50312],[-7.75731,43.49895],[-7.76827,43.48759],[-7.76637,43.48385],[-7.7754,43.46666],[-7.77537,43.45957],[-7.78008,43.44891],[-7.78606,43.44534],[-7.79492,43.44599],[-7.80727,43.43734],[-7.81033,43.42832],[-7.80537,43.42661],[-7.81133,43.41576],[-7.8239,43.40073],[-7.83015,43.40212],[-7.84741,43.40008],[-7.85804,43.40561],[-7.88194,43.40753],[-7.89891,43.3898],[-7.88992,43.38395],[-7.88171,43.35421],[-7.88695,43.33718],[-7.89263,43.33003],[-7.90627,43.32182],[-7.90957,43.31544],[-7.93184,43.30124],[-7.94347,43.28749],[-7.93983,43.27765],[-7.92585,43.2751],[-7.92185,43.26946],[-7.93239,43.2424],[-7.94274,43.22517],[-7.94629,43.21489],[-7.96139,43.18984],[-7.95821,43.18306],[-7.95025,43.17726],[-7.95078,43.16429],[-7.94394,43.14205],[-7.94228,43.12971],[-7.93707,43.1118],[-7.92798,43.09977],[-7.91816,43.09242],[-7.92202,43.08234],[-7.94299,43.06762],[-7.93099,43.04875],[-7.93131,43.04291],[-7.91821,43.01381],[-7.91412,43.00796],[-7.914,42.99891],[-7.90531,42.9854],[-7.90857,42.96306],[-7.90817,42.95126],[-7.9163,42.9323],[-7.93859,42.92296],[-7.94332,42.91735],[-7.93551,42.90346],[-7.95405,42.88931],[-7.95618,42.88446],[-7.96474,42.87989],[-7.97789,42.87743],[-7.99355,42.85927],[-7.99973,42.8489]]]},"properties":{"codi_prov":"27","provincia":"Lugo","codi_ccaa":"12"}},{"type":"Feature","geometry":{"type":"MultiPolygon","coordinates":[[[[-3.06785,40.15791],[-3.07775,40.16617],[-3.07713,40.17251],[-3.0867,40.19235],[-3.07946,40.20838],[-3.08254,40.21446],[-3.07936,40.2237],[-3.08089,40.2294],[-3.08977,40.23876],[-3.08662,40.24528],[-3.09965,40.26142],[-3.09602,40.26909],[-3.10153,40.27809],[-3.11267,40.28548],[-3.12824,40.27879],[-3.14351,40.26639],[-3.15372,40.26371],[-3.17048,40.2437],[-3.17323,40.23675],[-3.19445,40.24804],[-3.19482,40.25508],[-3.18421,40.26971],[-3.18674,40.27899],[-3.18145,40.28851],[-3.18064,40.31332],[-3.1514,40.33525],[-3.15238,40.34367],[-3.14382,40.3529],[-3.15195,40.36846],[-3.15005,40.37311],[-3.14075,40.37778],[-3.14334,40.38753],[-3.1354,40.39011],[-3.13056,40.40518],[-3.14207,40.41246],[-3.15131,40.42713],[-3.15551,40.43942],[-3.1773,40.43919],[-3.1986,40.44225],[-3.20046,40.44634],[-3.20019,40.46385],[-3.19533,40.47859],[-3.20105,40.49982],[-3.19995,40.51445],[-3.20692,40.51929],[-3.22286,40.52596],[-3.22706,40.53624],[-3.23543,40.53285],[-3.24685,40.54202],[-3.28435,40.53516],[-3.28932,40.53156],[-3.29713,40.53752],[-3.2831,40.55096],[-3.2884,40.55864],[-3.28313,40.56362],[-3.28709,40.57213],[-3.29261,40.57302],[-3.31608,40.58407],[-3.33033,40.59737],[-3.33142,40.60394],[-3.3216,40.61172],[-3.32541,40.61783],[-3.33577,40.62466],[-3.32368,40.62969],[-3.32366,40.63838],[-3.34507,40.64169],[-3.36632,40.64803],[-3.36232,40.65374],[-3.37232,40.66911],[-3.37465,40.68011],[-3.3855,40.68398],[-3.39335,40.69246],[-3.4002,40.69144],[-3.40488,40.67669],[-3.40473,40.66964],[-3.41531,40.6718],[-3.41912,40.68032],[-3.42559,40.68237],[-3.42673,40.67236],[-3.44779,40.67747],[-3.4484,40.68203],[-3.46236,40.69312],[-3.46007,40.70349],[-3.44285,40.71933],[-3.43719,40.72289],[-3.43454,40.73216],[-3.44697,40.74136],[-3.44377,40.7547],[-3.44434,40.76158],[-3.45011,40.77185],[-3.46026,40.78127],[-3.46872,40.78451],[-3.48777,40.78581],[-3.50274,40.79097],[-3.50269,40.79713],[-3.49152,40.79901],[-3.49124,40.80811],[-3.48214,40.81549],[-3.47676,40.82541],[-3.47834,40.83887],[-3.47056,40.84177],[-3.47582,40.84992],[-3.46591,40.85716],[-3.47242,40.86434],[-3.44613,40.8767],[-3.44481,40.88679],[-3.43955,40.89107],[-3.45622,40.89921],[-3.45053,40.90535],[-3.44885,40.92253],[-3.43824,40.93152],[-3.43604,40.94613],[-3.43202,40.94946],[-3.42625,40.96247],[-3.41623,40.97581],[-3.4183,40.98756],[-3.40085,40.99549],[-3.39445,41.00028],[-3.39728,41.00629],[-3.41324,41.01856],[-3.42607,41.03162],[-3.43118,41.04167],[-3.43893,41.04267],[-3.4311,41.06228],[-3.42617,41.06538],[-3.42514,41.07324],[-3.42915,41.08418],[-3.44559,41.08101],[-3.46992,41.09224],[-3.48821,41.09403],[-3.4919,41.10019],[-3.4953,41.11584],[-3.5106,41.13729],[-3.52604,41.13915],[-3.53286,41.147],[-3.5411,41.14967],[-3.5367,41.16058],[-3.53972,41.16504],[-3.55802,41.1644],[-3.56919,41.15951],[-3.58272,41.16142],[-3.59122,41.15464],[-3.59881,41.15434],[-3.6137,41.14905],[-3.61897,41.14367],[-3.63399,41.13488],[-3.63349,41.12634],[-3.64502,41.12129],[-3.65106,41.10776],[-3.67217,41.092],[-3.67954,41.08423],[-3.6899,41.08446],[-3.71399,41.07321],[-3.72038,41.0656],[-3.73057,41.06142],[-3.74045,41.05364],[-3.739,41.04971],[-3.75554,41.02793],[-3.75905,41.02707],[-3.78137,41.00031],[-3.7935,40.99404],[-3.80314,40.99235],[-3.80944,40.98781],[-3.82123,40.98483],[-3.82909,40.98665],[-3.84451,40.98235],[-3.84741,40.97938],[-3.85931,40.97919],[-3.86996,40.97108],[-3.87904,40.9752],[-3.89518,40.96552],[-3.89864,40.95883],[-3.9072,40.9553],[-3.91166,40.94455],[-3.91718,40.94301],[-3.92176,40.92993],[-3.93795,40.92718],[-3.93706,40.91568],[-3.95228,40.89363],[-3.94251,40.88302],[-3.94724,40.87329],[-3.94711,40.86297],[-3.95689,40.84852],[-3.96248,40.84427],[-3.96574,40.83496],[-3.96212,40.82345],[-3.96832,40.81175],[-3.97553,40.80686],[-3.97996,40.79939],[-3.97812,40.78742],[-3.98975,40.78547],[-4.00285,40.78865],[-4.02132,40.78119],[-4.0422,40.78379],[-4.04697,40.79018],[-4.07009,40.79392],[-4.0767,40.78888],[-4.08104,40.7766],[-4.09669,40.76422],[-4.09431,40.7553],[-4.09699,40.74774],[-4.11044,40.74398],[-4.12521,40.72963],[-4.12569,40.72449],[-4.13606,40.71775],[-4.14567,40.69465],[-4.16023,40.68982],[-4.17157,40.68063],[-4.17355,40.66716],[-4.16887,40.66333],[-4.16792,40.64376],[-4.17285,40.63139],[-4.16118,40.62346],[-4.17675,40.61616],[-4.19627,40.61188],[-4.21362,40.60568],[-4.23998,40.60253],[-4.26214,40.60518],[-4.26657,40.61082],[-4.2711,40.62902],[-4.28413,40.63131],[-4.28918,40.62724],[-4.28927,40.60668],[-4.27886,40.60416],[-4.28343,40.59572],[-4.28121,40.58874],[-4.28902,40.57111],[-4.28926,40.56419],[-4.31125,40.55696],[-4.3237,40.54958],[-4.32397,40.5405],[-4.3282,40.5336],[-4.32037,40.53155],[-4.32112,40.51803],[-4.32735,40.50712],[-4.32464,40.49886],[-4.32409,40.47914],[-4.31861,40.46651],[-4.31966,40.45209],[-4.32952,40.4483],[-4.33181,40.44171],[-4.33848,40.43959],[-4.33927,40.43036],[-4.324,40.4183],[-4.33027,40.4083],[-4.34349,40.41189],[-4.35958,40.41134],[-4.36534,40.40692],[-4.37815,40.40727],[-4.39893,40.41104],[-4.41554,40.4096],[-4.42956,40.40026],[-4.44166,40.38887],[-4.44187,40.36272],[-4.43943,40.35076],[-4.45963,40.34293],[-4.45381,40.33309],[-4.45621,40.32072],[-4.4853,40.32114],[-4.49785,40.31596],[-4.5049,40.31544],[-4.51304,40.32117],[-4.51583,40.32902],[-4.52679,40.34487],[-4.53906,40.34049],[-4.54765,40.34038],[-4.5401,40.32787],[-4.53743,40.3103],[-4.52938,40.29312],[-4.54404,40.28518],[-4.55415,40.27636],[-4.55665,40.26437],[-4.56879,40.25871],[-4.56712,40.23985],[-4.55962,40.23429],[-4.56091,40.22279],[-4.56568,40.21819],[-4.57908,40.2172],[-4.57268,40.21265],[-4.57505,40.20673],[-4.55826,40.20283],[-4.53536,40.19934],[-4.51991,40.20222],[-4.51693,40.21472],[-4.50979,40.21919],[-4.4975,40.22162],[-4.4724,40.23143],[-4.44751,40.23365],[-4.43875,40.23721],[-4.43453,40.24431],[-4.43636,40.25511],[-4.40768,40.2737],[-4.40059,40.28192],[-4.39262,40.28694],[-4.38451,40.28827],[-4.38134,40.31249],[-4.36804,40.31384],[-4.35639,40.30862],[-4.35834,40.29467],[-4.35693,40.27034],[-4.34527,40.25288],[-4.34818,40.23798],[-4.34173,40.24045],[-4.33335,40.23822],[-4.32039,40.22761],[-4.31118,40.23452],[-4.30611,40.22178],[-4.29519,40.21888],[-4.28667,40.22793],[-4.26965,40.23602],[-4.26198,40.24757],[-4.25944,40.25861],[-4.2537,40.26289],[-4.24616,40.27421],[-4.22831,40.27487],[-4.20469,40.26903],[-4.20381,40.2873],[-4.19087,40.29735],[-4.17952,40.2934],[-4.1752,40.289],[-4.16701,40.27275],[-4.14399,40.26462],[-4.15073,40.24923],[-4.14373,40.24483],[-4.13147,40.24898],[-4.11965,40.24359],[-4.10427,40.24183],[-4.08575,40.25599],[-4.08046,40.26694],[-4.07289,40.26545],[-4.05208,40.25153],[-4.02596,40.24958],[-4.02616,40.23561],[-4.00617,40.21825],[-4.00144,40.21771],[-3.991,40.20948],[-3.97693,40.21193],[-3.95618,40.21147],[-3.9563,40.19908],[-3.94747,40.19407],[-3.93862,40.20263],[-3.93129,40.20397],[-3.91618,40.1916],[-3.89417,40.18871],[-3.86663,40.18808],[-3.85145,40.17751],[-3.8528,40.16924],[-3.83419,40.16135],[-3.81819,40.17104],[-3.81036,40.169],[-3.80675,40.17722],[-3.80004,40.1754],[-3.78455,40.16281],[-3.7791,40.15625],[-3.77856,40.14887],[-3.77143,40.13978],[-3.74626,40.13216],[-3.72989,40.14387],[-3.71981,40.14712],[-3.70293,40.1371],[-3.68372,40.13227],[-3.67789,40.13916],[-3.66731,40.14329],[-3.66583,40.13529],[-3.65633,40.12534],[-3.62121,40.11519],[-3.60763,40.10897],[-3.61615,40.09646],[-3.60373,40.09367],[-3.61036,40.08187],[-3.62334,40.08119],[-3.62822,40.07545],[-3.61657,40.06881],[-3.62424,40.0606],[-3.62309,40.05411],[-3.63966,40.05002],[-3.63559,40.04364],[-3.64923,40.0388],[-3.65555,40.03288],[-3.6635,40.03663],[-3.66774,40.02782],[-3.6768,40.02091],[-3.68683,40.02171],[-3.69989,40.01954],[-3.70799,40.01392],[-3.71462,40.00451],[-3.72175,40.00111],[-3.72534,39.98841],[-3.74675,39.97947],[-3.73716,39.96841],[-3.73531,39.96188],[-3.74656,39.96236],[-3.75888,39.96887],[-3.75113,39.95451],[-3.75449,39.9504],[-3.76662,39.94729],[-3.77023,39.95404],[-3.75797,39.95834],[-3.76317,39.96711],[-3.7868,39.95393],[-3.78215,39.94796],[-3.78642,39.94467],[-3.80122,39.94731],[-3.8017,39.95205],[-3.81033,39.95376],[-3.81767,39.94674],[-3.82438,39.94729],[-3.82932,39.94054],[-3.83013,39.93344],[-3.83589,39.93168],[-3.84004,39.94196],[-3.85282,39.93943],[-3.85932,39.93286],[-3.86916,39.93148],[-3.87548,39.9269],[-3.86745,39.91704],[-3.87543,39.91069],[-3.86894,39.90524],[-3.85979,39.90255],[-3.84488,39.90264],[-3.83455,39.89993],[-3.81489,39.88574],[-3.80642,39.88739],[-3.78978,39.89912],[-3.7788,39.91085],[-3.75937,39.91907],[-3.74846,39.92942],[-3.74387,39.9408],[-3.73058,39.94442],[-3.71111,39.95471],[-3.69759,39.94672],[-3.67764,39.96077],[-3.65905,39.9659],[-3.6345,39.96589],[-3.63138,39.9696],[-3.63799,39.98838],[-3.62925,39.99267],[-3.62249,39.99106],[-3.61037,39.99828],[-3.59458,40.0017],[-3.59001,40.01322],[-3.55119,40.01814],[-3.53061,40.01812],[-3.51971,40.02109],[-3.52207,40.02609],[-3.51531,40.04333],[-3.49032,40.04737],[-3.47237,40.04571],[-3.47007,40.0407],[-3.45556,40.04642],[-3.44677,40.04784],[-3.44787,40.03854],[-3.42933,40.03888],[-3.42598,40.04659],[-3.40994,40.04179],[-3.40226,40.03431],[-3.39393,40.03559],[-3.39424,40.04539],[-3.38505,40.05187],[-3.37692,40.04999],[-3.37473,40.05962],[-3.37913,40.06617],[-3.37771,40.07477],[-3.36049,40.07551],[-3.34617,40.08016],[-3.32775,40.07914],[-3.31179,40.06825],[-3.30249,40.05331],[-3.29001,40.05274],[-3.27621,40.04725],[-3.27422,40.05273],[-3.2573,40.05069],[-3.2565,40.05654],[-3.24569,40.05721],[-3.24362,40.05342],[-3.229,40.05605],[-3.21048,40.06166],[-3.20177,40.06629],[-3.18918,40.07737],[-3.18064,40.09009],[-3.16984,40.0906],[-3.16317,40.08371],[-3.16158,40.06493],[-3.14961,40.06602],[-3.14068,40.06318],[-3.11819,40.06143],[-3.10268,40.06733],[-3.0888,40.07059],[-3.07263,40.08313],[-3.06071,40.09056],[-3.05298,40.09939],[-3.05813,40.11396],[-3.06768,40.11984],[-3.07269,40.12989],[-3.09676,40.14239],[-3.09662,40.15575],[-3.08939,40.16291],[-3.07169,40.15599],[-3.06785,40.15791]],[[-3.38046,40.63257],[-3.36556,40.63813],[-3.36358,40.63396],[-3.37444,40.62614],[-3.38046,40.63257]]],[[[-4.27416,40.67709],[-4.28482,40.68122],[-4.31619,40.66675],[-4.32412,40.65803],[-4.31951,40.64766],[-4.28784,40.65291],[-4.2665,40.65311],[-4.25604,40.65146],[-4.25388,40.66189],[-4.26744,40.67455],[-4.27416,40.67709]]]]},"properties":{"codi_prov":"28","provincia":"Madrid","codi_ccaa":"13"}},{"type":"Feature","geometry":{"type":"Polygon","coordinates":[[[-5.25235,36.31122],[-5.247,36.31097],[-5.23832,36.3319],[-5.23334,36.34728],[-5.22049,36.37465],[-5.2112,36.37965],[-5.18413,36.40927],[-5.17635,36.41469],[-5.16649,36.41655],[-5.15494,36.41503],[-5.1448,36.42361],[-5.13433,36.42811],[-5.12123,36.42869],[-5.10759,36.43437],[-5.08342,36.44976],[-5.07544,36.4519],[-5.06001,36.4501],[-5.05127,36.45231],[-5.03299,36.46129],[-5.01708,36.46189],[-5.00912,36.45899],[-4.97702,36.47796],[-4.95441,36.48596],[-4.93508,36.49976],[-4.92773,36.49965],[-4.91218,36.50557],[-4.87896,36.50765],[-4.85613,36.50676],[-4.84243,36.50275],[-4.81161,36.49806],[-4.76962,36.48821],[-4.74566,36.48485],[-4.73103,36.48673],[-4.71166,36.48732],[-4.70426,36.49041],[-4.69492,36.49024],[-4.67584,36.50351],[-4.66163,36.50673],[-4.65403,36.50539],[-4.63842,36.50702],[-4.6314,36.51554],[-4.6169,36.54542],[-4.6093,36.55687],[-4.58653,36.57306],[-4.56683,36.57709],[-4.55848,36.58044],[-4.54274,36.57899],[-4.53537,36.58122],[-4.52988,36.58829],[-4.51021,36.59731],[-4.50367,36.60888],[-4.48179,36.63938],[-4.46216,36.66029],[-4.45453,36.665],[-4.43475,36.70008],[-4.41879,36.71698],[-4.40183,36.71951],[-4.39648,36.72199],[-4.37138,36.72028],[-4.35076,36.71694],[-4.3397,36.71262],[-4.32729,36.71139],[-4.30625,36.71398],[-4.28284,36.71405],[-4.26265,36.71104],[-4.24877,36.71031],[-4.23517,36.71231],[-4.17337,36.71596],[-4.16056,36.71986],[-4.11089,36.72493],[-4.10118,36.72847],[-4.08314,36.745],[-4.06595,36.74866],[-4.05047,36.7447],[-4.03293,36.74226],[-4.0249,36.7441],[-3.99331,36.73809],[-3.97762,36.73169],[-3.95768,36.72643],[-3.94548,36.73033],[-3.92029,36.74081],[-3.89651,36.74356],[-3.87972,36.74169],[-3.86308,36.75162],[-3.84858,36.75067],[-3.8351,36.754],[-3.80953,36.75004],[-3.79882,36.74544],[-3.79205,36.74628],[-3.7857,36.73987],[-3.77744,36.73792],[-3.78148,36.75126],[-3.77944,36.76002],[-3.78228,36.76445],[-3.76606,36.78899],[-3.77102,36.79655],[-3.76814,36.80195],[-3.7865,36.81238],[-3.79609,36.83154],[-3.8152,36.84184],[-3.81532,36.84685],[-3.82717,36.85553],[-3.84233,36.85821],[-3.86103,36.85104],[-3.87576,36.85301],[-3.89128,36.86657],[-3.9186,36.86808],[-3.92431,36.87891],[-3.92858,36.88213],[-3.94648,36.88511],[-3.9705,36.89211],[-3.98817,36.89215],[-3.99873,36.88991],[-4.01523,36.8988],[-4.03611,36.90465],[-4.04654,36.90303],[-4.05388,36.9149],[-4.08152,36.92988],[-4.08996,36.93215],[-4.09862,36.94257],[-4.09973,36.95272],[-4.11136,36.94966],[-4.14059,36.95247],[-4.16662,36.95702],[-4.16909,36.96248],[-4.17811,36.96759],[-4.19327,36.98061],[-4.20715,36.98618],[-4.21542,36.99177],[-4.22335,37.01234],[-4.23133,37.01694],[-4.25193,37.02298],[-4.26018,37.01741],[-4.27251,37.0149],[-4.27004,37.02703],[-4.27275,37.04172],[-4.2793,37.05229],[-4.28264,37.06653],[-4.28658,37.09823],[-4.28707,37.11952],[-4.29154,37.13025],[-4.29697,37.1335],[-4.30287,37.14521],[-4.30862,37.15172],[-4.32347,37.18027],[-4.32813,37.18407],[-4.33266,37.19141],[-4.33055,37.19769],[-4.32382,37.20424],[-4.34521,37.21361],[-4.36667,37.21344],[-4.37201,37.21539],[-4.38257,37.23155],[-4.38501,37.23826],[-4.37744,37.24177],[-4.37975,37.249],[-4.37606,37.25722],[-4.38081,37.26336],[-4.37772,37.27035],[-4.38387,37.27734],[-4.38957,37.27374],[-4.40364,37.27648],[-4.41306,37.27613],[-4.41912,37.2822],[-4.43351,37.27395],[-4.445,37.27759],[-4.45678,37.26189],[-4.46825,37.25656],[-4.47632,37.25706],[-4.48518,37.25248],[-4.47745,37.24563],[-4.48049,37.23866],[-4.49121,37.23558],[-4.51022,37.22128],[-4.53374,37.21212],[-4.54472,37.21739],[-4.56026,37.21933],[-4.56957,37.21664],[-4.57621,37.20916],[-4.58498,37.21121],[-4.59995,37.20996],[-4.60437,37.21466],[-4.5961,37.2242],[-4.60508,37.2369],[-4.61427,37.24205],[-4.61396,37.25493],[-4.6295,37.25455],[-4.64533,37.24685],[-4.65335,37.25583],[-4.66205,37.25768],[-4.67077,37.25286],[-4.67593,37.2581],[-4.69103,37.25185],[-4.69957,37.25678],[-4.71257,37.25393],[-4.71969,37.2597],[-4.73004,37.25346],[-4.73575,37.24483],[-4.71795,37.23989],[-4.73231,37.22615],[-4.72727,37.21373],[-4.70861,37.1977],[-4.73302,37.1849],[-4.76029,37.17708],[-4.76165,37.17098],[-4.77544,37.16809],[-4.78182,37.15896],[-4.8012,37.16012],[-4.79892,37.17213],[-4.80964,37.17317],[-4.81433,37.17962],[-4.82222,37.17897],[-4.82769,37.18688],[-4.81871,37.1919],[-4.82451,37.20033],[-4.84355,37.20067],[-4.85228,37.19862],[-4.8589,37.19071],[-4.8567,37.17357],[-4.8755,37.15819],[-4.88088,37.16314],[-4.89066,37.15505],[-4.89762,37.15603],[-4.89783,37.17036],[-4.90403,37.17522],[-4.92153,37.17495],[-4.92516,37.17066],[-4.9396,37.1757],[-4.94266,37.15759],[-4.93585,37.15621],[-4.92468,37.14856],[-4.91202,37.14408],[-4.90284,37.1376],[-4.90579,37.13187],[-4.90828,37.11528],[-4.9178,37.11061],[-4.93037,37.09979],[-4.93623,37.10043],[-4.95227,37.09436],[-4.95958,37.08546],[-4.98008,37.06883],[-5.00632,37.05678],[-5.03334,37.04904],[-5.04679,37.03995],[-5.05309,37.0306],[-5.06848,37.03258],[-5.0743,37.02941],[-5.08331,37.03147],[-5.09218,37.02701],[-5.11361,37.0211],[-5.12284,37.02769],[-5.13274,37.01152],[-5.14238,37.00386],[-5.12715,36.99541],[-5.12424,36.99126],[-5.11515,36.98896],[-5.11074,36.98395],[-5.11242,36.97645],[-5.09906,36.97234],[-5.09558,36.9683],[-5.11012,36.95933],[-5.10625,36.95595],[-5.10036,36.93403],[-5.09187,36.92062],[-5.09315,36.91195],[-5.08679,36.90501],[-5.09409,36.90034],[-5.10565,36.89779],[-5.10275,36.89136],[-5.11045,36.88902],[-5.11341,36.87356],[-5.11777,36.87091],[-5.12183,36.85789],[-5.13504,36.83837],[-5.14101,36.83774],[-5.17065,36.82438],[-5.1778,36.82938],[-5.18696,36.82901],[-5.20239,36.83836],[-5.22185,36.84249],[-5.22225,36.85074],[-5.23098,36.86123],[-5.24186,36.86174],[-5.26589,36.87543],[-5.2693,36.884],[-5.28924,36.8731],[-5.30138,36.86977],[-5.30577,36.85812],[-5.31403,36.85627],[-5.33251,36.8386],[-5.33659,36.82464],[-5.34071,36.81942],[-5.32631,36.80489],[-5.31982,36.78673],[-5.30726,36.78037],[-5.29093,36.77517],[-5.29523,36.76365],[-5.30711,36.75173],[-5.31225,36.7363],[-5.32463,36.72401],[-5.32318,36.71999],[-5.32804,36.70013],[-5.32635,36.69407],[-5.31961,36.6882],[-5.32968,36.68192],[-5.32566,36.67338],[-5.33392,36.67144],[-5.343,36.66024],[-5.36367,36.64601],[-5.38317,36.63093],[-5.40532,36.62712],[-5.41339,36.62119],[-5.4334,36.6183],[-5.4385,36.61417],[-5.45554,36.6197],[-5.45833,36.61395],[-5.45718,36.60209],[-5.46287,36.58895],[-5.47697,36.57407],[-5.48955,36.57046],[-5.49379,36.56006],[-5.50206,36.54761],[-5.51309,36.54213],[-5.52333,36.53112],[-5.53734,36.52739],[-5.53951,36.53567],[-5.5439,36.53854],[-5.56762,36.54288],[-5.57184,36.54767],[-5.57979,36.54746],[-5.59512,36.55091],[-5.60523,36.54831],[-5.61178,36.5416],[-5.60609,36.52352],[-5.60792,36.51203],[-5.59847,36.50813],[-5.58299,36.51369],[-5.57216,36.51265],[-5.5598,36.50372],[-5.53473,36.50346],[-5.52303,36.49845],[-5.51701,36.5018],[-5.51384,36.5107],[-5.4924,36.53679],[-5.47372,36.53715],[-5.46551,36.52871],[-5.46246,36.53601],[-5.45099,36.5386],[-5.43765,36.53435],[-5.43158,36.53456],[-5.42365,36.52368],[-5.41456,36.51815],[-5.40984,36.49655],[-5.40391,36.49416],[-5.39919,36.4847],[-5.3957,36.46987],[-5.37507,36.45429],[-5.36066,36.44002],[-5.35684,36.42344],[-5.34716,36.41865],[-5.33876,36.39897],[-5.3351,36.39515],[-5.33644,36.38291],[-5.33489,36.37001],[-5.32604,36.35761],[-5.32101,36.34621],[-5.31551,36.34085],[-5.32282,36.33253],[-5.31868,36.32583],[-5.29131,36.33679],[-5.27766,36.33707],[-5.26785,36.32418],[-5.2595,36.32236],[-5.25235,36.31122]]]},"properties":{"codi_prov":"29","provincia":"Málaga","codi_ccaa":"01"}},{"type":"Feature","geometry":{"type":"MultiPolygon","coordinates":[[[[-2.20779,37.91625],[-2.18492,37.90375],[-2.17215,37.88865],[-2.16322,37.89295],[-2.15723,37.89189],[-2.15027,37.8978],[-2.13436,37.89791],[-2.12261,37.9],[-2.11839,37.89413],[-2.10955,37.88977],[-2.10821,37.88099],[-2.09727,37.8769],[-2.05058,37.87956],[-2.04787,37.87491],[-2.01978,37.86895],[-2.00487,37.88001],[-1.99878,37.87583],[-1.99322,37.87954],[-1.97422,37.86847],[-1.97799,37.85977],[-1.98836,37.85346],[-1.99528,37.84139],[-1.99951,37.82314],[-1.99648,37.81901],[-2.00171,37.80491],[-2.00391,37.7918],[-2.00884,37.77495],[-2.00617,37.77003],[-2.00254,37.74778],[-1.99583,37.72805],[-2.00765,37.71979],[-2.00786,37.71207],[-2.01265,37.7006],[-2.00977,37.68679],[-2.01192,37.67254],[-2.0081,37.66978],[-2.002,37.65561],[-1.98747,37.64519],[-1.98148,37.63599],[-1.97868,37.62203],[-1.97048,37.61443],[-1.96514,37.60504],[-1.95528,37.60086],[-1.95378,37.58795],[-1.94306,37.57469],[-1.93197,37.56435],[-1.91029,37.53859],[-1.87429,37.49448],[-1.87131,37.48958],[-1.85889,37.47991],[-1.84509,37.45502],[-1.80856,37.43353],[-1.81176,37.45156],[-1.7963,37.45219],[-1.77984,37.44698],[-1.73708,37.44263],[-1.70502,37.42102],[-1.66597,37.40086],[-1.63012,37.37523],[-1.62613,37.37993],[-1.61171,37.38797],[-1.60407,37.39492],[-1.5908,37.4021],[-1.56677,37.40684],[-1.55585,37.41262],[-1.54838,37.41132],[-1.54131,37.4191],[-1.53098,37.42168],[-1.51901,37.43178],[-1.50231,37.43173],[-1.49811,37.42276],[-1.48748,37.42224],[-1.47756,37.42877],[-1.48371,37.43394],[-1.48124,37.45308],[-1.47619,37.45892],[-1.46769,37.47722],[-1.45251,37.49203],[-1.44058,37.49851],[-1.42219,37.5026],[-1.41549,37.50702],[-1.4015,37.5102],[-1.39075,37.52479],[-1.37219,37.53251],[-1.36561,37.54246],[-1.35572,37.55018],[-1.34078,37.55716],[-1.32358,37.56336],[-1.28142,37.55864],[-1.26749,37.56049],[-1.26211,37.55771],[-1.25661,37.56801],[-1.24633,37.57604],[-1.23811,37.57782],[-1.22423,37.57374],[-1.21373,37.57532],[-1.2006,37.5734],[-1.18048,37.56631],[-1.16857,37.5571],[-1.17403,37.55026],[-1.17058,37.54417],[-1.15264,37.53969],[-1.12296,37.53837],[-1.11881,37.53395],[-1.10681,37.53549],[-1.11744,37.54498],[-1.12559,37.54735],[-1.12715,37.55213],[-1.11984,37.56234],[-1.1087,37.56933],[-1.09538,37.56912],[-1.09072,37.57547],[-1.08167,37.57817],[-1.07428,37.58412],[-1.06648,37.57988],[-1.05691,37.58279],[-1.04573,37.57946],[-1.03118,37.57912],[-1.02124,37.57441],[-1.01239,37.575],[-1.01244,37.5813],[-1.00756,37.58567],[-0.98668,37.58481],[-0.98653,37.59295],[-0.97746,37.59735],[-0.97363,37.59317],[-0.97875,37.58259],[-0.9744,37.57622],[-0.95863,37.57405],[-0.95241,37.56789],[-0.97176,37.55965],[-0.95163,37.55806],[-0.93384,37.55898],[-0.91969,37.5542],[-0.91486,37.55891],[-0.90407,37.56333],[-0.87898,37.57005],[-0.86806,37.57885],[-0.8527,37.58206],[-0.84068,37.57765],[-0.83244,37.57846],[-0.82189,37.57482],[-0.80327,37.58655],[-0.78986,37.58718],[-0.7833,37.59433],[-0.7705,37.59708],[-0.75016,37.59779],[-0.73185,37.6015],[-0.71828,37.60788],[-0.71538,37.61338],[-0.69888,37.63288],[-0.71025,37.64197],[-0.72555,37.66641],[-0.73119,37.67784],[-0.73873,37.69961],[-0.74101,37.71182],[-0.73469,37.74907],[-0.74391,37.75696],[-0.74553,37.7696],[-0.74087,37.77404],[-0.74647,37.78075],[-0.75671,37.78036],[-0.74853,37.76829],[-0.74734,37.75855],[-0.73916,37.74402],[-0.73981,37.72826],[-0.74486,37.70959],[-0.73947,37.68832],[-0.73358,37.67526],[-0.73502,37.66057],[-0.72369,37.65822],[-0.72071,37.65032],[-0.72654,37.63557],[-0.74042,37.63219],[-0.75639,37.6415],[-0.77543,37.64834],[-0.78619,37.65071],[-0.80277,37.6582],[-0.82508,37.67523],[-0.84181,37.69845],[-0.85963,37.71729],[-0.85886,37.7246],[-0.85138,37.73099],[-0.84861,37.74256],[-0.84021,37.75231],[-0.82704,37.7553],[-0.8003,37.78244],[-0.80304,37.79794],[-0.79703,37.80968],[-0.77566,37.81906],[-0.76182,37.79974],[-0.76053,37.79383],[-0.75208,37.79549],[-0.75819,37.81757],[-0.76241,37.8466],[-0.77049,37.84392],[-0.78088,37.84459],[-0.78966,37.84787],[-0.80388,37.85929],[-0.8292,37.86391],[-0.8371,37.86916],[-0.85425,37.88427],[-0.85722,37.88522],[-0.90018,37.92313],[-0.92119,37.94424],[-0.93539,37.96936],[-0.94852,37.98538],[-0.96575,38.01268],[-0.98087,38.02957],[-0.9984,38.05171],[-1.00726,38.05505],[-1.0226,38.07569],[-1.03034,38.09708],[-1.03069,38.11572],[-1.03674,38.13772],[-1.02703,38.14631],[-1.00496,38.17215],[-0.99888,38.18414],[-0.9888,38.19941],[-0.97776,38.23833],[-0.96806,38.25577],[-0.96799,38.27576],[-0.97133,38.29021],[-0.98455,38.3071],[-0.98934,38.32071],[-1.01094,38.33136],[-1.02802,38.33841],[-1.05861,38.34549],[-1.08438,38.34619],[-1.0881,38.36776],[-1.08689,38.396],[-1.08798,38.4053],[-1.08522,38.42903],[-1.07719,38.43143],[-1.09416,38.43793],[-1.08201,38.44116],[-1.05937,38.45575],[-1.03449,38.47452],[-1.01369,38.49673],[-1.01765,38.50255],[-1.02605,38.52276],[-1.01592,38.53713],[-1.00916,38.55865],[-1.00152,38.57266],[-1.01204,38.60616],[-1.01585,38.63517],[-1.02395,38.64012],[-1.02614,38.65561],[-1.0429,38.66127],[-1.07286,38.68256],[-1.08438,38.68891],[-1.11578,38.71141],[-1.1169,38.73246],[-1.11967,38.73769],[-1.18378,38.75508],[-1.20897,38.74692],[-1.22882,38.74463],[-1.24969,38.73865],[-1.26266,38.73035],[-1.27493,38.71521],[-1.28374,38.70717],[-1.3066,38.69676],[-1.31252,38.69531],[-1.32819,38.68501],[-1.32936,38.68207],[-1.34308,38.67741],[-1.36655,38.70397],[-1.3838,38.69923],[-1.40212,38.69081],[-1.42169,38.67706],[-1.42822,38.66812],[-1.44768,38.64948],[-1.44335,38.63697],[-1.44781,38.615],[-1.45202,38.58146],[-1.46718,38.57559],[-1.48701,38.56374],[-1.4908,38.55636],[-1.49875,38.53207],[-1.49085,38.51621],[-1.47991,38.47979],[-1.47996,38.46672],[-1.47646,38.44711],[-1.47765,38.42115],[-1.47489,38.40888],[-1.47843,38.37644],[-1.48829,38.37316],[-1.50593,38.35935],[-1.51735,38.3568],[-1.52062,38.35302],[-1.54214,38.34231],[-1.54852,38.33221],[-1.55876,38.32504],[-1.58287,38.3134],[-1.59487,38.3116],[-1.60074,38.31387],[-1.6313,38.30873],[-1.66607,38.31083],[-1.6798,38.32545],[-1.68318,38.32559],[-1.69258,38.34489],[-1.68243,38.35523],[-1.68153,38.35961],[-1.70057,38.37391],[-1.71799,38.36696],[-1.72385,38.36812],[-1.74392,38.3808],[-1.75549,38.37512],[-1.768,38.37957],[-1.77197,38.37838],[-1.77028,38.36425],[-1.78499,38.36537],[-1.79411,38.36364],[-1.78408,38.35585],[-1.79201,38.35319],[-1.81125,38.35129],[-1.82274,38.33543],[-1.83155,38.33315],[-1.851,38.33337],[-1.85758,38.32911],[-1.87023,38.31638],[-1.89484,38.30173],[-1.9478,38.28926],[-1.96443,38.28735],[-1.98258,38.28118],[-2.00074,38.28393],[-2.02129,38.30069],[-2.03065,38.29956],[-2.04857,38.30569],[-2.06326,38.29749],[-2.07581,38.28283],[-2.08243,38.2657],[-2.11288,38.23768],[-2.14194,38.23069],[-2.15981,38.22838],[-2.1747,38.22389],[-2.187,38.21388],[-2.20577,38.20687],[-2.21329,38.20205],[-2.22336,38.18255],[-2.22254,38.17976],[-2.23045,38.16262],[-2.2457,38.14876],[-2.25132,38.13842],[-2.25087,38.12968],[-2.26134,38.11766],[-2.26567,38.10884],[-2.27401,38.10541],[-2.2954,38.0866],[-2.31126,38.08068],[-2.32563,38.0702],[-2.33761,38.04915],[-2.34418,38.02978],[-2.34122,38.02583],[-2.32309,38.01398],[-2.29837,38.0028],[-2.29627,37.9878],[-2.27639,37.95987],[-2.25825,37.94963],[-2.25278,37.93909],[-2.23755,37.92816],[-2.22877,37.92559],[-2.20779,37.91625]]],[[[-0.77139,37.69099],[-0.76491,37.69327],[-0.76989,37.70027],[-0.77615,37.69568],[-0.77139,37.69099]]]]},"properties":{"codi_prov":"30","provincia":"Murcia","codi_ccaa":"14"}},{"type":"Feature","geometry":{"type":"MultiPolygon","coordinates":[[[[-2.25071,42.89547],[-2.24148,42.88638],[-2.23963,42.86172],[-2.23269,42.84382],[-2.23581,42.83449],[-2.25295,42.82068],[-2.26769,42.81341],[-2.27041,42.80892],[-2.26859,42.79511],[-2.28101,42.78513],[-2.27558,42.77627],[-2.26621,42.75294],[-2.27197,42.74489],[-2.30626,42.73558],[-2.31685,42.73935],[-2.31831,42.7301],[-2.32367,42.72441],[-2.31285,42.70868],[-2.3146,42.70183],[-2.31236,42.68826],[-2.31638,42.68332],[-2.30572,42.67564],[-2.29358,42.67794],[-2.28935,42.66829],[-2.28848,42.65507],[-2.29334,42.65086],[-2.30437,42.65269],[-2.31517,42.65127],[-2.33218,42.64618],[-2.34489,42.63451],[-2.37605,42.63726],[-2.37212,42.64338],[-2.37626,42.65071],[-2.38881,42.65849],[-2.4035,42.65935],[-2.4158,42.66268],[-2.42961,42.65831],[-2.43048,42.65532],[-2.45008,42.64725],[-2.46452,42.62732],[-2.47106,42.62726],[-2.48307,42.61216],[-2.50008,42.61648],[-2.49039,42.58762],[-2.47251,42.58936],[-2.46221,42.58739],[-2.46001,42.57885],[-2.45324,42.56711],[-2.44379,42.57468],[-2.42957,42.59728],[-2.42112,42.60712],[-2.41198,42.60029],[-2.39933,42.59788],[-2.40003,42.5891],[-2.39584,42.58035],[-2.38995,42.54906],[-2.40025,42.5439],[-2.39824,42.52939],[-2.3922,42.51695],[-2.4093,42.51602],[-2.42206,42.51172],[-2.42353,42.49908],[-2.42058,42.48923],[-2.41567,42.49054],[-2.40001,42.47143],[-2.38666,42.47022],[-2.37738,42.47299],[-2.37198,42.46514],[-2.36307,42.46169],[-2.35261,42.46564],[-2.3481,42.45329],[-2.33504,42.45252],[-2.33131,42.45666],[-2.33626,42.46386],[-2.32585,42.46816],[-2.31684,42.46211],[-2.30685,42.46132],[-2.29872,42.45741],[-2.28656,42.46017],[-2.27814,42.45412],[-2.27248,42.44522],[-2.26259,42.44946],[-2.23886,42.44092],[-2.23497,42.42615],[-2.22085,42.42558],[-2.21208,42.42135],[-2.20614,42.41497],[-2.19533,42.41959],[-2.18553,42.4186],[-2.17504,42.40777],[-2.15784,42.41066],[-2.15709,42.41561],[-2.14799,42.41607],[-2.13968,42.42056],[-2.11642,42.41923],[-2.10508,42.41594],[-2.11557,42.39996],[-2.11032,42.39382],[-2.08755,42.38362],[-2.09281,42.37582],[-2.07898,42.36649],[-2.09003,42.35548],[-2.08996,42.34697],[-2.06998,42.34252],[-2.05175,42.35119],[-2.0456,42.35903],[-2.02742,42.36312],[-2.01789,42.36894],[-2.0114,42.36788],[-2.0066,42.36099],[-1.99502,42.36331],[-1.97329,42.35355],[-1.96471,42.34305],[-1.9688,42.33803],[-1.94131,42.33461],[-1.93269,42.32259],[-1.92404,42.32649],[-1.91654,42.32358],[-1.91897,42.31614],[-1.90933,42.31113],[-1.90733,42.30641],[-1.91382,42.30011],[-1.89412,42.29058],[-1.88094,42.287],[-1.87126,42.28949],[-1.86621,42.2754],[-1.86883,42.2662],[-1.8762,42.25899],[-1.87228,42.25267],[-1.85576,42.24965],[-1.85356,42.25666],[-1.84612,42.25521],[-1.82895,42.24399],[-1.82059,42.24919],[-1.81926,42.23047],[-1.80692,42.22784],[-1.80078,42.22276],[-1.78029,42.22424],[-1.77446,42.21601],[-1.76638,42.22122],[-1.74116,42.21196],[-1.73574,42.21508],[-1.72586,42.21426],[-1.70629,42.20752],[-1.70341,42.19528],[-1.67901,42.18832],[-1.69695,42.18037],[-1.7009,42.17312],[-1.6938,42.15844],[-1.67966,42.15169],[-1.69027,42.1484],[-1.70415,42.13939],[-1.71989,42.13344],[-1.72552,42.14176],[-1.73974,42.14974],[-1.76471,42.15041],[-1.78198,42.13774],[-1.79923,42.14171],[-1.80255,42.14682],[-1.82162,42.15357],[-1.83242,42.14823],[-1.83811,42.14197],[-1.84028,42.12813],[-1.85946,42.11498],[-1.86422,42.10721],[-1.89203,42.08599],[-1.9023,42.07386],[-1.90924,42.05912],[-1.9033,42.05453],[-1.90509,42.04955],[-1.90158,42.02968],[-1.88662,42.02748],[-1.87202,42.01268],[-1.86483,42.01508],[-1.86084,42.00675],[-1.85523,42.0026],[-1.84718,42.008],[-1.84037,42.00417],[-1.8337,41.99506],[-1.81035,41.99802],[-1.79234,41.98969],[-1.77407,41.99551],[-1.7669,41.99579],[-1.75203,41.97998],[-1.7343,41.9639],[-1.71522,41.95696],[-1.70444,41.95723],[-1.70078,41.95394],[-1.68682,41.95285],[-1.67366,41.96643],[-1.6592,41.96095],[-1.65415,41.96535],[-1.644,41.95907],[-1.61482,41.95053],[-1.60626,41.9415],[-1.59625,41.92709],[-1.57336,41.9179],[-1.55926,41.91394],[-1.52331,41.90989],[-1.50612,41.91586],[-1.50176,41.92428],[-1.47305,41.92448],[-1.45329,41.91573],[-1.44072,41.91642],[-1.42178,41.91307],[-1.41076,41.91896],[-1.40672,41.92879],[-1.39599,41.93925],[-1.38223,41.94334],[-1.38028,41.95089],[-1.38599,41.95725],[-1.37435,41.962],[-1.36627,41.98221],[-1.35149,42.00243],[-1.34108,42.01239],[-1.33952,42.01801],[-1.3282,42.02798],[-1.30482,42.04295],[-1.30332,42.0518],[-1.31274,42.06502],[-1.31059,42.07231],[-1.33522,42.07279],[-1.34421,42.07101],[-1.35228,42.07307],[-1.36525,42.09316],[-1.36676,42.10696],[-1.39888,42.12622],[-1.39999,42.12868],[-1.39282,42.14959],[-1.39837,42.15639],[-1.39455,42.16433],[-1.39191,42.18142],[-1.39521,42.19065],[-1.41337,42.20222],[-1.41753,42.21237],[-1.41636,42.222],[-1.39988,42.24551],[-1.39976,42.25642],[-1.39497,42.26377],[-1.3955,42.26946],[-1.38989,42.27853],[-1.39908,42.2913],[-1.38366,42.30373],[-1.37515,42.31572],[-1.35228,42.33952],[-1.33747,42.34555],[-1.32908,42.35539],[-1.32979,42.36131],[-1.33672,42.37237],[-1.35061,42.37007],[-1.35977,42.37836],[-1.34961,42.394],[-1.34295,42.40814],[-1.34151,42.42394],[-1.31521,42.44922],[-1.28984,42.45737],[-1.28136,42.46445],[-1.27278,42.4819],[-1.27511,42.49576],[-1.28673,42.49853],[-1.28992,42.51443],[-1.28864,42.52236],[-1.27282,42.54273],[-1.26498,42.55635],[-1.2265,42.54186],[-1.21832,42.54883],[-1.20274,42.54936],[-1.20452,42.5683],[-1.20192,42.57824],[-1.17068,42.59683],[-1.15845,42.59987],[-1.18004,42.60786],[-1.17878,42.61513],[-1.16891,42.61659],[-1.15712,42.61089],[-1.15701,42.62367],[-1.15241,42.64757],[-1.14383,42.64823],[-1.12043,42.64503],[-1.09284,42.64648],[-1.08369,42.64586],[-1.0694,42.64157],[-1.05193,42.64259],[-1.0386,42.64833],[-1.03962,42.6642],[-1.03249,42.6756],[-1.03919,42.69163],[-1.03343,42.69286],[-1.02798,42.70006],[-1.01681,42.70226],[-1.00149,42.69995],[-0.96868,42.70535],[-0.95868,42.71167],[-0.94624,42.71408],[-0.94462,42.721],[-0.9355,42.72989],[-0.93588,42.73427],[-0.92477,42.73888],[-0.92298,42.744],[-0.90109,42.74272],[-0.90054,42.76047],[-0.89469,42.76272],[-0.87596,42.75872],[-0.86484,42.76335],[-0.84753,42.78592],[-0.84991,42.79217],[-0.86001,42.79856],[-0.85144,42.80759],[-0.85544,42.82208],[-0.85305,42.82428],[-0.85751,42.83506],[-0.85645,42.84665],[-0.8478,42.84755],[-0.84142,42.85757],[-0.82935,42.86664],[-0.82241,42.86628],[-0.81543,42.87543],[-0.82123,42.89401],[-0.81791,42.90199],[-0.80913,42.90448],[-0.78295,42.92156],[-0.75213,42.92439],[-0.7432,42.91885],[-0.7272,42.91929],[-0.73226,42.92813],[-0.7304,42.94529],[-0.74478,42.9523],[-0.75178,42.96748],[-0.76738,42.9692],[-0.77235,42.96559],[-0.78768,42.96437],[-0.80529,42.95648],[-0.81051,42.9513],[-0.82269,42.95117],[-0.83727,42.95434],[-0.84577,42.95154],[-0.86386,42.95079],[-0.87317,42.95435],[-0.89473,42.95545],[-0.90248,42.96316],[-0.91409,42.96392],[-0.92124,42.95532],[-0.93405,42.95267],[-0.94519,42.95344],[-0.95803,42.96027],[-0.97494,42.96339],[-0.98139,42.97071],[-0.99706,42.97544],[-1.00617,42.9888],[-1.01931,42.99374],[-1.05333,42.99698],[-1.05903,42.996],[-1.08637,43.00284],[-1.0834,43.01132],[-1.0934,43.01184],[-1.10577,43.01658],[-1.11496,43.02396],[-1.13406,43.00829],[-1.14451,43.01349],[-1.14443,43.02399],[-1.16108,43.03327],[-1.17396,43.03763],[-1.18097,43.03262],[-1.21184,43.04968],[-1.22975,43.05551],[-1.24763,43.04262],[-1.26271,43.04382],[-1.27338,43.05532],[-1.28849,43.06384],[-1.30918,43.06888],[-1.30585,43.08026],[-1.29711,43.09535],[-1.2827,43.10869],[-1.27443,43.11359],[-1.27864,43.11871],[-1.28653,43.11647],[-1.30381,43.11548],[-1.32112,43.11273],[-1.33237,43.10784],[-1.33394,43.10283],[-1.34484,43.09444],[-1.34611,43.09047],[-1.34023,43.08111],[-1.34425,43.07317],[-1.34296,43.05437],[-1.35389,43.0283],[-1.44125,43.04627],[-1.47161,43.08079],[-1.47321,43.08673],[-1.46337,43.09801],[-1.44076,43.10763],[-1.44336,43.11162],[-1.42723,43.11675],[-1.42437,43.12498],[-1.41477,43.12753],[-1.41497,43.13543],[-1.41022,43.14243],[-1.4164,43.14921],[-1.40789,43.15542],[-1.40443,43.16223],[-1.40226,43.1775],[-1.39087,43.1863],[-1.38286,43.18747],[-1.38664,43.19423],[-1.38309,43.19967],[-1.38522,43.20867],[-1.38062,43.21467],[-1.38441,43.22143],[-1.37772,43.22978],[-1.38254,43.2531],[-1.40694,43.27184],[-1.41315,43.27349],[-1.42712,43.26708],[-1.43846,43.26658],[-1.45433,43.27146],[-1.46211,43.27144],[-1.4772,43.2769],[-1.48217,43.2811],[-1.4916,43.28106],[-1.50627,43.29356],[-1.53292,43.29374],[-1.55637,43.29109],[-1.56503,43.28799],[-1.55711,43.27982],[-1.56858,43.25739],[-1.57515,43.24992],[-1.60034,43.25455],[-1.60878,43.2519],[-1.62174,43.26363],[-1.63068,43.28502],[-1.62857,43.29239],[-1.62226,43.29956],[-1.62405,43.306],[-1.63558,43.30903],[-1.64413,43.30663],[-1.65473,43.3125],[-1.66842,43.31484],[-1.68007,43.31023],[-1.69543,43.31226],[-1.7087,43.30564],[-1.7138,43.29992],[-1.72026,43.30069],[-1.73016,43.29577],[-1.74041,43.29532],[-1.76134,43.2897],[-1.78324,43.28682],[-1.78654,43.27973],[-1.79391,43.27646],[-1.79138,43.26992],[-1.7952,43.26418],[-1.79294,43.25656],[-1.79525,43.24632],[-1.80544,43.24055],[-1.82246,43.23586],[-1.82565,43.22829],[-1.85319,43.22124],[-1.85523,43.2155],[-1.86656,43.21778],[-1.86722,43.22623],[-1.87461,43.23077],[-1.88001,43.22518],[-1.87493,43.21048],[-1.88675,43.21442],[-1.88977,43.2076],[-1.90295,43.21116],[-1.90493,43.2199],[-1.91068,43.22128],[-1.9131,43.20908],[-1.91098,43.20435],[-1.91574,43.19245],[-1.92184,43.18725],[-1.92288,43.17899],[-1.91585,43.1647],[-1.92069,43.15063],[-1.90506,43.14433],[-1.90222,43.13551],[-1.91553,43.12863],[-1.92367,43.11545],[-1.9394,43.1084],[-1.94779,43.0978],[-1.96586,43.09517],[-1.97336,43.09157],[-1.97117,43.08613],[-1.97809,43.08199],[-2.01236,43.07309],[-2.01616,43.06626],[-2.02282,43.06519],[-2.01808,43.05343],[-2.02044,43.04673],[-2.03032,43.03758],[-2.03174,43.0317],[-2.04139,43.0297],[-2.03867,43.01571],[-2.02831,42.99884],[-2.03276,42.9872],[-2.03834,42.98099],[-2.05258,42.97632],[-2.08618,42.97555],[-2.09532,42.97227],[-2.09878,42.95909],[-2.10524,42.95354],[-2.10351,42.94854],[-2.11697,42.94227],[-2.13844,42.94023],[-2.15646,42.9422],[-2.16617,42.93584],[-2.18002,42.93797],[-2.19027,42.9478],[-2.19914,42.95118],[-2.21026,42.94991],[-2.21623,42.94199],[-2.21551,42.93689],[-2.23216,42.93179],[-2.23782,42.92145],[-2.23776,42.896],[-2.25071,42.89547]]],[[[-1.18047,42.4256],[-1.18424,42.41016],[-1.18899,42.40418],[-1.18467,42.40085],[-1.17169,42.40653],[-1.15928,42.40946],[-1.15471,42.41378],[-1.15415,42.42779],[-1.1453,42.43649],[-1.15228,42.44202],[-1.16344,42.43224],[-1.18047,42.4256]]],[[[-1.12939,42.4474],[-1.11693,42.44511],[-1.10757,42.44075],[-1.09029,42.43953],[-1.0669,42.43432],[-1.05712,42.43386],[-1.05247,42.44535],[-1.06389,42.45329],[-1.06965,42.46649],[-1.08766,42.47566],[-1.0852,42.48357],[-1.09891,42.48611],[-1.10758,42.47868],[-1.11918,42.46119],[-1.12586,42.4569],[-1.12939,42.4474]]]]},"properties":{"codi_prov":"31","provincia":"Navarra","codi_ccaa":"15"}},{"type":"Feature","geometry":{"type":"Polygon","coordinates":[[[-7.07707,42.508],[-7.07632,42.49655],[-7.08431,42.49018],[-7.09334,42.47246],[-7.10027,42.46786],[-7.10104,42.45831],[-7.11391,42.45682],[-7.12386,42.44855],[-7.14808,42.43715],[-7.15184,42.43197],[-7.14866,42.42093],[-7.1662,42.40445],[-7.16437,42.40192],[-7.17185,42.37923],[-7.18173,42.37633],[-7.19052,42.36404],[-7.19574,42.35257],[-7.19395,42.34462],[-7.20267,42.3257],[-7.21767,42.33694],[-7.23093,42.35914],[-7.22697,42.37173],[-7.22965,42.37661],[-7.22089,42.38696],[-7.2353,42.39159],[-7.24781,42.38991],[-7.26945,42.41485],[-7.27561,42.41198],[-7.29103,42.41425],[-7.29735,42.42395],[-7.30969,42.4289],[-7.31784,42.42622],[-7.34448,42.42968],[-7.35938,42.42709],[-7.3701,42.4216],[-7.38867,42.43345],[-7.40093,42.43501],[-7.40334,42.43099],[-7.42456,42.4195],[-7.43745,42.41491],[-7.44693,42.40709],[-7.46223,42.40786],[-7.4797,42.40122],[-7.49958,42.38947],[-7.51404,42.3856],[-7.53565,42.38337],[-7.54951,42.38702],[-7.56566,42.40106],[-7.57699,42.40473],[-7.59421,42.39739],[-7.60135,42.38986],[-7.61665,42.38422],[-7.62017,42.38546],[-7.62926,42.39781],[-7.6321,42.40741],[-7.64744,42.41394],[-7.65791,42.41595],[-7.66214,42.42303],[-7.68328,42.42291],[-7.70148,42.43258],[-7.70495,42.44399],[-7.7127,42.45206],[-7.73917,42.45663],[-7.75273,42.45103],[-7.77646,42.46103],[-7.78167,42.47211],[-7.77299,42.47718],[-7.76347,42.47894],[-7.75628,42.47556],[-7.74831,42.47999],[-7.76136,42.48857],[-7.76503,42.49396],[-7.77343,42.49461],[-7.78608,42.48598],[-7.7998,42.48003],[-7.80684,42.48113],[-7.80996,42.48696],[-7.82829,42.49339],[-7.84208,42.49051],[-7.84285,42.49677],[-7.8615,42.50411],[-7.87498,42.50191],[-7.879,42.51131],[-7.88868,42.51101],[-7.89682,42.50565],[-7.91317,42.50867],[-7.90269,42.51454],[-7.9016,42.52136],[-7.91199,42.52733],[-7.89662,42.53873],[-7.88934,42.53895],[-7.89004,42.5502],[-7.91156,42.55607],[-7.93075,42.5786],[-7.96123,42.56722],[-7.97324,42.5664],[-7.99249,42.5725],[-8.00066,42.56656],[-8.00245,42.55866],[-8.01185,42.55196],[-8.01863,42.54222],[-8.03143,42.54559],[-8.0348,42.55069],[-8.04844,42.55491],[-8.05938,42.54869],[-8.06482,42.55232],[-8.07755,42.55327],[-8.09201,42.5572],[-8.09448,42.55422],[-8.11184,42.55574],[-8.12982,42.55242],[-8.13663,42.55412],[-8.14684,42.54867],[-8.16168,42.55742],[-8.16767,42.56719],[-8.17386,42.57197],[-8.18833,42.56215],[-8.18961,42.55571],[-8.20378,42.5487],[-8.21758,42.53386],[-8.22641,42.53851],[-8.23886,42.53851],[-8.25059,42.53092],[-8.27137,42.52067],[-8.27476,42.50839],[-8.28457,42.50609],[-8.29137,42.49606],[-8.30273,42.49021],[-8.31318,42.49498],[-8.32284,42.49493],[-8.33155,42.49159],[-8.34049,42.4924],[-8.34207,42.48443],[-8.3577,42.47971],[-8.34798,42.46885],[-8.34202,42.4657],[-8.33974,42.45325],[-8.33584,42.448],[-8.33918,42.44137],[-8.33826,42.43343],[-8.3303,42.42062],[-8.31868,42.38893],[-8.3147,42.38098],[-8.3245,42.36921],[-8.31746,42.3563],[-8.32506,42.35204],[-8.3247,42.34505],[-8.31121,42.34379],[-8.30297,42.33494],[-8.29145,42.32699],[-8.28569,42.31875],[-8.27474,42.31496],[-8.26195,42.31538],[-8.26156,42.3089],[-8.26648,42.29877],[-8.26719,42.28786],[-8.27259,42.28015],[-8.26797,42.27195],[-8.2686,42.26353],[-8.26458,42.25286],[-8.25047,42.24531],[-8.24167,42.24499],[-8.23423,42.23445],[-8.22299,42.23324],[-8.21212,42.2358],[-8.20345,42.24452],[-8.16503,42.24601],[-8.17231,42.23166],[-8.16234,42.22727],[-8.166,42.22039],[-8.17372,42.22005],[-8.1903,42.21293],[-8.17478,42.20379],[-8.17751,42.19501],[-8.17481,42.18403],[-8.16208,42.18161],[-8.16633,42.17275],[-8.17352,42.17159],[-8.18166,42.15774],[-8.19867,42.15429],[-8.18794,42.1379],[-8.19344,42.12944],[-8.1918,42.11433],[-8.18878,42.11121],[-8.1859,42.09724],[-8.18785,42.09214],[-8.18492,42.08333],[-8.18782,42.07453],[-8.1822,42.06508],[-8.17037,42.06732],[-8.15962,42.07578],[-8.14964,42.07933],[-8.13795,42.0758],[-8.11869,42.08232],[-8.0966,42.07227],[-8.08817,42.0576],[-8.08445,42.04734],[-8.08276,42.02825],[-8.08603,42.0165],[-8.09314,42.01177],[-8.11501,42.00487],[-8.12471,42.00663],[-8.13035,42.00358],[-8.14076,41.98869],[-8.16258,41.98284],[-8.16279,41.97592],[-8.17483,41.95527],[-8.18922,41.94741],[-8.21034,41.92359],[-8.21683,41.91345],[-8.21639,41.90466],[-8.21262,41.89766],[-8.2014,41.88799],[-8.19933,41.8737],[-8.19121,41.87672],[-8.18334,41.87494],[-8.17161,41.87898],[-8.16635,41.86237],[-8.16177,41.86098],[-8.16501,41.81812],[-8.15433,41.81799],[-8.1309,41.80887],[-8.12101,41.81138],[-8.10454,41.81179],[-8.09391,41.80804],[-8.07273,41.81346],[-8.0655,41.81745],[-8.05765,41.81573],[-8.04133,41.8252],[-8.03905,41.82985],[-8.0301,41.82957],[-8.0126,41.83354],[-8.00597,41.84707],[-7.99442,41.85421],[-7.98866,41.86752],[-7.97456,41.87532],[-7.96039,41.87556],[-7.94883,41.87102],[-7.92848,41.87785],[-7.9213,41.88182],[-7.91008,41.90735],[-7.90974,41.92247],[-7.90634,41.9271],[-7.88796,41.92679],[-7.88371,41.91839],[-7.8874,41.90732],[-7.88443,41.88906],[-7.88823,41.86609],[-7.89224,41.8602],[-7.88163,41.85612],[-7.87288,41.84661],[-7.86631,41.85888],[-7.8499,41.86159],[-7.84191,41.86601],[-7.84518,41.88128],[-7.80243,41.88198],[-7.77836,41.88688],[-7.7635,41.89901],[-7.75323,41.89823],[-7.74504,41.89311],[-7.73335,41.89228],[-7.72212,41.90045],[-7.70414,41.90735],[-7.6973,41.90721],[-7.68781,41.90219],[-7.67816,41.89323],[-7.6669,41.88912],[-7.65386,41.8812],[-7.62542,41.87991],[-7.6184,41.88509],[-7.60746,41.87947],[-7.59198,41.88064],[-7.58408,41.87568],[-7.59853,41.86921],[-7.60024,41.86041],[-7.61158,41.84673],[-7.61443,41.8364],[-7.61143,41.82919],[-7.59877,41.83313],[-7.5739,41.82972],[-7.55899,41.8344],[-7.55112,41.83379],[-7.52068,41.84216],[-7.50548,41.85076],[-7.5133,41.86212],[-7.50222,41.86939],[-7.49129,41.87125],[-7.48526,41.8613],[-7.47421,41.86376],[-7.45249,41.86509],[-7.44561,41.85779],[-7.44883,41.85282],[-7.44754,41.84489],[-7.426,41.83057],[-7.43059,41.82138],[-7.42512,41.81751],[-7.428,41.80817],[-7.40883,41.81672],[-7.39759,41.82637],[-7.39154,41.83509],[-7.38996,41.84231],[-7.37547,41.84678],[-7.36391,41.85284],[-7.35644,41.84053],[-7.34121,41.84426],[-7.32074,41.84427],[-7.31501,41.84283],[-7.30098,41.85158],[-7.28383,41.85222],[-7.26949,41.8609],[-7.25781,41.86593],[-7.24433,41.86889],[-7.23266,41.86723],[-7.21956,41.87283],[-7.20833,41.88001],[-7.19673,41.87998],[-7.18518,41.89645],[-7.18226,41.91193],[-7.17342,41.91921],[-7.18002,41.93165],[-7.18394,41.93301],[-7.18746,41.94747],[-7.18216,41.95184],[-7.18601,41.97026],[-7.17942,41.97956],[-7.15529,41.97902],[-7.15192,41.98661],[-7.14145,41.99076],[-7.11899,41.98659],[-7.11114,41.98212],[-7.0875,41.97348],[-7.0846,41.96406],[-7.07695,41.95194],[-7.06538,41.94892],[-7.0512,41.94953],[-7.04603,41.95337],[-7.02565,41.95017],[-7.00624,41.95057],[-6.99878,41.96285],[-6.98576,41.97104],[-6.98642,41.97872],[-6.99166,41.98605],[-6.98648,41.99484],[-6.97951,42.00021],[-6.97631,42.00905],[-6.97091,42.01352],[-6.96645,42.02385],[-6.96114,42.0272],[-6.96467,42.03368],[-6.9731,42.03911],[-6.97479,42.05516],[-6.99469,42.05144],[-7.00778,42.05156],[-7.01615,42.05477],[-7.02206,42.06087],[-7.03101,42.0633],[-7.03358,42.07424],[-7.01972,42.08329],[-7.00247,42.08436],[-7.00275,42.09649],[-6.98884,42.10824],[-6.98918,42.12175],[-6.97176,42.12461],[-6.95552,42.12927],[-6.94865,42.13559],[-6.94559,42.14442],[-6.93858,42.17684],[-6.91464,42.18904],[-6.90085,42.18947],[-6.88824,42.20227],[-6.89273,42.20766],[-6.88656,42.21454],[-6.85558,42.22687],[-6.84364,42.22831],[-6.83017,42.22632],[-6.81657,42.22094],[-6.80249,42.21875],[-6.79664,42.20897],[-6.79031,42.21694],[-6.79609,42.22179],[-6.79436,42.22808],[-6.80308,42.23904],[-6.79607,42.24238],[-6.79078,42.25296],[-6.78437,42.25373],[-6.767,42.25746],[-6.76503,42.27274],[-6.75301,42.28795],[-6.74115,42.29866],[-6.74317,42.30329],[-6.73615,42.31106],[-6.73688,42.32516],[-6.7405,42.3287],[-6.73395,42.35911],[-6.74169,42.36012],[-6.75784,42.36756],[-6.76654,42.36505],[-6.77416,42.37883],[-6.78798,42.38258],[-6.8208,42.38564],[-6.82348,42.39189],[-6.83357,42.39546],[-6.84351,42.40585],[-6.83128,42.40835],[-6.82892,42.41677],[-6.82096,42.42141],[-6.82481,42.42589],[-6.82006,42.43953],[-6.82203,42.45443],[-6.81145,42.46118],[-6.8086,42.46945],[-6.81474,42.47389],[-6.81808,42.48132],[-6.82547,42.48571],[-6.82273,42.49052],[-6.83704,42.49549],[-6.84102,42.48896],[-6.84918,42.48672],[-6.86056,42.48909],[-6.87601,42.49828],[-6.90988,42.50823],[-6.92505,42.51944],[-6.95922,42.51808],[-6.96504,42.51337],[-6.97355,42.49401],[-6.98119,42.49357],[-7.00446,42.50393],[-7.01963,42.50156],[-7.02869,42.49786],[-7.03264,42.50434],[-7.05188,42.50864],[-7.05988,42.5066],[-7.07707,42.508]]]},"properties":{"codi_prov":"32","provincia":"Ourense","codi_ccaa":"12"}},{"type":"Feature","geometry":{"type":"Polygon","coordinates":[[[-4.84102,43.18078],[-4.82332,43.17833],[-4.81657,43.1833],[-4.81061,43.18119],[-4.78672,43.18578],[-4.77899,43.19208],[-4.75427,43.184],[-4.74352,43.18443],[-4.73362,43.19102],[-4.73713,43.196],[-4.73647,43.20694],[-4.72813,43.218],[-4.73067,43.22344],[-4.72101,43.22951],[-4.7226,43.24058],[-4.73012,43.25505],[-4.70109,43.26489],[-4.67338,43.26755],[-4.65832,43.26416],[-4.64986,43.26806],[-4.63447,43.2683],[-4.63698,43.2743],[-4.62084,43.28791],[-4.6069,43.29662],[-4.59798,43.29814],[-4.591,43.2931],[-4.57339,43.28908],[-4.56153,43.29],[-4.55026,43.28569],[-4.55361,43.27944],[-4.54737,43.26898],[-4.53821,43.26921],[-4.53267,43.27532],[-4.52152,43.28041],[-4.51857,43.29404],[-4.52017,43.31466],[-4.52703,43.32761],[-4.523,43.33809],[-4.53663,43.34246],[-4.53767,43.3473],[-4.53185,43.359],[-4.53438,43.36768],[-4.52357,43.36932],[-4.51045,43.38175],[-4.51243,43.39328],[-4.53423,43.39991],[-4.54601,43.39976],[-4.55751,43.39319],[-4.56653,43.39201],[-4.57768,43.3972],[-4.58857,43.3983],[-4.61786,43.39581],[-4.64438,43.40268],[-4.65238,43.4007],[-4.6659,43.40637],[-4.68087,43.40923],[-4.69201,43.40791],[-4.69823,43.41241],[-4.70721,43.41042],[-4.719,43.41637],[-4.73857,43.41648],[-4.74679,43.42182],[-4.76415,43.42574],[-4.76974,43.43001],[-4.78591,43.43046],[-4.80344,43.43305],[-4.82931,43.43901],[-4.84793,43.44539],[-4.87186,43.44162],[-4.88431,43.44847],[-4.89571,43.44861],[-4.89955,43.45198],[-4.91019,43.45202],[-4.91626,43.45732],[-4.92846,43.46061],[-4.93651,43.45796],[-4.94637,43.46115],[-4.9545,43.46002],[-4.9751,43.46227],[-4.98164,43.45945],[-5.00427,43.45987],[-5.01324,43.45856],[-5.02206,43.46151],[-5.0374,43.46075],[-5.05498,43.46427],[-5.05615,43.46835],[-5.07616,43.46755],[-5.08153,43.47441],[-5.09667,43.47713],[-5.09935,43.47484],[-5.11604,43.477],[-5.12276,43.48447],[-5.14935,43.4777],[-5.15449,43.47917],[-5.17752,43.47458],[-5.18255,43.47665],[-5.20452,43.47453],[-5.22143,43.47689],[-5.22699,43.4865],[-5.24487,43.49511],[-5.25091,43.50145],[-5.26568,43.50526],[-5.26985,43.50929],[-5.26657,43.51871],[-5.29529,43.53507],[-5.30901,43.53243],[-5.3276,43.53424],[-5.3375,43.53262],[-5.34911,43.53424],[-5.35293,43.53091],[-5.36595,43.53354],[-5.38583,43.53516],[-5.38918,43.54075],[-5.3995,43.54459],[-5.40018,43.55154],[-5.41325,43.55487],[-5.43391,43.55021],[-5.44023,43.55262],[-5.45039,43.55088],[-5.46975,43.55095],[-5.49539,43.54477],[-5.51793,43.55168],[-5.53408,43.54754],[-5.56812,43.55077],[-5.58511,43.55001],[-5.59116,43.54784],[-5.60945,43.54995],[-5.61715,43.5578],[-5.62881,43.55013],[-5.63921,43.55162],[-5.65398,43.54142],[-5.69446,43.54621],[-5.68041,43.55615],[-5.68439,43.56071],[-5.69398,43.55103],[-5.70096,43.56303],[-5.69301,43.56513],[-5.69602,43.57308],[-5.70946,43.57267],[-5.71164,43.56833],[-5.7347,43.57343],[-5.74912,43.58513],[-5.75704,43.58417],[-5.77119,43.60223],[-5.76775,43.60528],[-5.78495,43.61257],[-5.78815,43.62898],[-5.7946,43.63627],[-5.80502,43.63598],[-5.82062,43.64276],[-5.82595,43.63957],[-5.83482,43.64425],[-5.83535,43.65185],[-5.84262,43.65723],[-5.85753,43.65602],[-5.86142,43.64894],[-5.85845,43.64015],[-5.8679,43.63134],[-5.87771,43.62957],[-5.88774,43.62314],[-5.89939,43.62722],[-5.90644,43.62346],[-5.91394,43.6094],[-5.92839,43.59911],[-5.93354,43.60139],[-5.94566,43.5986],[-5.94186,43.58822],[-5.96037,43.57857],[-5.97472,43.58151],[-5.97744,43.57834],[-5.99258,43.57692],[-6.01247,43.58047],[-6.02249,43.58571],[-6.03047,43.58553],[-6.03678,43.57895],[-6.0669,43.56568],[-6.08939,43.56334],[-6.09201,43.55875],[-6.10287,43.56107],[-6.11238,43.55566],[-6.13289,43.55873],[-6.13693,43.56464],[-6.14928,43.56485],[-6.16945,43.56946],[-6.1828,43.56361],[-6.192,43.56984],[-6.20449,43.5736],[-6.20878,43.58196],[-6.21719,43.57906],[-6.23182,43.58862],[-6.24261,43.58865],[-6.2568,43.57747],[-6.26755,43.57894],[-6.2858,43.5699],[-6.30698,43.56297],[-6.31426,43.56447],[-6.33846,43.55898],[-6.3479,43.55252],[-6.37084,43.55157],[-6.39686,43.56045],[-6.40152,43.55706],[-6.41713,43.55867],[-6.41977,43.55427],[-6.42975,43.55276],[-6.46067,43.56522],[-6.47009,43.57115],[-6.47507,43.56103],[-6.47225,43.55158],[-6.4823,43.55296],[-6.48868,43.54896],[-6.50726,43.55082],[-6.51281,43.54721],[-6.52379,43.55047],[-6.53528,43.54621],[-6.5461,43.5531],[-6.55503,43.55169],[-6.56403,43.55653],[-6.57999,43.55718],[-6.59054,43.55331],[-6.60369,43.55696],[-6.61987,43.56551],[-6.62495,43.57235],[-6.63336,43.56864],[-6.6409,43.56924],[-6.66634,43.56568],[-6.67468,43.56018],[-6.68421,43.55879],[-6.70144,43.56392],[-6.71012,43.56391],[-6.72459,43.556],[-6.74074,43.5616],[-6.7458,43.56617],[-6.75732,43.5615],[-6.77029,43.56616],[-6.78136,43.56534],[-6.78459,43.55612],[-6.79348,43.55763],[-6.80977,43.55455],[-6.82634,43.56541],[-6.83805,43.567],[-6.84827,43.56457],[-6.8532,43.56711],[-6.87001,43.56786],[-6.87403,43.56311],[-6.90176,43.57048],[-6.90733,43.56675],[-6.91682,43.573],[-6.93344,43.5697],[-6.94908,43.57153],[-6.9556,43.56379],[-6.96951,43.56189],[-6.97406,43.55675],[-6.98354,43.55786],[-6.99641,43.55408],[-7.00319,43.55743],[-7.01156,43.5557],[-7.02224,43.55935],[-7.0221,43.54871],[-7.03319,43.54473],[-7.03244,43.53341],[-7.03873,43.52717],[-7.04662,43.50816],[-7.04401,43.49542],[-7.04891,43.48569],[-7.04707,43.47782],[-7.05729,43.47174],[-7.06189,43.47424],[-7.07852,43.46521],[-7.08367,43.45816],[-7.09137,43.45406],[-7.09034,43.44487],[-7.10084,43.4401],[-7.09766,43.43312],[-7.10269,43.42701],[-7.10952,43.42857],[-7.1269,43.42364],[-7.14204,43.4307],[-7.15193,43.42875],[-7.16133,43.43199],[-7.17284,43.43023],[-7.1724,43.41756],[-7.17641,43.4142],[-7.16876,43.40478],[-7.1824,43.39307],[-7.17696,43.38409],[-7.16247,43.37995],[-7.15627,43.37459],[-7.15045,43.37966],[-7.13902,43.38335],[-7.12753,43.3726],[-7.13158,43.3629],[-7.12835,43.35617],[-7.13279,43.34773],[-7.13165,43.33405],[-7.11571,43.32659],[-7.11254,43.31746],[-7.10723,43.31415],[-7.10127,43.30413],[-7.09109,43.29982],[-7.07956,43.30022],[-7.07394,43.30569],[-7.06417,43.30173],[-7.06643,43.27964],[-7.0716,43.26778],[-7.06529,43.24945],[-7.06159,43.24405],[-7.05066,43.23784],[-7.04657,43.23128],[-7.0341,43.22814],[-7.02055,43.21407],[-7.017,43.22204],[-7.00958,43.22288],[-7.00144,43.20728],[-6.99315,43.20846],[-6.98637,43.20216],[-6.97102,43.20425],[-6.96447,43.19039],[-6.97239,43.18085],[-6.98069,43.16685],[-6.97312,43.14936],[-6.96039,43.14484],[-6.95785,43.13642],[-6.94505,43.13187],[-6.93838,43.13289],[-6.93707,43.13936],[-6.92041,43.14052],[-6.91425,43.14695],[-6.90574,43.14968],[-6.9019,43.15504],[-6.88588,43.15683],[-6.88738,43.16617],[-6.88027,43.16989],[-6.8699,43.17998],[-6.86198,43.18204],[-6.85631,43.1724],[-6.84711,43.16705],[-6.83891,43.16614],[-6.83675,43.1573],[-6.82212,43.14333],[-6.82738,43.1261],[-6.83116,43.12095],[-6.8652,43.10071],[-6.87165,43.09102],[-6.89429,43.09173],[-6.90228,43.08283],[-6.91555,43.07326],[-6.923,43.08163],[-6.93939,43.08269],[-6.95199,43.07546],[-6.95032,43.06853],[-6.95856,43.06206],[-6.96637,43.06105],[-6.96359,43.04431],[-6.96612,43.03712],[-6.97586,43.03187],[-6.98217,43.04141],[-6.98677,43.02943],[-6.9913,43.0306],[-6.9969,43.01957],[-6.98826,43.01466],[-6.98352,43.00414],[-6.96669,42.99139],[-6.95827,42.99524],[-6.95957,43.01537],[-6.96427,43.02599],[-6.95804,43.0289],[-6.95678,43.03656],[-6.94686,43.03256],[-6.94082,43.01152],[-6.9313,43.0046],[-6.92263,43.0017],[-6.90815,42.98892],[-6.89273,42.98793],[-6.88086,42.9913],[-6.87131,42.98869],[-6.86809,42.98366],[-6.85312,42.97277],[-6.83578,42.95771],[-6.83469,42.94126],[-6.84183,42.92845],[-6.83576,42.91634],[-6.82419,42.91506],[-6.80104,42.91017],[-6.78977,42.90454],[-6.77067,42.89862],[-6.76795,42.89028],[-6.77285,42.88254],[-6.75667,42.88306],[-6.74922,42.89414],[-6.74059,42.89947],[-6.73454,42.90767],[-6.72319,42.91738],[-6.71279,42.91505],[-6.69699,42.91852],[-6.691,42.92229],[-6.66719,42.92453],[-6.64539,42.92402],[-6.63878,42.92546],[-6.62858,42.91949],[-6.61293,42.92455],[-6.6065,42.9161],[-6.59786,42.91858],[-6.57383,42.91761],[-6.56906,42.91478],[-6.54657,42.91215],[-6.54142,42.91344],[-6.53449,42.92218],[-6.52277,42.92358],[-6.51058,42.92873],[-6.50012,42.92281],[-6.48977,42.92025],[-6.48612,42.929],[-6.47721,42.93398],[-6.4512,42.93548],[-6.43571,42.94264],[-6.4416,42.94861],[-6.43364,42.96416],[-6.44237,42.96688],[-6.45177,42.96595],[-6.47468,42.97062],[-6.47246,42.97732],[-6.47826,42.98013],[-6.47896,42.9887],[-6.47085,42.99168],[-6.46588,42.98636],[-6.44644,42.98217],[-6.4371,42.99303],[-6.42413,42.98762],[-6.4134,42.99387],[-6.41017,43.00092],[-6.41255,43.01515],[-6.40798,43.0185],[-6.39435,43.01661],[-6.39082,43.02582],[-6.39707,43.03808],[-6.39055,43.04044],[-6.37355,43.04111],[-6.36044,43.0584],[-6.33012,43.04333],[-6.32766,43.03211],[-6.29517,43.02691],[-6.28647,43.03525],[-6.27646,43.02957],[-6.26324,43.0159],[-6.23846,43.01438],[-6.22681,43.00891],[-6.22905,43.02217],[-6.22231,43.02942],[-6.22273,43.03523],[-6.2164,43.04696],[-6.19649,43.0427],[-6.18609,43.04955],[-6.16741,43.04245],[-6.164,43.03754],[-6.14986,43.034],[-6.13667,43.02099],[-6.12038,43.02426],[-6.11483,43.02873],[-6.10613,43.02937],[-6.08982,43.03815],[-6.095,43.04888],[-6.09029,43.05988],[-6.09185,43.06692],[-6.07961,43.07375],[-6.06944,43.06639],[-6.06131,43.06489],[-6.05214,43.06819],[-6.03789,43.06296],[-6.03049,43.0575],[-6.01688,43.05344],[-6.00881,43.05771],[-5.99633,43.05792],[-5.98735,43.06747],[-5.97419,43.06515],[-5.96216,43.05294],[-5.96966,43.04083],[-5.96257,43.03372],[-5.95579,43.01721],[-5.93345,43.01072],[-5.92963,43.00497],[-5.91826,43.00192],[-5.91275,42.99242],[-5.90472,42.99037],[-5.89581,42.99306],[-5.88849,42.97919],[-5.88153,42.98105],[-5.86192,42.97958],[-5.85495,42.9752],[-5.85002,42.96746],[-5.84298,42.96426],[-5.82371,42.96771],[-5.81093,42.96611],[-5.80401,42.96262],[-5.79015,42.96796],[-5.76826,42.96854],[-5.76346,42.9755],[-5.76622,42.98625],[-5.76065,42.99008],[-5.75939,42.99867],[-5.75048,43.00567],[-5.75015,43.01285],[-5.74406,43.02048],[-5.73577,43.02253],[-5.73449,43.03374],[-5.71599,43.04614],[-5.68838,43.05687],[-5.67226,43.05244],[-5.65952,43.04546],[-5.65119,43.04422],[-5.64314,43.0378],[-5.62949,43.03383],[-5.60395,43.03579],[-5.57477,43.0321],[-5.56649,43.0217],[-5.54019,43.01835],[-5.52893,43.02578],[-5.50629,43.02857],[-5.4938,43.02124],[-5.49027,43.03057],[-5.48151,43.04077],[-5.48074,43.05358],[-5.47559,43.05555],[-5.46678,43.05056],[-5.44818,43.05541],[-5.43392,43.05271],[-5.41692,43.05209],[-5.39857,43.04749],[-5.39045,43.04934],[-5.3831,43.08724],[-5.36914,43.09458],[-5.34369,43.09385],[-5.33849,43.09094],[-5.34145,43.08378],[-5.32049,43.0793],[-5.3115,43.08416],[-5.29618,43.07901],[-5.28212,43.07743],[-5.27364,43.08602],[-5.25092,43.08908],[-5.24032,43.08856],[-5.23304,43.08463],[-5.22019,43.08365],[-5.19125,43.09537],[-5.1886,43.09977],[-5.17513,43.10008],[-5.16738,43.10279],[-5.16311,43.10927],[-5.1478,43.11512],[-5.14068,43.10292],[-5.12393,43.1006],[-5.10174,43.10185],[-5.09565,43.1077],[-5.09929,43.11584],[-5.09152,43.13229],[-5.09328,43.14435],[-5.08681,43.14746],[-5.08649,43.15372],[-5.07979,43.15934],[-5.0759,43.17126],[-5.07663,43.17895],[-5.0652,43.17503],[-5.05367,43.18143],[-5.0409,43.18468],[-5.03162,43.1818],[-5.02146,43.18351],[-5.00195,43.17523],[-4.99641,43.18533],[-4.98585,43.19316],[-4.98221,43.19875],[-4.97277,43.20093],[-4.96306,43.21267],[-4.95214,43.21459],[-4.95139,43.21945],[-4.9426,43.22489],[-4.92148,43.22629],[-4.90891,43.23786],[-4.89479,43.23817],[-4.88378,43.23184],[-4.87101,43.22802],[-4.86024,43.21505],[-4.86351,43.21189],[-4.85282,43.19578],[-4.83955,43.18966],[-4.84102,43.18078]]]},"properties":{"codi_prov":"33","provincia":"Asturias","codi_ccaa":"03"}},{"type":"Feature","geometry":{"type":"MultiPolygon","coordinates":[[[[-4.08146,42.76162],[-4.08326,42.76865],[-4.09374,42.77345],[-4.10038,42.78458],[-4.09854,42.79129],[-4.11181,42.7943],[-4.12331,42.79439],[-4.13743,42.79052],[-4.15054,42.78941],[-4.15615,42.79529],[-4.17401,42.80862],[-4.1825,42.81043],[-4.18587,42.81718],[-4.17873,42.82613],[-4.16524,42.82853],[-4.15706,42.83757],[-4.15082,42.83149],[-4.14126,42.8303],[-4.13736,42.83933],[-4.12814,42.84625],[-4.12602,42.85668],[-4.13974,42.85936],[-4.14879,42.86589],[-4.15012,42.87144],[-4.16609,42.86053],[-4.17836,42.85911],[-4.19036,42.85286],[-4.19923,42.84434],[-4.20942,42.84521],[-4.21853,42.85045],[-4.22561,42.8587],[-4.22248,42.86413],[-4.2262,42.88691],[-4.23051,42.89597],[-4.23076,42.90475],[-4.22245,42.91075],[-4.23643,42.91693],[-4.23937,42.93872],[-4.23832,42.95416],[-4.24394,42.958],[-4.26259,42.96534],[-4.27799,42.96529],[-4.2894,42.96908],[-4.29958,42.96621],[-4.3137,42.96949],[-4.34798,42.97239],[-4.37336,42.99504],[-4.37796,43.00977],[-4.38605,43.01608],[-4.38955,43.02554],[-4.3981,43.03501],[-4.40942,43.03999],[-4.43228,43.04571],[-4.44756,43.05837],[-4.45684,43.05689],[-4.46207,43.06099],[-4.47112,43.05121],[-4.47535,43.03868],[-4.49386,43.03881],[-4.52125,43.04753],[-4.55937,43.01923],[-4.57407,43.027],[-4.58941,43.02535],[-4.60664,43.03557],[-4.61244,43.03034],[-4.63141,43.02351],[-4.63951,43.01636],[-4.65098,43.02084],[-4.6681,43.02077],[-4.6847,43.02633],[-4.70793,43.02522],[-4.7158,43.01894],[-4.72497,43.01785],[-4.73785,43.02094],[-4.73859,43.01856],[-4.75699,43.0155],[-4.76693,43.00156],[-4.78108,42.99796],[-4.79532,42.98587],[-4.79567,42.97387],[-4.80725,42.96771],[-4.80652,42.95657],[-4.80265,42.94951],[-4.8109,42.93602],[-4.80923,42.93034],[-4.81376,42.92408],[-4.82837,42.91704],[-4.83786,42.90673],[-4.83839,42.89532],[-4.846,42.8975],[-4.8555,42.89171],[-4.85946,42.88377],[-4.85873,42.87648],[-4.86558,42.86055],[-4.88049,42.86594],[-4.89561,42.86396],[-4.90032,42.85999],[-4.89943,42.84924],[-4.88856,42.84113],[-4.89591,42.82708],[-4.89697,42.81729],[-4.90276,42.80902],[-4.89562,42.79385],[-4.89588,42.78517],[-4.90909,42.77943],[-4.92062,42.75747],[-4.9251,42.75934],[-4.93348,42.75337],[-4.93636,42.74447],[-4.92833,42.7369],[-4.91846,42.73423],[-4.91543,42.72364],[-4.91104,42.71879],[-4.89726,42.72437],[-4.89056,42.72326],[-4.88381,42.71258],[-4.87441,42.7097],[-4.87759,42.70416],[-4.89057,42.69283],[-4.89916,42.6738],[-4.90019,42.66677],[-4.89611,42.65838],[-4.8984,42.63559],[-4.89466,42.62386],[-4.9048,42.60314],[-4.90109,42.59472],[-4.90315,42.57721],[-4.91523,42.56024],[-4.91451,42.54472],[-4.90985,42.54118],[-4.88799,42.53703],[-4.89072,42.51666],[-4.88787,42.50895],[-4.89191,42.49192],[-4.89338,42.47692],[-4.89684,42.46907],[-4.9,42.45068],[-4.90635,42.44881],[-4.92036,42.43516],[-4.90992,42.43391],[-4.90498,42.42456],[-4.90643,42.41981],[-4.91483,42.41445],[-4.90838,42.39694],[-4.91125,42.39235],[-4.9034,42.38565],[-4.91142,42.38156],[-4.9333,42.3848],[-4.94158,42.38257],[-4.94483,42.37647],[-4.96126,42.37612],[-4.97233,42.37397],[-4.97174,42.36783],[-4.9777,42.35547],[-4.97715,42.34905],[-4.98349,42.34245],[-4.97968,42.3379],[-4.9653,42.34125],[-4.95292,42.34661],[-4.9425,42.34655],[-4.94074,42.33564],[-4.94602,42.32533],[-4.94799,42.31087],[-4.95675,42.29566],[-4.97026,42.29212],[-4.9735,42.28869],[-4.98668,42.29386],[-5.00214,42.28913],[-5.00991,42.26657],[-5.00866,42.26146],[-5.01655,42.25897],[-5.01881,42.25386],[-5.00897,42.24225],[-5.01034,42.22812],[-5.02467,42.21989],[-5.02177,42.20847],[-5.01295,42.19463],[-5.01239,42.18976],[-5.0195,42.17881],[-5.02986,42.17394],[-5.02631,42.1656],[-5.02697,42.15391],[-5.01864,42.1565],[-5.00854,42.14865],[-5.0024,42.14909],[-4.98848,42.14438],[-4.9799,42.15103],[-4.94424,42.15274],[-4.9275,42.15022],[-4.9298,42.14461],[-4.92899,42.13051],[-4.92508,42.12069],[-4.92426,42.11055],[-4.91782,42.09079],[-4.90418,42.07839],[-4.91676,42.07831],[-4.92775,42.0735],[-4.9497,42.05102],[-4.93813,42.01988],[-4.94033,42.01599],[-4.96554,42.00706],[-4.97549,41.99355],[-4.97168,41.98725],[-4.97611,41.97361],[-4.98327,41.96668],[-4.99407,41.96257],[-5.00246,41.94797],[-5.00485,41.93795],[-4.99635,41.92817],[-4.98678,41.92109],[-4.98532,41.91075],[-4.97645,41.9136],[-4.96626,41.92506],[-4.94959,41.93383],[-4.93245,41.92665],[-4.92794,41.91503],[-4.91036,41.91828],[-4.89985,41.92824],[-4.88978,41.93278],[-4.86909,41.93173],[-4.8677,41.9176],[-4.86302,41.91828],[-4.83827,41.89853],[-4.83246,41.88681],[-4.83238,41.8804],[-4.82289,41.86744],[-4.81383,41.863],[-4.80716,41.84825],[-4.78925,41.81802],[-4.75842,41.82579],[-4.74806,41.84055],[-4.72644,41.85452],[-4.7323,41.86178],[-4.72825,41.86883],[-4.7173,41.87431],[-4.70109,41.88728],[-4.68614,41.89101],[-4.67791,41.89801],[-4.66968,41.90051],[-4.65843,41.89681],[-4.65151,41.89151],[-4.6373,41.88811],[-4.63198,41.86277],[-4.62406,41.85398],[-4.61846,41.85201],[-4.60379,41.83864],[-4.59105,41.83681],[-4.58381,41.824],[-4.5721,41.81586],[-4.56465,41.81838],[-4.55331,41.81627],[-4.5455,41.82612],[-4.53824,41.82932],[-4.52096,41.82318],[-4.50618,41.82618],[-4.50367,41.83207],[-4.49188,41.83841],[-4.47938,41.83819],[-4.47334,41.83205],[-4.47831,41.82859],[-4.46285,41.82169],[-4.47401,41.81854],[-4.48734,41.8201],[-4.49366,41.78036],[-4.50118,41.77141],[-4.48463,41.76953],[-4.45424,41.75917],[-4.44331,41.75831],[-4.42142,41.76813],[-4.40396,41.78317],[-4.38767,41.78778],[-4.37909,41.7815],[-4.35393,41.77398],[-4.31842,41.76679],[-4.30679,41.77592],[-4.28658,41.77488],[-4.27874,41.7886],[-4.27129,41.79206],[-4.26023,41.80526],[-4.24744,41.80293],[-4.2349,41.81227],[-4.23293,41.80812],[-4.21512,41.79958],[-4.19441,41.80403],[-4.19036,41.80163],[-4.17883,41.80352],[-4.15148,41.79847],[-4.1232,41.80731],[-4.11036,41.79436],[-4.10838,41.7849],[-4.10091,41.77519],[-4.08909,41.77963],[-4.07163,41.77062],[-4.06146,41.77473],[-4.04088,41.76835],[-4.03839,41.77664],[-4.038,41.78985],[-4.04299,41.79112],[-4.04888,41.80278],[-4.05871,41.80483],[-4.09007,41.83086],[-4.08805,41.84466],[-4.07932,41.84845],[-4.08064,41.86114],[-4.08883,41.87065],[-4.07965,41.87412],[-4.06205,41.87695],[-4.0583,41.87426],[-4.03757,41.87277],[-4.01955,41.87854],[-4.00711,41.88516],[-3.99823,41.89241],[-3.9807,41.90062],[-3.9845,41.91674],[-3.98134,41.9307],[-3.95218,41.93531],[-3.94588,41.9464],[-3.9366,41.95699],[-3.92286,41.96045],[-3.91309,41.9563],[-3.8924,41.95757],[-3.89394,41.97181],[-3.88962,41.988],[-3.89147,41.99665],[-3.9102,41.99697],[-3.91371,41.99269],[-3.92351,41.99057],[-3.95085,41.9795],[-3.95623,41.98102],[-3.97854,41.96474],[-3.9907,41.95975],[-4.02094,41.95785],[-4.03298,41.95408],[-4.02909,41.97656],[-4.02171,41.98475],[-4.01478,41.99859],[-3.99478,42.00541],[-3.98529,42.02352],[-3.9799,42.02108],[-3.97107,42.03322],[-3.98018,42.04305],[-3.98168,42.05105],[-3.99631,42.04497],[-3.99963,42.04892],[-4.0109,42.05152],[-4.03104,42.04948],[-4.03846,42.05334],[-4.04588,42.05081],[-4.04788,42.03905],[-4.06782,42.04281],[-4.07989,42.03678],[-4.09743,42.05169],[-4.10411,42.06163],[-4.10304,42.08704],[-4.09463,42.08682],[-4.07749,42.08268],[-4.0665,42.08605],[-4.05621,42.10091],[-4.07639,42.10538],[-4.08566,42.10321],[-4.09249,42.10783],[-4.10378,42.10969],[-4.10839,42.119],[-4.12022,42.12813],[-4.12392,42.12389],[-4.13771,42.11975],[-4.14406,42.12922],[-4.15415,42.13175],[-4.17144,42.12842],[-4.17902,42.13029],[-4.1869,42.12642],[-4.20542,42.13461],[-4.20431,42.14375],[-4.19721,42.15725],[-4.19058,42.16532],[-4.18864,42.17638],[-4.19096,42.18101],[-4.20584,42.19245],[-4.20576,42.1971],[-4.21488,42.20657],[-4.23096,42.20891],[-4.23185,42.21832],[-4.22682,42.22827],[-4.23703,42.23724],[-4.2293,42.24188],[-4.23165,42.25653],[-4.24252,42.26135],[-4.24166,42.27187],[-4.24884,42.27929],[-4.24686,42.28546],[-4.25275,42.29059],[-4.24968,42.29524],[-4.25189,42.31],[-4.26189,42.30969],[-4.26489,42.31846],[-4.26221,42.32568],[-4.27004,42.34327],[-4.26454,42.35126],[-4.28052,42.36379],[-4.27973,42.37804],[-4.27166,42.37781],[-4.27273,42.38572],[-4.28182,42.38904],[-4.29345,42.38813],[-4.30545,42.38346],[-4.32159,42.3799],[-4.33093,42.39099],[-4.32843,42.39539],[-4.32953,42.40643],[-4.32025,42.40991],[-4.33105,42.41498],[-4.33533,42.4306],[-4.32312,42.44446],[-4.31709,42.45893],[-4.30672,42.4551],[-4.27595,42.45521],[-4.26973,42.45356],[-4.25332,42.45666],[-4.24259,42.45624],[-4.24708,42.46674],[-4.24573,42.47158],[-4.25065,42.47933],[-4.24612,42.49293],[-4.25229,42.50321],[-4.26344,42.51203],[-4.27307,42.5104],[-4.27665,42.5145],[-4.27215,42.51998],[-4.27742,42.53541],[-4.27769,42.54469],[-4.29979,42.55251],[-4.29764,42.56037],[-4.30418,42.56997],[-4.28257,42.57589],[-4.28244,42.58669],[-4.2939,42.60526],[-4.28183,42.61013],[-4.27392,42.61695],[-4.26752,42.63181],[-4.27427,42.63678],[-4.27183,42.65786],[-4.27603,42.67307],[-4.28872,42.67762],[-4.28675,42.6869],[-4.29317,42.6909],[-4.2805,42.69997],[-4.26669,42.7053],[-4.26764,42.69427],[-4.25596,42.68899],[-4.2461,42.69709],[-4.23707,42.69767],[-4.21857,42.70468],[-4.21514,42.714],[-4.20508,42.71728],[-4.19357,42.7264],[-4.18539,42.73618],[-4.17506,42.73791],[-4.16464,42.74598],[-4.15142,42.74788],[-4.14353,42.75281],[-4.12738,42.75241],[-4.12027,42.7462],[-4.12399,42.73617],[-4.10955,42.73388],[-4.08882,42.75172],[-4.08146,42.76162]],[[-4.26074,42.73871],[-4.24646,42.73578],[-4.25133,42.72655],[-4.26315,42.73048],[-4.26074,42.73871]]],[[[-3.99965,42.76898],[-3.99594,42.78622],[-3.99706,42.80323],[-4.00087,42.8098],[-3.99963,42.81955],[-4.00356,42.83141],[-4.01104,42.83038],[-4.02078,42.81935],[-4.01418,42.80638],[-4.02398,42.80634],[-4.03292,42.80126],[-4.03179,42.79359],[-4.04375,42.78879],[-4.05022,42.7798],[-4.04611,42.7668],[-4.03133,42.76642],[-4.01853,42.76394],[-3.99965,42.76898]]],[[[-4.09429,42.1408],[-4.0805,42.14038],[-4.06775,42.1331],[-4.05979,42.1362],[-4.07441,42.15558],[-4.0671,42.16203],[-4.07629,42.16786],[-4.09423,42.15772],[-4.11184,42.15858],[-4.11004,42.14319],[-4.10273,42.13724],[-4.09429,42.1408]]],[[[-4.11322,42.81621],[-4.10582,42.80839],[-4.10935,42.80306],[-4.10157,42.79373],[-4.09146,42.79806],[-4.08788,42.80568],[-4.08887,42.81853],[-4.1073,42.8277],[-4.11322,42.81621]]],[[[-4.16159,42.82033],[-4.17696,42.82356],[-4.18298,42.8205],[-4.17521,42.81181],[-4.16173,42.81306],[-4.16159,42.82033]]]]},"properties":{"codi_prov":"34","provincia":"Palencia","codi_ccaa":"07"}},{"type":"Feature","geometry":{"type":"MultiPolygon","coordinates":[[[[-9.67997,34.4313],[-9.67251,34.4358],[-9.66144,34.42935],[-9.66121,34.43691],[-9.66965,34.44019],[-9.68108,34.45012],[-9.68186,34.45783],[-9.67899,34.4645],[-9.68433,34.46781],[-9.6757,34.47899],[-9.67824,34.48294],[-9.66797,34.49132],[-9.6737,34.49601],[-9.6764,34.50759],[-9.68889,34.52926],[-9.70584,34.53742],[-9.71609,34.54795],[-9.71334,34.5527],[-9.71964,34.56233],[-9.71453,34.5743],[-9.71642,34.58373],[-9.71121,34.59809],[-9.71454,34.61078],[-9.72744,34.62643],[-9.7289,34.63058],[-9.7277,34.64678],[-9.71728,34.64625],[-9.71753,34.62875],[-9.71213,34.62865],[-9.71181,34.63674],[-9.71558,34.64706],[-9.70501,34.66191],[-9.70379,34.674],[-9.70848,34.67835],[-9.72249,34.67994],[-9.73121,34.67194],[-9.73943,34.6692],[-9.7414,34.66307],[-9.73305,34.65735],[-9.73153,34.64576],[-9.7457,34.63123],[-9.75435,34.62788],[-9.76788,34.62614],[-9.77855,34.63649],[-9.7866,34.63802],[-9.79699,34.64433],[-9.80077,34.64286],[-9.80887,34.64818],[-9.81716,34.64742],[-9.82161,34.65295],[-9.82937,34.65523],[-9.84264,34.64758],[-9.86727,34.64599],[-9.88011,34.64411],[-9.88755,34.64746],[-9.89749,34.64441],[-9.90725,34.64897],[-9.9125,34.64725],[-9.92398,34.66211],[-9.93713,34.67185],[-9.9467,34.66509],[-9.95377,34.66559],[-9.96567,34.6583],[-9.97633,34.66043],[-9.982,34.6698],[-9.99081,34.66953],[-10.00444,34.65711],[-9.99623,34.65165],[-10.00398,34.64218],[-9.99975,34.63177],[-10.00895,34.62147],[-10.00616,34.61933],[-10.00628,34.60857],[-10.01311,34.60285],[-10.0082,34.59882],[-10.00769,34.58877],[-10.02137,34.57028],[-10.03403,34.56411],[-10.03784,34.55457],[-10.05335,34.54725],[-10.06776,34.54311],[-10.06775,34.53727],[-10.08631,34.52113],[-10.0981,34.51681],[-10.11154,34.51758],[-10.12302,34.51336],[-10.11742,34.5048],[-10.12141,34.49819],[-10.1231,34.48788],[-10.13439,34.47112],[-10.13339,34.45957],[-10.12847,34.44972],[-10.12946,34.43123],[-10.13438,34.41932],[-10.13312,34.41006],[-10.11806,34.39297],[-10.11231,34.37892],[-10.10663,34.37256],[-10.09825,34.35718],[-10.09861,34.35318],[-10.09097,34.34521],[-10.08718,34.33406],[-10.07896,34.32998],[-10.06697,34.31718],[-10.05392,34.31468],[-10.05036,34.3082],[-10.04227,34.30149],[-10.03148,34.29871],[-10.02448,34.28835],[-10.00079,34.27366],[-9.98999,34.27131],[-9.98712,34.26369],[-9.97702,34.25406],[-9.95791,34.25644],[-9.94741,34.25134],[-9.93944,34.25093],[-9.92804,34.24507],[-9.91982,34.24899],[-9.91282,34.24534],[-9.89907,34.23461],[-9.89208,34.23619],[-9.87604,34.23596],[-9.86905,34.23906],[-9.86583,34.25766],[-9.85991,34.26313],[-9.84964,34.26733],[-9.84353,34.26712],[-9.81657,34.28185],[-9.80875,34.28033],[-9.79678,34.28881],[-9.78688,34.29278],[-9.77448,34.29347],[-9.76601,34.29644],[-9.73863,34.3003],[-9.72942,34.30394],[-9.7227,34.31031],[-9.72075,34.31806],[-9.72334,34.32219],[-9.72232,34.33101],[-9.71351,34.34731],[-9.70405,34.34851],[-9.69775,34.35661],[-9.68947,34.35511],[-9.68403,34.36459],[-9.68532,34.37798],[-9.69006,34.37971],[-9.69373,34.39151],[-9.69043,34.3943],[-9.68583,34.40637],[-9.68672,34.411],[-9.68387,34.42772],[-9.67997,34.4313]]],[[[-8.66075,34.54833],[-8.65273,34.54942],[-8.63652,34.54406],[-8.62566,34.54688],[-8.61425,34.55793],[-8.601,34.57423],[-8.58924,34.58327],[-8.57322,34.59843],[-8.56407,34.61032],[-8.55719,34.6117],[-8.55099,34.61804],[-8.53599,34.64387],[-8.5299,34.64985],[-8.52263,34.66223],[-8.50585,34.66728],[-8.5011,34.67274],[-8.48355,34.67506],[-8.46966,34.67401],[-8.45877,34.67588],[-8.4527,34.68237],[-8.43916,34.68392],[-8.43804,34.68632],[-8.41652,34.69168],[-8.41003,34.68904],[-8.40533,34.69306],[-8.39192,34.69442],[-8.37218,34.70166],[-8.3684,34.69911],[-8.35996,34.70232],[-8.3419,34.70318],[-8.32854,34.70634],[-8.31659,34.71103],[-8.30894,34.70943],[-8.30297,34.71525],[-8.29551,34.7181],[-8.28886,34.72695],[-8.27749,34.72902],[-8.25904,34.72719],[-8.24848,34.72774],[-8.23631,34.73346],[-8.22694,34.74149],[-8.22198,34.75033],[-8.21749,34.75182],[-8.20985,34.77393],[-8.20343,34.77583],[-8.1969,34.78838],[-8.20289,34.79684],[-8.19818,34.812],[-8.19399,34.81417],[-8.19464,34.82487],[-8.18932,34.82453],[-8.17949,34.83762],[-8.17695,34.84764],[-8.17786,34.85548],[-8.16993,34.86376],[-8.16369,34.88495],[-8.15958,34.89362],[-8.15244,34.89451],[-8.14893,34.90882],[-8.15198,34.92388],[-8.15831,34.92618],[-8.16232,34.93251],[-8.16236,34.93947],[-8.1565,34.94574],[-8.15884,34.9523],[-8.15682,34.96025],[-8.15939,34.96754],[-8.16756,34.98047],[-8.16255,34.99394],[-8.15639,34.99885],[-8.14749,34.99977],[-8.14265,35.00396],[-8.14265,35.01358],[-8.13528,35.02491],[-8.1342,35.03399],[-8.1388,35.03834],[-8.12609,35.05211],[-8.12962,35.05894],[-8.12676,35.06867],[-8.12954,35.0717],[-8.12843,35.08287],[-8.12244,35.09304],[-8.12708,35.10377],[-8.12346,35.11075],[-8.12988,35.13571],[-8.13102,35.16515],[-8.13382,35.17476],[-8.13089,35.19386],[-8.13552,35.20259],[-8.13753,35.21382],[-8.14485,35.22759],[-8.15278,35.22713],[-8.15871,35.23223],[-8.16612,35.23337],[-8.1666,35.24593],[-8.17273,35.24346],[-8.17717,35.25053],[-8.19088,35.25701],[-8.20073,35.25279],[-8.20763,35.24703],[-8.2157,35.24475],[-8.22336,35.2511],[-8.23405,35.24644],[-8.24804,35.24331],[-8.26472,35.23331],[-8.27099,35.23136],[-8.27782,35.23443],[-8.28875,35.22408],[-8.30157,35.21963],[-8.30722,35.21069],[-8.31739,35.21433],[-8.31828,35.19406],[-8.30891,35.17715],[-8.31214,35.16586],[-8.31918,35.15571],[-8.31962,35.1496],[-8.33241,35.13194],[-8.33162,35.12504],[-8.33733,35.11839],[-8.33875,35.11133],[-8.33375,35.10107],[-8.33329,35.09318],[-8.3386,35.0836],[-8.34763,35.07246],[-8.3559,35.06522],[-8.35814,35.05599],[-8.36449,35.05373],[-8.3654,35.04139],[-8.36944,35.04083],[-8.37129,35.03049],[-8.382,35.01345],[-8.40096,34.97507],[-8.41802,34.96112],[-8.42746,34.95662],[-8.43908,34.94644],[-8.44654,34.93432],[-8.45127,34.93015],[-8.45209,34.92022],[-8.45772,34.91144],[-8.45499,34.9054],[-8.45567,34.89461],[-8.46246,34.88924],[-8.4615,34.87155],[-8.46618,34.86435],[-8.47146,34.86195],[-8.47178,34.85593],[-8.4775,34.84578],[-8.50339,34.82879],[-8.5095,34.80974],[-8.5127,34.7872],[-8.50893,34.77465],[-8.51165,34.76401],[-8.50845,34.76046],[-8.5129,34.74961],[-8.51304,34.73382],[-8.51533,34.72628],[-8.52269,34.71557],[-8.54194,34.70133],[-8.54585,34.69468],[-8.56277,34.68364],[-8.58247,34.66776],[-8.59807,34.65948],[-8.60286,34.6533],[-8.61507,34.64459],[-8.6315,34.63564],[-8.65439,34.62573],[-8.66171,34.62149],[-8.68272,34.61364],[-8.73029,34.60194],[-8.75055,34.60017],[-8.7554,34.6053],[-8.76163,34.60142],[-8.77446,34.60483],[-8.78099,34.6002],[-8.79058,34.61094],[-8.7991,34.60046],[-8.79249,34.59421],[-8.79323,34.58305],[-8.80126,34.5802],[-8.80311,34.57174],[-8.7775,34.57782],[-8.75295,34.57343],[-8.70899,34.55858],[-8.70014,34.55856],[-8.67661,34.5522],[-8.67041,34.55467],[-8.66075,34.54833]]],[[[-8.12243,35.23758],[-8.11445,35.23937],[-8.11127,35.25582],[-8.11274,35.26422],[-8.13575,35.25169],[-8.13008,35.24295],[-8.12243,35.23758]]],[[[-8.0008,35.41787],[-7.97334,35.42155],[-7.97013,35.4192],[-7.95468,35.41868],[-7.94091,35.42009],[-7.93502,35.42616],[-7.91581,35.43041],[-7.89925,35.44721],[-7.8828,35.4529],[-7.87571,35.45252],[-7.86349,35.4559],[-7.85127,35.45693],[-7.84544,35.45993],[-7.83629,35.46976],[-7.8263,35.47153],[-7.81131,35.48133],[-7.80851,35.48595],[-7.79519,35.49285],[-7.7862,35.49218],[-7.77586,35.50567],[-7.77634,35.51329],[-7.76822,35.51532],[-7.76362,35.52449],[-7.76914,35.53405],[-7.76318,35.54536],[-7.76633,35.55547],[-7.7625,35.55694],[-7.74761,35.58894],[-7.74993,35.60185],[-7.75378,35.60338],[-7.76353,35.61523],[-7.76422,35.62791],[-7.74475,35.64801],[-7.72949,35.65409],[-7.72625,35.67296],[-7.7202,35.68417],[-7.72345,35.70829],[-7.73408,35.71008],[-7.73786,35.71676],[-7.75476,35.72634],[-7.76605,35.72676],[-7.7687,35.73688],[-7.78193,35.72532],[-7.79714,35.71797],[-7.79784,35.70694],[-7.80294,35.70532],[-7.80962,35.69561],[-7.8132,35.67879],[-7.82263,35.66542],[-7.82174,35.65382],[-7.82458,35.64145],[-7.8401,35.62343],[-7.8554,35.61632],[-7.8628,35.61696],[-7.88515,35.63365],[-7.90421,35.63562],[-7.91354,35.62783],[-7.92085,35.62739],[-7.93049,35.61685],[-7.94071,35.6197],[-7.94142,35.62439],[-7.95764,35.62379],[-7.96263,35.61816],[-7.96529,35.60954],[-7.98081,35.60373],[-7.98303,35.5953],[-7.99201,35.59027],[-8.00015,35.59078],[-8.00778,35.5795],[-8.02209,35.58487],[-8.0462,35.57779],[-8.05796,35.57569],[-8.06081,35.56738],[-8.06723,35.56382],[-8.07518,35.56346],[-8.08362,35.5561],[-8.08995,35.55385],[-8.09919,35.54229],[-8.10848,35.53523],[-8.11436,35.53378],[-8.11753,35.52564],[-8.12986,35.50714],[-8.13373,35.4899],[-8.12896,35.47709],[-8.1342,35.46927],[-8.13249,35.44941],[-8.1339,35.4401],[-8.12917,35.43035],[-8.15152,35.40783],[-8.15696,35.40437],[-8.15749,35.39807],[-8.17321,35.3939],[-8.18188,35.3855],[-8.17458,35.37439],[-8.17686,35.35956],[-8.1717,35.35493],[-8.16356,35.36041],[-8.14663,35.36074],[-8.14002,35.35556],[-8.13002,35.36238],[-8.11945,35.36115],[-8.1114,35.35602],[-8.10219,35.35867],[-8.09426,35.35398],[-8.0845,35.3421],[-8.07442,35.34798],[-8.07467,35.35132],[-8.05409,35.37317],[-8.03778,35.40573],[-8.02733,35.40648],[-8.02255,35.41059],[-8.0008,35.41787]]],[[[-7.78849,35.74895],[-7.78382,35.75956],[-7.77207,35.76449],[-7.77325,35.77032],[-7.783,35.77967],[-7.79501,35.7791],[-7.79863,35.78441],[-7.80842,35.79052],[-7.81549,35.78486],[-7.81514,35.77889],[-7.82384,35.76655],[-7.82064,35.75845],[-7.82827,35.75174],[-7.82638,35.74273],[-7.8332,35.73684],[-7.84534,35.73285],[-7.84828,35.72812],[-7.84457,35.71897],[-7.83772,35.72098],[-7.82204,35.71906],[-7.81331,35.72642],[-7.80507,35.7253],[-7.79984,35.73368],[-7.78911,35.74428],[-7.78849,35.74895]]],[[[-7.82951,35.80267],[-7.83504,35.80665],[-7.83991,35.80228],[-7.83458,35.78923],[-7.82951,35.80267]]],[[[-7.82321,35.91091],[-7.83121,35.90017],[-7.82935,35.88569],[-7.82339,35.88273],[-7.81583,35.886],[-7.8068,35.88448],[-7.8023,35.89076],[-7.79529,35.89322],[-7.78917,35.90169],[-7.79407,35.90993],[-7.80573,35.91601],[-7.82321,35.91091]]]]},"properties":{"codi_prov":"35","provincia":"Las Palmas","codi_ccaa":"05"}},{"type":"Feature","geometry":{"type":"MultiPolygon","coordinates":[[[[-8.72681,42.68827],[-8.72372,42.6794],[-8.72947,42.66601],[-8.73889,42.66115],[-8.74167,42.64846],[-8.75419,42.6412],[-8.77401,42.62128],[-8.77462,42.61313],[-8.76754,42.60053],[-8.77222,42.59324],[-8.78161,42.59527],[-8.80824,42.57592],[-8.82372,42.57833],[-8.83003,42.57531],[-8.83164,42.56212],[-8.81863,42.55937],[-8.82186,42.55471],[-8.83301,42.56019],[-8.83633,42.55237],[-8.82633,42.54077],[-8.82577,42.52657],[-8.8163,42.52231],[-8.81737,42.51359],[-8.81332,42.49987],[-8.80872,42.49421],[-8.82316,42.49353],[-8.83068,42.48472],[-8.82089,42.46761],[-8.82798,42.45703],[-8.83752,42.45895],[-8.85569,42.45098],[-8.86858,42.44764],[-8.87297,42.46108],[-8.8623,42.4698],[-8.85696,42.47862],[-8.86031,42.48299],[-8.85778,42.49149],[-8.86334,42.49848],[-8.88386,42.4986],[-8.89047,42.4926],[-8.88786,42.48471],[-8.90642,42.47628],[-8.9129,42.47526],[-8.9238,42.47837],[-8.93383,42.4782],[-8.9407,42.46306],[-8.93719,42.45682],[-8.92365,42.45478],[-8.9135,42.46229],[-8.89831,42.46104],[-8.8858,42.45703],[-8.87416,42.4448],[-8.8712,42.43434],[-8.88107,42.4152],[-8.86477,42.41124],[-8.85803,42.40206],[-8.84927,42.39726],[-8.83869,42.38431],[-8.82937,42.38901],[-8.81332,42.40117],[-8.79961,42.40056],[-8.78799,42.39768],[-8.77207,42.38932],[-8.77029,42.3944],[-8.76167,42.3944],[-8.75718,42.40239],[-8.74924,42.40294],[-8.74079,42.41385],[-8.73432,42.41392],[-8.71984,42.42277],[-8.70845,42.42613],[-8.70363,42.43465],[-8.68757,42.43763],[-8.6851,42.42381],[-8.67597,42.42045],[-8.66477,42.42089],[-8.68275,42.40686],[-8.69106,42.40616],[-8.69928,42.39453],[-8.7116,42.39278],[-8.72547,42.38523],[-8.73231,42.37439],[-8.7441,42.36816],[-8.74495,42.36152],[-8.75536,42.33985],[-8.76273,42.33946],[-8.77182,42.33219],[-8.79113,42.32704],[-8.80039,42.3327],[-8.7993,42.33791],[-8.81575,42.33736],[-8.83358,42.34185],[-8.83377,42.33423],[-8.82774,42.33357],[-8.82228,42.31578],[-8.81737,42.30697],[-8.82331,42.29706],[-8.82189,42.27514],[-8.83166,42.27815],[-8.83137,42.28309],[-8.83773,42.291],[-8.84489,42.29159],[-8.85652,42.30935],[-8.85954,42.28658],[-8.86459,42.27778],[-8.86253,42.26895],[-8.87061,42.25399],[-8.86039,42.25283],[-8.85665,42.26134],[-8.83472,42.25677],[-8.82475,42.25127],[-8.81527,42.25927],[-8.80476,42.2518],[-8.79399,42.24765],[-8.78889,42.24884],[-8.78418,42.26284],[-8.77586,42.26325],[-8.76614,42.25946],[-8.7547,42.26326],[-8.75078,42.26823],[-8.73725,42.27365],[-8.73148,42.28669],[-8.72012,42.28476],[-8.71128,42.27677],[-8.69796,42.28148],[-8.68967,42.28],[-8.67722,42.29048],[-8.65815,42.29193],[-8.65181,42.29775],[-8.66227,42.31071],[-8.65577,42.31989],[-8.64581,42.32489],[-8.63625,42.32651],[-8.63688,42.33248],[-8.64528,42.33727],[-8.63685,42.34743],[-8.62805,42.35082],[-8.61187,42.34521],[-8.61208,42.32828],[-8.61949,42.31544],[-8.62068,42.30825],[-8.61466,42.3009],[-8.61492,42.29527],[-8.62913,42.28495],[-8.64701,42.29034],[-8.6683,42.27924],[-8.67709,42.26429],[-8.6903,42.25769],[-8.70292,42.25979],[-8.70989,42.25042],[-8.71274,42.24105],[-8.73442,42.23956],[-8.73481,42.23222],[-8.74046,42.2263],[-8.74923,42.22557],[-8.7544,42.23258],[-8.76207,42.2315],[-8.75939,42.22334],[-8.77184,42.22421],[-8.77737,42.21967],[-8.77571,42.21236],[-8.7794,42.20425],[-8.79722,42.19415],[-8.81612,42.18686],[-8.81227,42.1823],[-8.81482,42.17117],[-8.82063,42.15891],[-8.83457,42.15351],[-8.83714,42.15786],[-8.84978,42.15683],[-8.84923,42.14971],[-8.84331,42.14732],[-8.83,42.14834],[-8.82013,42.14138],[-8.81836,42.13584],[-8.82112,42.12683],[-8.82691,42.12394],[-8.82371,42.11695],[-8.83422,42.11258],[-8.84113,42.11464],[-8.85203,42.12275],[-8.86319,42.12116],[-8.86843,42.11487],[-8.87806,42.11126],[-8.88902,42.11381],[-8.90057,42.11234],[-8.89944,42.10392],[-8.89451,42.09436],[-8.8971,42.0766],[-8.89664,42.06667],[-8.88949,42.05589],[-8.89198,42.05143],[-8.88461,42.04072],[-8.88676,42.02473],[-8.88502,42.00775],[-8.87988,41.99821],[-8.88473,41.99445],[-8.88851,41.97726],[-8.88784,41.96342],[-8.88507,41.95259],[-8.88799,41.93648],[-8.88404,41.93091],[-8.88474,41.91667],[-8.87779,41.91024],[-8.88073,41.90194],[-8.87587,41.89864],[-8.88075,41.89216],[-8.88227,41.8831],[-8.87304,41.86978],[-8.85581,41.87437],[-8.84376,41.88336],[-8.83708,41.89441],[-8.81893,41.90641],[-8.80618,41.90913],[-8.7851,41.91696],[-8.76377,41.93003],[-8.75451,41.93376],[-8.74785,41.94171],[-8.74782,41.95895],[-8.74512,41.96438],[-8.73029,41.97354],[-8.71567,41.98011],[-8.70146,41.98285],[-8.69021,41.98895],[-8.67699,41.99207],[-8.66133,42.00434],[-8.65723,42.01922],[-8.65812,42.02938],[-8.6444,42.03805],[-8.63924,42.04578],[-8.63001,42.04995],[-8.59401,42.05653],[-8.58479,42.05209],[-8.55736,42.05274],[-8.54605,42.05419],[-8.52408,42.06396],[-8.52838,42.07363],[-8.52365,42.078],[-8.50288,42.07779],[-8.48433,42.0818],[-8.47794,42.08052],[-8.44302,42.08238],[-8.43117,42.07285],[-8.41947,42.07307],[-8.4054,42.08032],[-8.39295,42.07995],[-8.39063,42.07516],[-8.37809,42.07923],[-8.37156,42.08797],[-8.35334,42.08975],[-8.34572,42.08587],[-8.33203,42.08372],[-8.3242,42.09194],[-8.32345,42.10071],[-8.30391,42.10383],[-8.27393,42.1238],[-8.25825,42.12188],[-8.25673,42.13252],[-8.24498,42.13988],[-8.23288,42.13359],[-8.22484,42.133],[-8.21853,42.13817],[-8.20656,42.141],[-8.19867,42.15429],[-8.18166,42.15774],[-8.17352,42.17159],[-8.16633,42.17275],[-8.16208,42.18161],[-8.17481,42.18403],[-8.17751,42.19501],[-8.17478,42.20379],[-8.1903,42.21293],[-8.17372,42.22005],[-8.166,42.22039],[-8.16234,42.22727],[-8.17231,42.23166],[-8.16503,42.24601],[-8.20345,42.24452],[-8.21212,42.2358],[-8.22299,42.23324],[-8.23423,42.23445],[-8.24167,42.24499],[-8.25047,42.24531],[-8.26458,42.25286],[-8.2686,42.26353],[-8.26797,42.27195],[-8.27259,42.28015],[-8.26719,42.28786],[-8.26648,42.29877],[-8.26156,42.3089],[-8.26195,42.31538],[-8.27474,42.31496],[-8.28569,42.31875],[-8.29145,42.32699],[-8.30297,42.33494],[-8.31121,42.34379],[-8.3247,42.34505],[-8.32506,42.35204],[-8.31746,42.3563],[-8.3245,42.36921],[-8.3147,42.38098],[-8.31868,42.38893],[-8.3303,42.42062],[-8.33826,42.43343],[-8.33918,42.44137],[-8.33584,42.448],[-8.33974,42.45325],[-8.34202,42.4657],[-8.34798,42.46885],[-8.3577,42.47971],[-8.34207,42.48443],[-8.34049,42.4924],[-8.33155,42.49159],[-8.32284,42.49493],[-8.31318,42.49498],[-8.30273,42.49021],[-8.29137,42.49606],[-8.28457,42.50609],[-8.27476,42.50839],[-8.27137,42.52067],[-8.25059,42.53092],[-8.23886,42.53851],[-8.22641,42.53851],[-8.21758,42.53386],[-8.20378,42.5487],[-8.18961,42.55571],[-8.18833,42.56215],[-8.17386,42.57197],[-8.16767,42.56719],[-8.16168,42.55742],[-8.14684,42.54867],[-8.13663,42.55412],[-8.12982,42.55242],[-8.11184,42.55574],[-8.09448,42.55422],[-8.09201,42.5572],[-8.07755,42.55327],[-8.06482,42.55232],[-8.05938,42.54869],[-8.04844,42.55491],[-8.0348,42.55069],[-8.03143,42.54559],[-8.01863,42.54222],[-8.01185,42.55196],[-8.00245,42.55866],[-8.00066,42.56656],[-7.99249,42.5725],[-7.97324,42.5664],[-7.96123,42.56722],[-7.93075,42.5786],[-7.91927,42.58433],[-7.91274,42.59167],[-7.91236,42.60092],[-7.90745,42.60413],[-7.90232,42.6173],[-7.89255,42.62963],[-7.89341,42.6384],[-7.88752,42.66088],[-7.89261,42.67766],[-7.88655,42.68645],[-7.87476,42.68957],[-7.87382,42.69941],[-7.86668,42.69849],[-7.86143,42.7062],[-7.87287,42.72022],[-7.90223,42.73336],[-7.92467,42.73562],[-7.93537,42.73974],[-7.93813,42.74494],[-7.95245,42.75391],[-7.96756,42.77146],[-7.97841,42.7787],[-7.98198,42.78797],[-7.98048,42.81134],[-7.97083,42.828],[-7.95641,42.83975],[-7.9644,42.84223],[-7.9686,42.84961],[-7.98479,42.84243],[-7.99973,42.8489],[-8.00559,42.84957],[-8.02552,42.84668],[-8.04477,42.83192],[-8.0621,42.836],[-8.07206,42.85257],[-8.08885,42.85365],[-8.10537,42.84501],[-8.11637,42.84116],[-8.12575,42.85015],[-8.13638,42.84296],[-8.14309,42.84782],[-8.14904,42.84624],[-8.16389,42.85169],[-8.16566,42.85536],[-8.18372,42.86002],[-8.19844,42.8513],[-8.20255,42.84503],[-8.21985,42.84488],[-8.21365,42.83483],[-8.20649,42.83267],[-8.21039,42.82369],[-8.22574,42.82557],[-8.23634,42.83281],[-8.24598,42.83166],[-8.25331,42.83669],[-8.26215,42.83265],[-8.27656,42.82195],[-8.27416,42.813],[-8.28147,42.81137],[-8.28856,42.81789],[-8.29986,42.81952],[-8.29345,42.82961],[-8.31032,42.83044],[-8.3106,42.83816],[-8.31671,42.84564],[-8.32529,42.83119],[-8.32975,42.84209],[-8.33989,42.84052],[-8.34604,42.83226],[-8.34063,42.8279],[-8.33352,42.83008],[-8.32964,42.82424],[-8.33407,42.81718],[-8.3303,42.81022],[-8.33358,42.79995],[-8.33151,42.79574],[-8.34782,42.78885],[-8.34781,42.78391],[-8.35538,42.77901],[-8.361,42.78363],[-8.39256,42.78593],[-8.39144,42.77668],[-8.40046,42.7801],[-8.40425,42.77235],[-8.41549,42.76421],[-8.4066,42.7563],[-8.41054,42.75318],[-8.42228,42.75442],[-8.43115,42.74618],[-8.44505,42.74821],[-8.47142,42.74388],[-8.48682,42.75097],[-8.49423,42.75671],[-8.51089,42.7555],[-8.51806,42.75111],[-8.53078,42.75617],[-8.53377,42.7518],[-8.54624,42.75392],[-8.5501,42.76134],[-8.55958,42.7556],[-8.55437,42.74788],[-8.5718,42.74214],[-8.59993,42.74312],[-8.60758,42.72505],[-8.6042,42.71683],[-8.61588,42.71859],[-8.62493,42.71588],[-8.63115,42.72025],[-8.64884,42.72642],[-8.65471,42.721],[-8.67635,42.7175],[-8.67818,42.71163],[-8.70424,42.70702],[-8.71632,42.70661],[-8.72444,42.70041],[-8.72681,42.68827]]],[[[-8.93935,42.35593],[-8.93675,42.35657],[-8.93281,42.37466],[-8.92678,42.38923],[-8.94101,42.38633],[-8.94511,42.37998],[-8.93887,42.3704],[-8.94759,42.36664],[-8.94825,42.36118],[-8.93935,42.35593]]],[[[-8.89349,42.19145],[-8.89197,42.19626],[-8.91231,42.20251],[-8.9074,42.19199],[-8.8987,42.1945],[-8.89349,42.19145]]],[[[-8.91425,42.21196],[-8.89922,42.21711],[-8.90209,42.22316],[-8.89551,42.22754],[-8.90094,42.23199],[-8.90268,42.24373],[-8.91397,42.25146],[-8.9176,42.24843],[-8.90648,42.23777],[-8.90692,42.22585],[-8.91425,42.21196]]],[[[-8.87136,42.5252],[-8.86414,42.52714],[-8.86804,42.5432],[-8.85748,42.54642],[-8.86259,42.5541],[-8.86024,42.56269],[-8.87427,42.56599],[-8.87597,42.57474],[-8.88914,42.56749],[-8.88665,42.5614],[-8.86917,42.55577],[-8.87464,42.54434],[-8.87986,42.54027],[-8.8796,42.52849],[-8.87136,42.5252]]],[[[-8.84813,42.48208],[-8.84097,42.49439],[-8.85102,42.49178],[-8.84813,42.48208]]]]},"properties":{"codi_prov":"36","provincia":"Pontevedra","codi_ccaa":"12"}},{"type":"Feature","geometry":{"type":"Polygon","coordinates":[[[-5.73756,40.29412],[-5.72884,40.30388],[-5.72908,40.31036],[-5.70855,40.32976],[-5.68833,40.33856],[-5.67913,40.35083],[-5.68636,40.35537],[-5.68684,40.37637],[-5.67843,40.38671],[-5.68662,40.40066],[-5.68757,40.41568],[-5.69119,40.42199],[-5.67494,40.42721],[-5.67079,40.43196],[-5.65982,40.43534],[-5.64372,40.44627],[-5.63417,40.46045],[-5.62276,40.46576],[-5.60977,40.46807],[-5.5898,40.46725],[-5.5751,40.47639],[-5.56409,40.47283],[-5.55971,40.4634],[-5.57201,40.45445],[-5.5746,40.44425],[-5.56252,40.43974],[-5.54475,40.4231],[-5.53895,40.42449],[-5.52593,40.42236],[-5.51147,40.42629],[-5.51008,40.44053],[-5.52017,40.4485],[-5.50943,40.45912],[-5.49495,40.45935],[-5.48159,40.45685],[-5.46937,40.46222],[-5.46045,40.47404],[-5.46195,40.49119],[-5.45236,40.49409],[-5.44805,40.50942],[-5.44699,40.52002],[-5.43345,40.53297],[-5.4298,40.55197],[-5.42556,40.55664],[-5.43108,40.56723],[-5.44899,40.5615],[-5.46733,40.56003],[-5.4954,40.55171],[-5.5119,40.54816],[-5.52469,40.54073],[-5.52872,40.55405],[-5.51832,40.56378],[-5.51615,40.5713],[-5.51732,40.58291],[-5.51008,40.59037],[-5.4989,40.58991],[-5.49966,40.58159],[-5.4668,40.58044],[-5.46438,40.57759],[-5.44765,40.57959],[-5.44619,40.58579],[-5.43358,40.59092],[-5.42417,40.5975],[-5.42273,40.60525],[-5.41435,40.60977],[-5.40437,40.60846],[-5.39353,40.61829],[-5.38295,40.62076],[-5.3809,40.63249],[-5.37317,40.63881],[-5.376,40.64646],[-5.36589,40.64877],[-5.38581,40.66334],[-5.387,40.66928],[-5.37917,40.6765],[-5.3661,40.67918],[-5.34751,40.68632],[-5.34082,40.68709],[-5.33208,40.69464],[-5.33484,40.7007],[-5.32875,40.70542],[-5.31308,40.70359],[-5.29284,40.71027],[-5.27709,40.72378],[-5.26405,40.72928],[-5.25505,40.73946],[-5.24829,40.74364],[-5.2322,40.74859],[-5.22759,40.75321],[-5.21444,40.75783],[-5.21899,40.77297],[-5.20742,40.7796],[-5.18992,40.78558],[-5.17955,40.79309],[-5.17763,40.80527],[-5.16151,40.814],[-5.15747,40.82411],[-5.16638,40.83419],[-5.16871,40.84039],[-5.16301,40.8545],[-5.16262,40.868],[-5.14902,40.87732],[-5.14943,40.88159],[-5.14016,40.88757],[-5.13885,40.89372],[-5.13023,40.89948],[-5.11701,40.90456],[-5.11122,40.91493],[-5.11696,40.92418],[-5.1161,40.93076],[-5.12817,40.94858],[-5.1276,40.95412],[-5.11668,40.95428],[-5.10484,40.96025],[-5.10641,40.96337],[-5.09997,40.97268],[-5.0964,40.98473],[-5.09964,40.98957],[-5.09158,40.99432],[-5.09202,41.00693],[-5.10098,41.01432],[-5.10661,41.0295],[-5.13131,41.03625],[-5.14654,41.04364],[-5.14696,41.05416],[-5.15299,41.06374],[-5.14859,41.09215],[-5.13951,41.09983],[-5.12917,41.10538],[-5.12493,41.13205],[-5.13235,41.13612],[-5.13617,41.14401],[-5.14508,41.14763],[-5.16609,41.16026],[-5.18506,41.16672],[-5.19126,41.16211],[-5.2005,41.16646],[-5.21734,41.16756],[-5.22227,41.17056],[-5.22494,41.18146],[-5.23075,41.19002],[-5.25297,41.19977],[-5.26862,41.19925],[-5.28847,41.19562],[-5.2919,41.18732],[-5.28874,41.18199],[-5.2917,41.16962],[-5.29861,41.16211],[-5.29151,41.15151],[-5.29786,41.12588],[-5.31605,41.1191],[-5.32895,41.11717],[-5.33255,41.12458],[-5.34077,41.12345],[-5.34771,41.13345],[-5.35699,41.14082],[-5.38377,41.13433],[-5.39109,41.14211],[-5.40155,41.1478],[-5.39998,41.15961],[-5.39658,41.16304],[-5.4026,41.17003],[-5.40759,41.18559],[-5.4181,41.18766],[-5.4431,41.18524],[-5.46844,41.17942],[-5.47504,41.17567],[-5.47556,41.16861],[-5.46983,41.15795],[-5.48434,41.1455],[-5.48821,41.15475],[-5.48815,41.17933],[-5.49658,41.17733],[-5.5132,41.1851],[-5.51808,41.19487],[-5.52519,41.19583],[-5.5564,41.21428],[-5.57233,41.21591],[-5.58793,41.20244],[-5.60462,41.20802],[-5.6106,41.21384],[-5.62832,41.21446],[-5.63276,41.22898],[-5.65574,41.24515],[-5.66342,41.24572],[-5.67894,41.23187],[-5.70122,41.23438],[-5.73246,41.22722],[-5.75125,41.22586],[-5.76438,41.21609],[-5.79083,41.21602],[-5.8087,41.22447],[-5.83522,41.22034],[-5.86467,41.228],[-5.87796,41.23739],[-5.89131,41.23583],[-5.89767,41.23859],[-5.91351,41.23077],[-5.92133,41.21815],[-5.91783,41.20486],[-5.91707,41.1924],[-5.91393,41.17934],[-5.92209,41.17583],[-5.93257,41.16607],[-5.93061,41.15956],[-5.93387,41.15146],[-5.9441,41.15049],[-5.94508,41.14418],[-5.95131,41.14027],[-5.96317,41.14604],[-5.96326,41.1501],[-5.97212,41.16263],[-5.97144,41.1688],[-5.97922,41.17457],[-5.98505,41.17334],[-6.00257,41.15314],[-6.0098,41.15206],[-6.02183,41.15526],[-6.0282,41.16652],[-6.02805,41.17571],[-6.01824,41.19026],[-6.01097,41.19379],[-6.00883,41.2005],[-6.02441,41.20305],[-6.04672,41.20901],[-6.05849,41.21471],[-6.06201,41.22105],[-6.07404,41.21132],[-6.09249,41.2125],[-6.1004,41.21024],[-6.10931,41.21261],[-6.12115,41.20373],[-6.1345,41.19039],[-6.14356,41.19779],[-6.16344,41.20741],[-6.17591,41.20797],[-6.19093,41.21367],[-6.19665,41.21823],[-6.22518,41.22773],[-6.23888,41.2401],[-6.25111,41.24174],[-6.26817,41.25561],[-6.28227,41.25394],[-6.29895,41.25732],[-6.31144,41.2634],[-6.31768,41.27089],[-6.32948,41.26836],[-6.33492,41.27163],[-6.34763,41.27268],[-6.35447,41.27915],[-6.37228,41.2863],[-6.38263,41.28572],[-6.39137,41.27892],[-6.40404,41.27882],[-6.42084,41.2829],[-6.42448,41.27973],[-6.44651,41.28434],[-6.45551,41.29182],[-6.46478,41.28644],[-6.47756,41.28758],[-6.47964,41.29422],[-6.48688,41.29135],[-6.49134,41.2849],[-6.47837,41.27639],[-6.48046,41.27351],[-6.49951,41.26512],[-6.51353,41.26624],[-6.51741,41.27448],[-6.54711,41.25797],[-6.5508,41.24654],[-6.56751,41.24234],[-6.57133,41.23904],[-6.5847,41.24091],[-6.58666,41.2524],[-6.5952,41.2529],[-6.59976,41.24347],[-6.60911,41.24954],[-6.61983,41.24776],[-6.62999,41.24276],[-6.64091,41.24755],[-6.64835,41.24774],[-6.65295,41.23536],[-6.66048,41.23391],[-6.67144,41.22318],[-6.68007,41.21942],[-6.69185,41.208],[-6.68845,41.20351],[-6.69292,41.19295],[-6.70147,41.18028],[-6.71985,41.16582],[-6.72811,41.16333],[-6.73686,41.1558],[-6.74047,41.14925],[-6.75056,41.14195],[-6.7669,41.13531],[-6.77076,41.12401],[-6.75467,41.10468],[-6.77412,41.08096],[-6.77376,41.07481],[-6.78662,41.06353],[-6.79093,41.05658],[-6.80821,41.04555],[-6.80893,41.0365],[-6.83377,41.02848],[-6.86852,41.02692],[-6.87987,41.02825],[-6.90209,41.03374],[-6.91155,41.03787],[-6.91949,41.03699],[-6.9312,41.02943],[-6.93163,41.01681],[-6.92402,41.01006],[-6.92158,41.00248],[-6.90993,40.99957],[-6.90353,40.98973],[-6.89141,40.98182],[-6.88558,40.9715],[-6.87539,40.9608],[-6.8669,40.95765],[-6.85996,40.95078],[-6.85246,40.93637],[-6.85332,40.93169],[-6.84763,40.92377],[-6.84911,40.90279],[-6.83803,40.89012],[-6.81991,40.88109],[-6.80996,40.88291],[-6.80188,40.86072],[-6.8032,40.84621],[-6.81245,40.84298],[-6.82593,40.84363],[-6.82134,40.83715],[-6.82394,40.83252],[-6.82365,40.81793],[-6.81734,40.80748],[-6.81705,40.79691],[-6.82547,40.78533],[-6.82773,40.77607],[-6.82583,40.76801],[-6.83112,40.75281],[-6.83032,40.74321],[-6.82345,40.72872],[-6.82003,40.72814],[-6.81077,40.71688],[-6.81325,40.70872],[-6.8071,40.69803],[-6.80176,40.67784],[-6.80465,40.66714],[-6.79402,40.66129],[-6.79891,40.65531],[-6.80603,40.63329],[-6.82086,40.61047],[-6.83872,40.59273],[-6.8368,40.58462],[-6.84536,40.56595],[-6.83493,40.56433],[-6.82319,40.55819],[-6.80828,40.55436],[-6.80087,40.55035],[-6.80548,40.53939],[-6.80419,40.53118],[-6.79745,40.52243],[-6.79527,40.51136],[-6.81083,40.50516],[-6.81713,40.497],[-6.81764,40.49007],[-6.82267,40.48316],[-6.83524,40.4754],[-6.8497,40.45151],[-6.83873,40.41473],[-6.83447,40.4077],[-6.82193,40.39564],[-6.8128,40.39117],[-6.81046,40.38495],[-6.79867,40.37779],[-6.79343,40.37214],[-6.78422,40.36988],[-6.78122,40.3638],[-6.79343,40.35648],[-6.79034,40.33422],[-6.79329,40.3297],[-6.804,40.32444],[-6.81799,40.32505],[-6.82834,40.31778],[-6.84028,40.31345],[-6.86393,40.29618],[-6.86223,40.27917],[-6.8649,40.27027],[-6.8468,40.25443],[-6.83994,40.2556],[-6.83452,40.24758],[-6.81824,40.24378],[-6.80163,40.2427],[-6.80216,40.24956],[-6.78155,40.24909],[-6.77746,40.2454],[-6.7556,40.23892],[-6.75555,40.24626],[-6.74143,40.25618],[-6.73522,40.25719],[-6.72674,40.26499],[-6.71822,40.26924],[-6.71033,40.26576],[-6.70322,40.2511],[-6.69014,40.24266],[-6.68846,40.2466],[-6.67776,40.25096],[-6.67772,40.258],[-6.67175,40.26323],[-6.64238,40.26799],[-6.6346,40.26465],[-6.6148,40.26606],[-6.59742,40.27164],[-6.58702,40.27072],[-6.5836,40.27447],[-6.57134,40.2792],[-6.55833,40.29022],[-6.55602,40.30417],[-6.56475,40.31461],[-6.56041,40.32905],[-6.53628,40.34724],[-6.49343,40.36201],[-6.48585,40.36324],[-6.47472,40.37012],[-6.46321,40.37284],[-6.45289,40.37088],[-6.43771,40.37329],[-6.43965,40.38158],[-6.42499,40.39107],[-6.41964,40.39889],[-6.40781,40.40199],[-6.39122,40.39897],[-6.37518,40.40031],[-6.36266,40.40722],[-6.36145,40.41537],[-6.3651,40.42163],[-6.34594,40.43706],[-6.34464,40.44278],[-6.33337,40.44777],[-6.29443,40.45197],[-6.28784,40.45757],[-6.27101,40.46088],[-6.26377,40.4716],[-6.25502,40.47],[-6.23994,40.48586],[-6.23048,40.4866],[-6.21204,40.48269],[-6.20137,40.48288],[-6.19132,40.47156],[-6.18037,40.46268],[-6.16836,40.45868],[-6.15592,40.45708],[-6.15611,40.44788],[-6.14776,40.43728],[-6.13829,40.43549],[-6.11955,40.44213],[-6.11659,40.43448],[-6.12556,40.42957],[-6.12925,40.42039],[-6.11966,40.41914],[-6.11584,40.41414],[-6.1034,40.4144],[-6.08758,40.40819],[-6.08285,40.40233],[-6.07521,40.40304],[-6.07289,40.39531],[-6.07685,40.38964],[-6.07118,40.38633],[-6.07669,40.38025],[-6.08424,40.37933],[-6.08106,40.36516],[-6.0852,40.36023],[-6.09242,40.36166],[-6.09757,40.35602],[-6.06847,40.34777],[-6.05356,40.34213],[-6.03802,40.34208],[-6.02768,40.33953],[-6.01614,40.33998],[-6.01958,40.32264],[-6.00532,40.30537],[-5.99214,40.29901],[-5.98244,40.29826],[-5.96849,40.28956],[-5.96495,40.29149],[-5.94167,40.28442],[-5.93778,40.28107],[-5.92084,40.2809],[-5.90359,40.29533],[-5.8923,40.3119],[-5.8937,40.31823],[-5.88424,40.3266],[-5.87656,40.32608],[-5.86763,40.3314],[-5.85367,40.33148],[-5.84713,40.32805],[-5.81649,40.35111],[-5.79496,40.35123],[-5.78998,40.33349],[-5.78453,40.32346],[-5.78199,40.31246],[-5.7939,40.3],[-5.80224,40.29655],[-5.79314,40.2867],[-5.76499,40.28078],[-5.74438,40.28886],[-5.73756,40.29412]]]},"properties":{"codi_prov":"37","provincia":"Salamanca","codi_ccaa":"07"}},{"type":"Feature","geometry":{"type":"MultiPolygon","coordinates":[[[[-12.26104,34.19253],[-12.25733,34.21957],[-12.24883,34.2287],[-12.23167,34.22855],[-12.227,34.23226],[-12.22409,34.24668],[-12.21256,34.26339],[-12.21112,34.27183],[-12.20413,34.28416],[-12.19619,34.28767],[-12.18874,34.29993],[-12.1833,34.30415],[-12.18364,34.31305],[-12.19401,34.32391],[-12.19353,34.32955],[-12.20734,34.34309],[-12.21573,34.34396],[-12.22281,34.34886],[-12.23491,34.34858],[-12.24521,34.34102],[-12.25578,34.34172],[-12.27533,34.32591],[-12.28819,34.3212],[-12.28629,34.30736],[-12.28907,34.29973],[-12.2977,34.29084],[-12.30613,34.28871],[-12.31463,34.28283],[-12.3216,34.27274],[-12.33965,34.2622],[-12.35752,34.25792],[-12.37095,34.25313],[-12.38227,34.25313],[-12.41406,34.25945],[-12.42126,34.26867],[-12.43242,34.27116],[-12.44071,34.26259],[-12.45129,34.25986],[-12.45529,34.25135],[-12.45199,34.24853],[-12.4519,34.23197],[-12.45967,34.22507],[-12.46073,34.21631],[-12.45657,34.21091],[-12.44593,34.20384],[-12.42421,34.20512],[-12.4072,34.20084],[-12.39799,34.20096],[-12.3832,34.19705],[-12.37231,34.19714],[-12.35058,34.19271],[-12.33777,34.18623],[-12.32788,34.17721],[-12.32873,34.17389],[-12.31948,34.16542],[-12.3196,34.1609],[-12.3093,34.14936],[-12.29878,34.14677],[-12.29476,34.14052],[-12.28671,34.13773],[-12.2781,34.13946],[-12.27038,34.14898],[-12.27236,34.17205],[-12.26722,34.17949],[-12.26666,34.18577],[-12.26104,34.19253]]],[[[-12.2189,35.09211],[-12.21092,35.0862],[-12.20667,35.07554],[-12.20025,35.07269],[-12.19362,35.05727],[-12.18441,35.04897],[-12.18004,35.04019],[-12.17837,35.02757],[-12.17562,35.02229],[-12.17468,35.00939],[-12.1757,34.99395],[-12.16886,34.9838],[-12.16828,34.97398],[-12.15735,34.96086],[-12.14055,34.95282],[-12.13253,34.95791],[-12.13088,34.96675],[-12.12645,34.97131],[-12.11711,34.99463],[-12.10891,35.00195],[-12.10039,35.01807],[-12.09601,35.01947],[-12.08991,35.03251],[-12.08673,35.04363],[-12.07105,35.05648],[-12.06627,35.06525],[-12.06009,35.06987],[-12.05977,35.08381],[-12.05517,35.09222],[-12.05534,35.11381],[-12.05018,35.12208],[-12.05782,35.13935],[-12.05663,35.14904],[-12.06135,35.15374],[-12.06205,35.16258],[-12.06817,35.16798],[-12.06874,35.17732],[-12.05942,35.18801],[-12.05943,35.19626],[-12.04613,35.21205],[-12.03256,35.22019],[-12.03337,35.22389],[-12.02591,35.23418],[-12.02457,35.24209],[-12.02989,35.24417],[-12.03333,35.25617],[-12.04285,35.26201],[-12.05006,35.27203],[-12.05489,35.28591],[-12.05792,35.28724],[-12.05909,35.30311],[-12.06984,35.31789],[-12.07461,35.32685],[-12.07789,35.3396],[-12.09711,35.34317],[-12.10702,35.34312],[-12.11447,35.33924],[-12.14072,35.33471],[-12.14716,35.33561],[-12.15713,35.33271],[-12.19021,35.34008],[-12.20335,35.34657],[-12.20511,35.35293],[-12.21074,35.35758],[-12.21982,35.35743],[-12.2251,35.35301],[-12.22651,35.3463],[-12.23883,35.34104],[-12.2464,35.34237],[-12.25052,35.33465],[-12.26663,35.32303],[-12.27619,35.31098],[-12.27838,35.30462],[-12.28783,35.29596],[-12.29497,35.29602],[-12.29624,35.29031],[-12.30459,35.28355],[-12.30673,35.27607],[-12.3035,35.26317],[-12.30694,35.25746],[-12.29446,35.24395],[-12.28944,35.23322],[-12.28173,35.22883],[-12.28069,35.21886],[-12.27364,35.21018],[-12.27444,35.20475],[-12.26821,35.19295],[-12.26285,35.17512],[-12.26421,35.16785],[-12.25795,35.16372],[-12.25543,35.15787],[-12.2384,35.13995],[-12.23772,35.13493],[-12.22595,35.11553],[-12.22913,35.11097],[-12.2242,35.10267],[-12.22494,35.09505],[-12.2189,35.09211]]],[[[-11.62962,34.58089],[-11.62038,34.57575],[-11.62092,34.56494],[-11.60763,34.5514],[-11.59883,34.55011],[-11.58918,34.53954],[-11.57967,34.53824],[-11.57362,34.53354],[-11.57104,34.52569],[-11.55631,34.52634],[-11.54345,34.51986],[-11.53421,34.52507],[-11.51717,34.52582],[-11.49792,34.52446],[-11.49558,34.52893],[-11.48574,34.52982],[-11.48109,34.53729],[-11.46397,34.54273],[-11.45302,34.5546],[-11.44417,34.55557],[-11.44469,34.56074],[-11.42817,34.57385],[-11.41791,34.57558],[-11.4095,34.58987],[-11.39852,34.59559],[-11.40402,34.60335],[-11.40382,34.6141],[-11.40612,34.62268],[-11.40346,34.62835],[-11.414,34.63564],[-11.41076,34.64161],[-11.41768,34.64545],[-11.41789,34.65197],[-11.43203,34.65477],[-11.43569,34.65948],[-11.45062,34.6634],[-11.45685,34.66901],[-11.46609,34.6726],[-11.46813,34.68082],[-11.47637,34.67739],[-11.48427,34.6812],[-11.48559,34.68766],[-11.50149,34.69949],[-11.50721,34.69718],[-11.51203,34.7021],[-11.52843,34.70219],[-11.53549,34.70389],[-11.54518,34.70094],[-11.55271,34.70368],[-11.55264,34.7089],[-11.56046,34.71337],[-11.56037,34.71737],[-11.57516,34.7178],[-11.5853,34.71021],[-11.59984,34.70831],[-11.60587,34.70337],[-11.61595,34.70439],[-11.6228,34.69745],[-11.62134,34.69215],[-11.62907,34.68718],[-11.6333,34.67638],[-11.63661,34.67431],[-11.63473,34.66268],[-11.64608,34.64856],[-11.64111,34.63142],[-11.64533,34.62378],[-11.64893,34.59837],[-11.64204,34.59464],[-11.63952,34.58596],[-11.62962,34.58089]]],[[[-10.93867,34.50835],[-10.92577,34.51845],[-10.90715,34.52298],[-10.89576,34.52913],[-10.89096,34.52763],[-10.87128,34.53119],[-10.85172,34.52974],[-10.84653,34.5249],[-10.84027,34.53233],[-10.84081,34.54244],[-10.82208,34.55328],[-10.80724,34.56969],[-10.80389,34.57616],[-10.7935,34.57886],[-10.79079,34.58839],[-10.77527,34.60185],[-10.77251,34.60794],[-10.76193,34.61428],[-10.76388,34.61837],[-10.74258,34.63476],[-10.7399,34.6423],[-10.73151,34.64258],[-10.72528,34.65009],[-10.73435,34.65557],[-10.731,34.66487],[-10.72794,34.6859],[-10.72093,34.69852],[-10.72502,34.70209],[-10.71035,34.72296],[-10.70874,34.73121],[-10.69408,34.7575],[-10.6873,34.76453],[-10.68399,34.77242],[-10.68375,34.78473],[-10.66967,34.79981],[-10.66208,34.80596],[-10.65939,34.81997],[-10.66302,34.82638],[-10.6626,34.83297],[-10.66898,34.84644],[-10.66894,34.85755],[-10.66113,34.86871],[-10.66168,34.87594],[-10.65562,34.88325],[-10.64721,34.88672],[-10.64429,34.89154],[-10.62834,34.90234],[-10.61951,34.9005],[-10.61772,34.90461],[-10.60861,34.90877],[-10.59399,34.92065],[-10.59181,34.92658],[-10.58078,34.93362],[-10.56978,34.94735],[-10.55971,34.95188],[-10.55401,34.95049],[-10.54533,34.96523],[-10.54487,34.97437],[-10.53537,34.98653],[-10.51823,34.98976],[-10.50272,34.99907],[-10.49795,34.99618],[-10.48723,35.00799],[-10.47942,35.00945],[-10.47299,35.01545],[-10.45593,35.02284],[-10.4437,35.02129],[-10.43783,35.0325],[-10.42947,35.03699],[-10.42662,35.04823],[-10.41949,35.05567],[-10.42575,35.06211],[-10.42735,35.07163],[-10.43518,35.07726],[-10.43653,35.08289],[-10.45811,35.08866],[-10.47509,35.08169],[-10.49322,35.07192],[-10.49705,35.07283],[-10.52562,35.06547],[-10.53391,35.06689],[-10.54318,35.07173],[-10.55706,35.06938],[-10.5614,35.07317],[-10.57216,35.07516],[-10.5781,35.07131],[-10.58364,35.07614],[-10.59063,35.07013],[-10.59717,35.06902],[-10.61637,35.07271],[-10.61934,35.07825],[-10.62864,35.07674],[-10.63176,35.07313],[-10.63364,35.05777],[-10.64429,35.05673],[-10.65415,35.04981],[-10.66843,35.04678],[-10.68345,35.04631],[-10.69729,35.0384],[-10.71565,35.02105],[-10.72388,35.00625],[-10.72693,34.99249],[-10.72975,34.98797],[-10.74353,34.976],[-10.75639,34.96863],[-10.75564,34.96022],[-10.77416,34.95304],[-10.76999,34.94847],[-10.7768,34.94073],[-10.78686,34.93775],[-10.79694,34.93846],[-10.80307,34.92455],[-10.81186,34.91955],[-10.82069,34.91755],[-10.84086,34.9172],[-10.85518,34.91873],[-10.86207,34.91124],[-10.87823,34.90512],[-10.88786,34.89805],[-10.89817,34.89972],[-10.90827,34.89369],[-10.9273,34.89637],[-10.93834,34.89431],[-10.94439,34.89854],[-10.95276,34.89578],[-10.96955,34.90096],[-10.97674,34.89865],[-10.98146,34.89036],[-10.99336,34.89294],[-10.99463,34.88723],[-11.0011,34.88369],[-11.01669,34.88586],[-11.03369,34.88248],[-11.04283,34.87826],[-11.04925,34.8713],[-11.05501,34.87494],[-11.08086,34.87338],[-11.0947,34.87676],[-11.10778,34.87594],[-11.12568,34.88826],[-11.129,34.89325],[-11.14151,34.88728],[-11.14892,34.88799],[-11.15501,34.88134],[-11.18193,34.8673],[-11.19586,34.8626],[-11.20406,34.86482],[-11.21617,34.86138],[-11.22416,34.85045],[-11.22072,34.84284],[-11.20472,34.83835],[-11.18945,34.81809],[-11.18201,34.81417],[-11.18036,34.80342],[-11.17035,34.79635],[-11.15942,34.77489],[-11.1504,34.77292],[-11.15004,34.76803],[-11.14109,34.7644],[-11.1378,34.75562],[-11.13966,34.74825],[-11.1459,34.73987],[-11.13834,34.72424],[-11.13331,34.70205],[-11.12981,34.70116],[-11.11965,34.68078],[-11.11297,34.68003],[-11.10594,34.67227],[-11.10422,34.65772],[-11.09874,34.65274],[-11.09756,34.6467],[-11.08847,34.63698],[-11.08651,34.63031],[-11.08015,34.6214],[-11.07464,34.61834],[-11.0691,34.6104],[-11.06369,34.61051],[-11.05905,34.60265],[-11.05039,34.59447],[-11.03892,34.58804],[-11.03278,34.57274],[-11.03293,34.56376],[-11.03675,34.55453],[-11.02065,34.54827],[-11.01446,34.54939],[-11.00938,34.54191],[-11.00996,34.53606],[-11.00457,34.52694],[-11.00735,34.51108],[-11.00178,34.50463],[-10.99372,34.50019],[-10.97815,34.49839],[-10.96615,34.50769],[-10.94601,34.50379],[-10.93867,34.50835]]]]},"properties":{"codi_prov":"38","provincia":"Santa Cruz de Tenerife","codi_ccaa":"05"}},{"type":"Feature","geometry":{"type":"MultiPolygon","coordinates":[[[[-4.04611,42.7668],[-4.05022,42.7798],[-4.04375,42.78879],[-4.03179,42.79359],[-4.03292,42.80126],[-4.02398,42.80634],[-4.01418,42.80638],[-4.02078,42.81935],[-4.01104,42.83038],[-4.00356,42.83141],[-3.99963,42.81955],[-4.00087,42.8098],[-3.99706,42.80323],[-3.99594,42.78622],[-3.99965,42.76898],[-3.99066,42.77098],[-3.98159,42.76831],[-3.97888,42.75808],[-3.96569,42.7586],[-3.94879,42.7675],[-3.93059,42.77449],[-3.92648,42.77013],[-3.91095,42.76839],[-3.90966,42.78644],[-3.90147,42.78859],[-3.89445,42.80454],[-3.88398,42.79718],[-3.86461,42.78661],[-3.85424,42.78756],[-3.84417,42.79245],[-3.82356,42.79886],[-3.8165,42.81041],[-3.82011,42.82794],[-3.81699,42.83646],[-3.83408,42.85249],[-3.83488,42.85597],[-3.82535,42.86863],[-3.83631,42.8788],[-3.86026,42.88705],[-3.86817,42.88531],[-3.87381,42.87476],[-3.87356,42.86267],[-3.86824,42.85703],[-3.87996,42.85112],[-3.88737,42.85673],[-3.89932,42.86012],[-3.91212,42.85911],[-3.91231,42.86789],[-3.90506,42.86951],[-3.89221,42.88704],[-3.89874,42.90398],[-3.88288,42.90394],[-3.86798,42.89886],[-3.85832,42.9036],[-3.85584,42.91405],[-3.85167,42.91949],[-3.8382,42.91665],[-3.8311,42.9214],[-3.83067,42.93013],[-3.83992,42.94018],[-3.86685,42.95477],[-3.86987,42.94985],[-3.88726,42.94891],[-3.8921,42.92451],[-3.9072,42.92448],[-3.91773,42.91615],[-3.92328,42.91553],[-3.92575,42.90394],[-3.93325,42.89918],[-3.93581,42.90811],[-3.95387,42.91097],[-3.97157,42.91136],[-3.98681,42.92479],[-3.99058,42.93061],[-3.98707,42.93606],[-3.97816,42.96046],[-3.96592,42.98446],[-3.95609,42.99796],[-3.94502,43.00649],[-3.92478,43.01074],[-3.91368,43.01453],[-3.90345,43.02266],[-3.88863,43.04242],[-3.86063,43.04373],[-3.85019,43.03992],[-3.84986,43.0482],[-3.83408,43.05878],[-3.8342,43.0643],[-3.84553,43.07122],[-3.85166,43.07783],[-3.84824,43.08341],[-3.8338,43.08044],[-3.81844,43.08143],[-3.81496,43.08554],[-3.80124,43.0831],[-3.78848,43.07838],[-3.76826,43.08037],[-3.75701,43.08531],[-3.76005,43.09219],[-3.75495,43.10066],[-3.73703,43.10258],[-3.71952,43.10825],[-3.7178,43.11232],[-3.70619,43.11521],[-3.70386,43.1232],[-3.69522,43.12602],[-3.68365,43.13612],[-3.68564,43.14165],[-3.66769,43.15783],[-3.66689,43.16235],[-3.65461,43.17139],[-3.65695,43.17653],[-3.6495,43.17984],[-3.6313,43.1725],[-3.62251,43.17361],[-3.61259,43.16957],[-3.60692,43.16344],[-3.60631,43.15671],[-3.59964,43.15182],[-3.58526,43.15441],[-3.56117,43.14945],[-3.54364,43.14815],[-3.53039,43.14271],[-3.509,43.13619],[-3.48686,43.13368],[-3.47991,43.13599],[-3.45865,43.13557],[-3.43423,43.13146],[-3.41761,43.13332],[-3.42195,43.15233],[-3.4322,43.16698],[-3.43602,43.1914],[-3.43312,43.20662],[-3.44429,43.22114],[-3.45015,43.23621],[-3.44176,43.2351],[-3.43085,43.24036],[-3.41253,43.24177],[-3.4104,43.24702],[-3.39944,43.24628],[-3.3931,43.25146],[-3.39012,43.26248],[-3.3831,43.27037],[-3.36915,43.27453],[-3.35979,43.27191],[-3.33887,43.27834],[-3.34313,43.29428],[-3.33108,43.30062],[-3.32156,43.29245],[-3.31341,43.29745],[-3.29494,43.30076],[-3.29112,43.29037],[-3.27945,43.29005],[-3.2645,43.29602],[-3.25746,43.29208],[-3.22107,43.28734],[-3.20945,43.28361],[-3.20528,43.29095],[-3.19321,43.29845],[-3.15733,43.30132],[-3.15146,43.30717],[-3.14963,43.31928],[-3.15436,43.34102],[-3.15076,43.34871],[-3.15329,43.35332],[-3.16079,43.35215],[-3.18196,43.35918],[-3.20056,43.3743],[-3.21213,43.375],[-3.22206,43.3941],[-3.25731,43.40301],[-3.2812,43.40296],[-3.29687,43.40683],[-3.31101,43.40825],[-3.31274,43.40369],[-3.32438,43.40445],[-3.33009,43.41614],[-3.34322,43.4162],[-3.36567,43.41187],[-3.37206,43.41686],[-3.38153,43.41508],[-3.38884,43.41728],[-3.42524,43.41325],[-3.43502,43.41789],[-3.44361,43.42566],[-3.45005,43.43606],[-3.46093,43.42857],[-3.47127,43.43337],[-3.46058,43.4391],[-3.43909,43.4371],[-3.42575,43.44428],[-3.42706,43.45733],[-3.43088,43.462],[-3.4488,43.46711],[-3.46365,43.4652],[-3.47944,43.46916],[-3.4938,43.47054],[-3.51475,43.47937],[-3.51518,43.49231],[-3.51888,43.49476],[-3.53172,43.49218],[-3.53903,43.4937],[-3.5411,43.50206],[-3.54927,43.50834],[-3.58017,43.50713],[-3.58379,43.51238],[-3.59671,43.51274],[-3.6118,43.49918],[-3.63372,43.49662],[-3.64464,43.4981],[-3.65808,43.49013],[-3.67305,43.48539],[-3.68114,43.47806],[-3.69041,43.47611],[-3.70588,43.47959],[-3.72299,43.47312],[-3.73323,43.45989],[-3.75637,43.45707],[-3.75351,43.44957],[-3.7451,43.44837],[-3.74809,43.44079],[-3.75722,43.43063],[-3.76145,43.43707],[-3.75494,43.44139],[-3.75593,43.44815],[-3.76937,43.44884],[-3.78691,43.43683],[-3.79079,43.43041],[-3.78236,43.42168],[-3.8034,43.41353],[-3.81723,43.41383],[-3.80378,43.42616],[-3.8141,43.42865],[-3.81433,43.44947],[-3.8089,43.45668],[-3.79609,43.46277],[-3.78101,43.46369],[-3.77548,43.47006],[-3.78698,43.48095],[-3.78193,43.48636],[-3.7853,43.49134],[-3.8007,43.49202],[-3.81157,43.49493],[-3.83368,43.48491],[-3.84201,43.48366],[-3.86274,43.47606],[-3.87931,43.47761],[-3.89753,43.47661],[-3.91093,43.4728],[-3.91626,43.47465],[-3.94285,43.46941],[-3.9571,43.45582],[-3.97851,43.44505],[-3.9854,43.44591],[-3.99931,43.43963],[-4.01474,43.44799],[-4.03248,43.43595],[-4.0443,43.43701],[-4.075,43.43056],[-4.08198,43.43434],[-4.09318,43.43275],[-4.09448,43.42767],[-4.11199,43.41882],[-4.13744,43.4131],[-4.15323,43.41116],[-4.17523,43.40105],[-4.17929,43.40447],[-4.19367,43.40243],[-4.20026,43.39905],[-4.20828,43.40129],[-4.21759,43.39619],[-4.23264,43.40052],[-4.25535,43.39713],[-4.28058,43.38799],[-4.2888,43.39091],[-4.3078,43.39239],[-4.32802,43.39125],[-4.33805,43.39701],[-4.33998,43.40576],[-4.3541,43.40351],[-4.3727,43.39309],[-4.38323,43.39188],[-4.39785,43.39703],[-4.41468,43.39832],[-4.43947,43.39592],[-4.4435,43.39785],[-4.47293,43.39003],[-4.47641,43.39549],[-4.48741,43.3931],[-4.49481,43.39749],[-4.51243,43.39328],[-4.51045,43.38175],[-4.52357,43.36932],[-4.53438,43.36768],[-4.53185,43.359],[-4.53767,43.3473],[-4.53663,43.34246],[-4.523,43.33809],[-4.52703,43.32761],[-4.52017,43.31466],[-4.51857,43.29404],[-4.52152,43.28041],[-4.53267,43.27532],[-4.53821,43.26921],[-4.54737,43.26898],[-4.55361,43.27944],[-4.55026,43.28569],[-4.56153,43.29],[-4.57339,43.28908],[-4.591,43.2931],[-4.59798,43.29814],[-4.6069,43.29662],[-4.62084,43.28791],[-4.63698,43.2743],[-4.63447,43.2683],[-4.64986,43.26806],[-4.65832,43.26416],[-4.67338,43.26755],[-4.70109,43.26489],[-4.73012,43.25505],[-4.7226,43.24058],[-4.72101,43.22951],[-4.73067,43.22344],[-4.72813,43.218],[-4.73647,43.20694],[-4.73713,43.196],[-4.73362,43.19102],[-4.74352,43.18443],[-4.75427,43.184],[-4.77899,43.19208],[-4.78672,43.18578],[-4.81061,43.18119],[-4.81657,43.1833],[-4.82332,43.17833],[-4.84102,43.18078],[-4.85166,43.17358],[-4.83884,43.16675],[-4.83474,43.15822],[-4.8386,43.14704],[-4.84385,43.14602],[-4.8427,43.13333],[-4.85143,43.12594],[-4.83627,43.11575],[-4.83312,43.10186],[-4.82176,43.09884],[-4.81731,43.09287],[-4.79713,43.08823],[-4.77647,43.0805],[-4.76686,43.07469],[-4.76605,43.05528],[-4.7441,43.05536],[-4.73415,43.04767],[-4.74327,43.02659],[-4.73785,43.02094],[-4.72497,43.01785],[-4.7158,43.01894],[-4.70793,43.02522],[-4.6847,43.02633],[-4.6681,43.02077],[-4.65098,43.02084],[-4.63951,43.01636],[-4.63141,43.02351],[-4.61244,43.03034],[-4.60664,43.03557],[-4.58941,43.02535],[-4.57407,43.027],[-4.55937,43.01923],[-4.52125,43.04753],[-4.49386,43.03881],[-4.47535,43.03868],[-4.47112,43.05121],[-4.46207,43.06099],[-4.45684,43.05689],[-4.44756,43.05837],[-4.43228,43.04571],[-4.40942,43.03999],[-4.3981,43.03501],[-4.38955,43.02554],[-4.38605,43.01608],[-4.37796,43.00977],[-4.37336,42.99504],[-4.34798,42.97239],[-4.3137,42.96949],[-4.29958,42.96621],[-4.2894,42.96908],[-4.27799,42.96529],[-4.26259,42.96534],[-4.24394,42.958],[-4.23832,42.95416],[-4.23937,42.93872],[-4.23643,42.91693],[-4.22245,42.91075],[-4.23076,42.90475],[-4.23051,42.89597],[-4.2262,42.88691],[-4.22248,42.86413],[-4.22561,42.8587],[-4.21853,42.85045],[-4.20942,42.84521],[-4.19923,42.84434],[-4.19036,42.85286],[-4.17836,42.85911],[-4.16609,42.86053],[-4.15012,42.87144],[-4.14879,42.86589],[-4.13974,42.85936],[-4.12602,42.85668],[-4.12814,42.84625],[-4.13736,42.83933],[-4.14126,42.8303],[-4.15082,42.83149],[-4.15706,42.83757],[-4.16524,42.82853],[-4.17873,42.82613],[-4.18587,42.81718],[-4.1825,42.81043],[-4.17401,42.80862],[-4.15615,42.79529],[-4.15054,42.78941],[-4.13743,42.79052],[-4.12331,42.79439],[-4.11181,42.7943],[-4.09854,42.79129],[-4.10038,42.78458],[-4.09374,42.77345],[-4.08326,42.76865],[-4.08146,42.76162],[-4.07193,42.76068],[-4.05448,42.7634],[-4.04611,42.7668]],[[-4.11322,42.81621],[-4.1073,42.8277],[-4.08887,42.81853],[-4.08788,42.80568],[-4.09146,42.79806],[-4.10157,42.79373],[-4.10935,42.80306],[-4.10582,42.80839],[-4.11322,42.81621]],[[-4.16159,42.82033],[-4.16173,42.81306],[-4.17521,42.81181],[-4.18298,42.8205],[-4.17696,42.82356],[-4.16159,42.82033]]],[[[-3.27722,43.26351],[-3.30453,43.25826],[-3.30572,43.2527],[-3.29339,43.24265],[-3.29729,43.22218],[-3.29268,43.21896],[-3.29681,43.20602],[-3.28779,43.20059],[-3.27552,43.20091],[-3.26549,43.20647],[-3.27124,43.21917],[-3.26679,43.22329],[-3.2697,43.23272],[-3.2575,43.23966],[-3.25202,43.24612],[-3.24918,43.25965],[-3.27014,43.2666],[-3.27722,43.26351]]]]},"properties":{"codi_prov":"39","provincia":"Cantabria","codi_ccaa":"06"}},{"type":"Feature","geometry":{"type":"Polygon","coordinates":[[[-3.98067,41.58337],[-3.98546,41.56495],[-3.99386,41.55601],[-3.99309,41.537],[-3.99468,41.52417],[-3.9999,41.5161],[-4.01832,41.5187],[-4.0274,41.5178],[-4.03643,41.50995],[-4.04855,41.50788],[-4.05803,41.49732],[-4.06528,41.49475],[-4.07866,41.4954],[-4.1087,41.48327],[-4.1365,41.477],[-4.14249,41.46994],[-4.15832,41.4821],[-4.16942,41.47577],[-4.17834,41.47539],[-4.19746,41.4711],[-4.22784,41.45997],[-4.23349,41.45574],[-4.24824,41.46209],[-4.26438,41.4562],[-4.28781,41.45825],[-4.30004,41.45772],[-4.31922,41.45332],[-4.32043,41.44843],[-4.33168,41.44498],[-4.33554,41.44816],[-4.35789,41.4492],[-4.36493,41.43888],[-4.38106,41.43844],[-4.41062,41.44165],[-4.4189,41.43983],[-4.4256,41.43279],[-4.43635,41.42703],[-4.46366,41.41913],[-4.46582,41.41444],[-4.48277,41.41198],[-4.48633,41.40879],[-4.5018,41.41086],[-4.51496,41.40966],[-4.51528,41.39409],[-4.484,41.3668],[-4.4959,41.36393],[-4.50005,41.35763],[-4.49669,41.34961],[-4.50224,41.3428],[-4.49391,41.32641],[-4.48228,41.32616],[-4.47389,41.32226],[-4.47059,41.31665],[-4.46779,41.29589],[-4.47146,41.29156],[-4.48168,41.29495],[-4.49029,41.30118],[-4.5001,41.30226],[-4.50538,41.31129],[-4.52428,41.32009],[-4.53402,41.31929],[-4.5575,41.30265],[-4.56526,41.30279],[-4.57678,41.30823],[-4.58669,41.31709],[-4.59685,41.32059],[-4.60515,41.31314],[-4.60198,41.30265],[-4.5902,41.29195],[-4.57562,41.28374],[-4.57488,41.27382],[-4.58788,41.2705],[-4.59867,41.26417],[-4.6033,41.25405],[-4.62393,41.23434],[-4.65086,41.22142],[-4.64645,41.20914],[-4.65063,41.2001],[-4.63635,41.19061],[-4.63193,41.18483],[-4.62775,41.1708],[-4.64369,41.1681],[-4.66591,41.18033],[-4.68056,41.18574],[-4.68444,41.18068],[-4.70234,41.17451],[-4.72134,41.15697],[-4.7221,41.14932],[-4.71995,41.13489],[-4.72456,41.12266],[-4.71512,41.11064],[-4.71606,41.10424],[-4.71003,41.09927],[-4.71334,41.09167],[-4.71651,41.07159],[-4.71319,41.06294],[-4.70544,41.05425],[-4.69928,41.05178],[-4.68014,41.05092],[-4.66567,41.04529],[-4.65278,41.03424],[-4.63815,41.02864],[-4.61725,41.00365],[-4.61824,40.99745],[-4.61232,40.98655],[-4.60675,40.9708],[-4.59596,40.9658],[-4.57558,40.96065],[-4.56635,40.9562],[-4.56682,40.94545],[-4.55947,40.93877],[-4.55928,40.9132],[-4.55245,40.90746],[-4.55598,40.90389],[-4.55517,40.89497],[-4.55956,40.88585],[-4.5509,40.87952],[-4.53531,40.87237],[-4.5356,40.86546],[-4.53157,40.85864],[-4.54986,40.85335],[-4.55892,40.83959],[-4.54639,40.82555],[-4.5339,40.8287],[-4.52462,40.82577],[-4.50882,40.83132],[-4.49322,40.83047],[-4.48683,40.8202],[-4.48611,40.81434],[-4.47689,40.80758],[-4.47318,40.80005],[-4.48057,40.79454],[-4.48058,40.78616],[-4.4725,40.78207],[-4.47463,40.77686],[-4.45989,40.75882],[-4.45445,40.75453],[-4.43979,40.75017],[-4.43148,40.74283],[-4.42689,40.72962],[-4.43022,40.72817],[-4.43566,40.71588],[-4.42343,40.67565],[-4.41925,40.65496],[-4.41962,40.63343],[-4.40513,40.63444],[-4.39397,40.63324],[-4.38646,40.63608],[-4.35336,40.63712],[-4.33496,40.63948],[-4.32814,40.64726],[-4.31951,40.64766],[-4.32412,40.65803],[-4.31619,40.66675],[-4.28482,40.68122],[-4.27416,40.67709],[-4.26555,40.68505],[-4.24658,40.68981],[-4.2384,40.68816],[-4.22621,40.68945],[-4.21548,40.69297],[-4.18762,40.69585],[-4.1642,40.69301],[-4.16023,40.68982],[-4.14567,40.69465],[-4.13606,40.71775],[-4.12569,40.72449],[-4.12521,40.72963],[-4.11044,40.74398],[-4.09699,40.74774],[-4.09431,40.7553],[-4.09669,40.76422],[-4.08104,40.7766],[-4.0767,40.78888],[-4.07009,40.79392],[-4.04697,40.79018],[-4.0422,40.78379],[-4.02132,40.78119],[-4.00285,40.78865],[-3.98975,40.78547],[-3.97812,40.78742],[-3.97996,40.79939],[-3.97553,40.80686],[-3.96832,40.81175],[-3.96212,40.82345],[-3.96574,40.83496],[-3.96248,40.84427],[-3.95689,40.84852],[-3.94711,40.86297],[-3.94724,40.87329],[-3.94251,40.88302],[-3.95228,40.89363],[-3.93706,40.91568],[-3.93795,40.92718],[-3.92176,40.92993],[-3.91718,40.94301],[-3.91166,40.94455],[-3.9072,40.9553],[-3.89864,40.95883],[-3.89518,40.96552],[-3.87904,40.9752],[-3.86996,40.97108],[-3.85931,40.97919],[-3.84741,40.97938],[-3.84451,40.98235],[-3.82909,40.98665],[-3.82123,40.98483],[-3.80944,40.98781],[-3.80314,40.99235],[-3.7935,40.99404],[-3.78137,41.00031],[-3.75905,41.02707],[-3.75554,41.02793],[-3.739,41.04971],[-3.74045,41.05364],[-3.73057,41.06142],[-3.72038,41.0656],[-3.71399,41.07321],[-3.6899,41.08446],[-3.67954,41.08423],[-3.67217,41.092],[-3.65106,41.10776],[-3.64502,41.12129],[-3.63349,41.12634],[-3.63399,41.13488],[-3.61897,41.14367],[-3.6137,41.14905],[-3.59881,41.15434],[-3.59122,41.15464],[-3.58272,41.16142],[-3.56919,41.15951],[-3.55802,41.1644],[-3.53972,41.16504],[-3.52711,41.16616],[-3.51908,41.16285],[-3.50819,41.16773],[-3.4993,41.17878],[-3.47823,41.18084],[-3.46995,41.18368],[-3.4594,41.19116],[-3.45595,41.19938],[-3.44922,41.2054],[-3.44402,41.215],[-3.42413,41.21446],[-3.41784,41.21646],[-3.40719,41.21173],[-3.40081,41.22468],[-3.40624,41.23249],[-3.39848,41.24202],[-3.39975,41.25461],[-3.37783,41.25983],[-3.36946,41.26042],[-3.33719,41.25268],[-3.32505,41.26207],[-3.31353,41.26143],[-3.30149,41.25712],[-3.29035,41.25819],[-3.28942,41.26462],[-3.28093,41.27317],[-3.27566,41.27422],[-3.27427,41.26027],[-3.26348,41.25773],[-3.25426,41.25838],[-3.23788,41.27937],[-3.23894,41.28794],[-3.22623,41.29811],[-3.21507,41.29841],[-3.20735,41.30424],[-3.20866,41.30776],[-3.22112,41.31097],[-3.23686,41.31853],[-3.23629,41.33028],[-3.24813,41.3301],[-3.26933,41.34154],[-3.27213,41.35273],[-3.28109,41.35194],[-3.28829,41.36023],[-3.30278,41.36305],[-3.30597,41.36832],[-3.32922,41.37627],[-3.34717,41.397],[-3.34928,41.4072],[-3.34166,41.41702],[-3.34135,41.42332],[-3.34603,41.42902],[-3.3401,41.44446],[-3.33895,41.45294],[-3.33037,41.46072],[-3.35002,41.45723],[-3.35568,41.46221],[-3.36753,41.46507],[-3.3841,41.46566],[-3.3909,41.47104],[-3.40567,41.47653],[-3.41331,41.47612],[-3.42403,41.48273],[-3.42647,41.49779],[-3.42046,41.5121],[-3.42368,41.51628],[-3.44084,41.52329],[-3.45806,41.53685],[-3.46435,41.52779],[-3.47968,41.52091],[-3.50136,41.52891],[-3.51674,41.53797],[-3.52554,41.54542],[-3.53491,41.54866],[-3.53624,41.55727],[-3.54372,41.5713],[-3.54157,41.57761],[-3.55295,41.58074],[-3.57452,41.57247],[-3.57298,41.56555],[-3.60072,41.57048],[-3.6088,41.56612],[-3.61684,41.57716],[-3.62612,41.57001],[-3.64557,41.57181],[-3.67172,41.56043],[-3.68154,41.55193],[-3.69155,41.53454],[-3.70692,41.53025],[-3.70689,41.52586],[-3.7175,41.52379],[-3.7283,41.51764],[-3.72501,41.50729],[-3.72905,41.48393],[-3.72372,41.4792],[-3.73241,41.46989],[-3.7291,41.45762],[-3.73948,41.45078],[-3.74414,41.46106],[-3.76975,41.46015],[-3.77149,41.47265],[-3.76988,41.47972],[-3.77083,41.49961],[-3.76704,41.50472],[-3.77149,41.5213],[-3.76734,41.53321],[-3.78092,41.53358],[-3.78409,41.52731],[-3.80062,41.52115],[-3.80404,41.51558],[-3.79683,41.50263],[-3.80044,41.49859],[-3.8002,41.48587],[-3.82388,41.48113],[-3.83415,41.49964],[-3.84228,41.50062],[-3.85275,41.51256],[-3.8637,41.52897],[-3.87513,41.53475],[-3.88643,41.53609],[-3.89455,41.55215],[-3.92453,41.56772],[-3.94224,41.56914],[-3.96049,41.57798],[-3.96383,41.58608],[-3.98067,41.58337]]]},"properties":{"codi_prov":"40","provincia":"Segovia","codi_ccaa":"07"}},{"type":"Feature","geometry":{"type":"Polygon","coordinates":[[[-5.14238,37.00386],[-5.13274,37.01152],[-5.12284,37.02769],[-5.11361,37.0211],[-5.09218,37.02701],[-5.08331,37.03147],[-5.0743,37.02941],[-5.06848,37.03258],[-5.05309,37.0306],[-5.04679,37.03995],[-5.03334,37.04904],[-5.00632,37.05678],[-4.98008,37.06883],[-4.95958,37.08546],[-4.95227,37.09436],[-4.93623,37.10043],[-4.93037,37.09979],[-4.9178,37.11061],[-4.90828,37.11528],[-4.90579,37.13187],[-4.90284,37.1376],[-4.91202,37.14408],[-4.92468,37.14856],[-4.93585,37.15621],[-4.94266,37.15759],[-4.9396,37.1757],[-4.92516,37.17066],[-4.92153,37.17495],[-4.90403,37.17522],[-4.89783,37.17036],[-4.89762,37.15603],[-4.89066,37.15505],[-4.88088,37.16314],[-4.8755,37.15819],[-4.8567,37.17357],[-4.8589,37.19071],[-4.85228,37.19862],[-4.84355,37.20067],[-4.82451,37.20033],[-4.81871,37.1919],[-4.82769,37.18688],[-4.82222,37.17897],[-4.81433,37.17962],[-4.80964,37.17317],[-4.79892,37.17213],[-4.8012,37.16012],[-4.78182,37.15896],[-4.77544,37.16809],[-4.76165,37.17098],[-4.76029,37.17708],[-4.73302,37.1849],[-4.70861,37.1977],[-4.72727,37.21373],[-4.73231,37.22615],[-4.71795,37.23989],[-4.73575,37.24483],[-4.73004,37.25346],[-4.71969,37.2597],[-4.71257,37.25393],[-4.69957,37.25678],[-4.69103,37.25185],[-4.67593,37.2581],[-4.67077,37.25286],[-4.66205,37.25768],[-4.65335,37.25583],[-4.654,37.27185],[-4.66212,37.28374],[-4.67634,37.29056],[-4.67853,37.29706],[-4.66537,37.29989],[-4.65901,37.30508],[-4.67171,37.31042],[-4.67871,37.3084],[-4.68407,37.31536],[-4.66842,37.32441],[-4.67936,37.32955],[-4.68074,37.33552],[-4.70333,37.35009],[-4.71325,37.35257],[-4.71961,37.35828],[-4.72536,37.35176],[-4.72875,37.33569],[-4.74873,37.33091],[-4.76487,37.3379],[-4.77472,37.33482],[-4.78188,37.32978],[-4.80391,37.34688],[-4.82213,37.35819],[-4.82361,37.36876],[-4.81516,37.37227],[-4.81469,37.37753],[-4.82602,37.37908],[-4.83073,37.38985],[-4.8378,37.39835],[-4.84339,37.39948],[-4.84981,37.41066],[-4.84328,37.41402],[-4.83798,37.42208],[-4.84019,37.43486],[-4.85433,37.43939],[-4.85978,37.43785],[-4.88474,37.43798],[-4.88287,37.44483],[-4.87532,37.44975],[-4.89371,37.45946],[-4.90323,37.46655],[-4.91016,37.48025],[-4.91538,37.4855],[-4.91628,37.49215],[-4.90757,37.49528],[-4.90602,37.49984],[-4.92461,37.50038],[-4.93111,37.50558],[-4.93471,37.52019],[-4.9483,37.5211],[-4.93981,37.52858],[-4.94167,37.53386],[-4.93199,37.54624],[-4.9315,37.56304],[-4.93738,37.56983],[-4.9303,37.57568],[-4.93499,37.58302],[-4.93033,37.58983],[-4.93424,37.60001],[-4.93173,37.61659],[-4.94343,37.61696],[-4.95427,37.61447],[-4.96015,37.60876],[-4.96621,37.61064],[-4.95852,37.62173],[-4.9544,37.65254],[-4.96519,37.6631],[-4.97198,37.67286],[-4.98512,37.68004],[-4.98984,37.69463],[-4.99779,37.70069],[-5.00112,37.70785],[-5.01284,37.70983],[-5.04664,37.71823],[-5.07258,37.7077],[-5.08905,37.69466],[-5.08583,37.68857],[-5.09153,37.68089],[-5.08315,37.6701],[-5.08246,37.66222],[-5.09757,37.67077],[-5.09345,37.67499],[-5.10013,37.68413],[-5.10751,37.69968],[-5.11273,37.70258],[-5.12971,37.69875],[-5.11349,37.68873],[-5.11266,37.67767],[-5.1084,37.66264],[-5.11926,37.66766],[-5.12582,37.66586],[-5.13732,37.66814],[-5.15005,37.66092],[-5.16209,37.67303],[-5.17677,37.68058],[-5.20054,37.66967],[-5.22511,37.65454],[-5.23429,37.65078],[-5.25476,37.63598],[-5.27672,37.62459],[-5.29977,37.62289],[-5.31153,37.61972],[-5.32292,37.61149],[-5.33665,37.59776],[-5.34393,37.59316],[-5.3472,37.58482],[-5.35671,37.58902],[-5.35917,37.60441],[-5.38154,37.61089],[-5.39179,37.62374],[-5.40116,37.63108],[-5.40148,37.63608],[-5.41151,37.64138],[-5.4136,37.6476],[-5.40254,37.64823],[-5.39375,37.65674],[-5.39722,37.6624],[-5.40963,37.65998],[-5.41419,37.67391],[-5.41238,37.68237],[-5.40369,37.69302],[-5.3859,37.69672],[-5.38322,37.68869],[-5.38454,37.68206],[-5.37432,37.6785],[-5.36816,37.6912],[-5.36047,37.69872],[-5.34346,37.70568],[-5.33686,37.70567],[-5.33152,37.69432],[-5.3257,37.69175],[-5.319,37.70151],[-5.3076,37.69924],[-5.31093,37.70912],[-5.30429,37.72108],[-5.31025,37.74676],[-5.31826,37.75721],[-5.30975,37.77359],[-5.32968,37.77866],[-5.33093,37.7857],[-5.34433,37.7901],[-5.35004,37.79471],[-5.34747,37.81278],[-5.34219,37.82135],[-5.34495,37.8272],[-5.33977,37.83353],[-5.35098,37.84346],[-5.36033,37.84445],[-5.36845,37.85013],[-5.38143,37.85162],[-5.38905,37.85836],[-5.39935,37.86341],[-5.40502,37.86236],[-5.41264,37.87105],[-5.42097,37.893],[-5.41417,37.89847],[-5.41673,37.90705],[-5.41724,37.92119],[-5.42179,37.92817],[-5.41438,37.94156],[-5.4207,37.94783],[-5.44726,37.96145],[-5.4542,37.96662],[-5.46708,37.971],[-5.47502,37.97639],[-5.47655,37.98322],[-5.48239,37.99005],[-5.49034,37.99283],[-5.49425,37.99883],[-5.49112,38.00676],[-5.49204,38.01355],[-5.48903,38.02894],[-5.49608,38.04286],[-5.51043,38.05321],[-5.51311,38.05925],[-5.52282,38.06512],[-5.52521,38.07328],[-5.53958,38.08215],[-5.53991,38.09422],[-5.55735,38.10796],[-5.58168,38.11547],[-5.58131,38.12902],[-5.58479,38.13171],[-5.63343,38.13812],[-5.64426,38.12928],[-5.64596,38.12517],[-5.66703,38.10908],[-5.66936,38.10176],[-5.69363,38.08374],[-5.71043,38.08105],[-5.71957,38.08507],[-5.7329,38.08752],[-5.73553,38.11575],[-5.74074,38.12654],[-5.73882,38.13282],[-5.7308,38.13711],[-5.71479,38.13421],[-5.70897,38.14224],[-5.69494,38.15139],[-5.70556,38.16362],[-5.69501,38.17109],[-5.68884,38.17122],[-5.68861,38.18188],[-5.72323,38.19244],[-5.72816,38.19742],[-5.74201,38.19384],[-5.75916,38.18073],[-5.76113,38.18281],[-5.78299,38.18509],[-5.79116,38.17786],[-5.80034,38.1746],[-5.81124,38.17819],[-5.824,38.16993],[-5.83786,38.17443],[-5.85576,38.16839],[-5.85657,38.1615],[-5.87429,38.15857],[-5.87757,38.15513],[-5.87818,38.13876],[-5.88066,38.13228],[-5.8953,38.13053],[-5.90733,38.12397],[-5.92638,38.10501],[-5.92834,38.08772],[-5.91081,38.0782],[-5.90804,38.06825],[-5.91791,38.05643],[-5.91967,38.04967],[-5.92751,38.05042],[-5.93398,38.04715],[-5.93698,38.04048],[-5.93291,38.03232],[-5.94057,38.01489],[-5.95369,37.99535],[-5.96092,37.99975],[-5.99469,37.99805],[-6.00628,37.99141],[-6.0171,37.99112],[-6.03075,37.99759],[-6.03789,37.99515],[-6.05171,37.99684],[-6.07785,37.98463],[-6.08982,37.98467],[-6.09445,37.98161],[-6.10485,37.98274],[-6.11872,37.98048],[-6.12978,37.97306],[-6.13691,37.97201],[-6.14173,37.96637],[-6.14936,37.9657],[-6.15172,37.95898],[-6.16475,37.95571],[-6.17625,37.94708],[-6.18024,37.94103],[-6.1841,37.92815],[-6.16997,37.90981],[-6.16228,37.91827],[-6.14876,37.91671],[-6.14423,37.92003],[-6.13873,37.90972],[-6.12524,37.90507],[-6.12539,37.90091],[-6.13631,37.89573],[-6.14142,37.88499],[-6.15174,37.87601],[-6.15919,37.87344],[-6.16309,37.8573],[-6.15412,37.85336],[-6.14496,37.85689],[-6.13542,37.83493],[-6.12987,37.83268],[-6.12621,37.8241],[-6.12695,37.81165],[-6.1243,37.80476],[-6.12643,37.79717],[-6.13685,37.79615],[-6.13368,37.78961],[-6.14354,37.78803],[-6.14711,37.79371],[-6.15909,37.79066],[-6.17239,37.79866],[-6.17738,37.79816],[-6.18766,37.80988],[-6.2024,37.80553],[-6.21546,37.79154],[-6.21144,37.78469],[-6.20483,37.76603],[-6.21983,37.75518],[-6.21626,37.74511],[-6.22437,37.7398],[-6.24437,37.74074],[-6.24745,37.7575],[-6.25232,37.76314],[-6.27849,37.75841],[-6.30321,37.76166],[-6.31102,37.76487],[-6.31989,37.76395],[-6.32925,37.75981],[-6.3488,37.75744],[-6.37608,37.75009],[-6.39003,37.74769],[-6.42348,37.73407],[-6.43088,37.72747],[-6.44999,37.7189],[-6.47512,37.72514],[-6.48369,37.72014],[-6.47942,37.71101],[-6.47975,37.70486],[-6.48865,37.69821],[-6.50092,37.67715],[-6.5009,37.66888],[-6.50772,37.66829],[-6.51966,37.66224],[-6.5255,37.66413],[-6.53609,37.65098],[-6.53661,37.64114],[-6.53012,37.63762],[-6.53836,37.62564],[-6.53301,37.61878],[-6.52391,37.61803],[-6.51647,37.6225],[-6.50283,37.62275],[-6.496,37.61827],[-6.48924,37.62016],[-6.46699,37.61988],[-6.45589,37.62288],[-6.44327,37.62335],[-6.43119,37.62029],[-6.42395,37.62185],[-6.41369,37.61965],[-6.40924,37.61409],[-6.39794,37.61055],[-6.39418,37.60449],[-6.39947,37.59061],[-6.40145,37.57504],[-6.39346,37.55676],[-6.38934,37.55158],[-6.37493,37.5461],[-6.36643,37.53532],[-6.36996,37.52986],[-6.36726,37.51869],[-6.35619,37.50013],[-6.33885,37.48523],[-6.33249,37.46885],[-6.33295,37.46463],[-6.32205,37.45163],[-6.31196,37.44514],[-6.30605,37.43596],[-6.30695,37.42587],[-6.31255,37.41864],[-6.32205,37.41969],[-6.33073,37.41543],[-6.35645,37.41205],[-6.36209,37.40147],[-6.35419,37.39694],[-6.36021,37.37801],[-6.3556,37.37086],[-6.34586,37.36555],[-6.36277,37.35552],[-6.36869,37.34944],[-6.37822,37.34608],[-6.38416,37.33944],[-6.37372,37.33044],[-6.35853,37.31996],[-6.34357,37.31271],[-6.33564,37.30135],[-6.3365,37.28945],[-6.34241,37.27967],[-6.33747,37.27469],[-6.34973,37.26517],[-6.35433,37.2555],[-6.35124,37.24961],[-6.35931,37.23659],[-6.34524,37.21828],[-6.34984,37.20305],[-6.35322,37.19874],[-6.35056,37.18056],[-6.33612,37.16962],[-6.34874,37.15239],[-6.35899,37.14113],[-6.35553,37.13451],[-6.34318,37.12801],[-6.34329,37.12114],[-6.36009,37.11729],[-6.35728,37.10991],[-6.37136,37.10216],[-6.38157,37.09131],[-6.38555,37.08372],[-6.38639,37.07443],[-6.38078,37.05957],[-6.37991,37.04834],[-6.37366,37.03277],[-6.36444,37.01703],[-6.35719,37.00137],[-6.35428,36.98524],[-6.36118,36.9719],[-6.3599,36.95851],[-6.36381,36.9458],[-6.37825,36.93391],[-6.37105,36.92678],[-6.35873,36.92049],[-6.3465,36.90833],[-6.33369,36.90258],[-6.33101,36.8988],[-6.29408,36.90573],[-6.27529,36.91093],[-6.26494,36.89954],[-6.25843,36.89526],[-6.24836,36.89365],[-6.23099,36.89811],[-6.22919,36.89595],[-6.20869,36.89343],[-6.18845,36.89359],[-6.16979,36.88803],[-6.15758,36.88603],[-6.12199,36.86379],[-6.10524,36.85743],[-6.07657,36.85352],[-6.05059,36.85344],[-6.0336,36.84884],[-5.97312,36.84419],[-5.961,36.85127],[-5.95285,36.85313],[-5.94134,36.85192],[-5.92535,36.85307],[-5.89105,36.84219],[-5.89358,36.85158],[-5.87652,36.89471],[-5.8696,36.8937],[-5.85991,36.89997],[-5.84551,36.91521],[-5.82889,36.91579],[-5.80639,36.92515],[-5.79278,36.92575],[-5.77411,36.92425],[-5.763,36.92572],[-5.74402,36.92294],[-5.73631,36.91822],[-5.72586,36.92153],[-5.71701,36.91952],[-5.7032,36.9256],[-5.69618,36.93528],[-5.69359,36.94809],[-5.69461,36.95678],[-5.67714,36.96997],[-5.66612,36.97574],[-5.64966,36.95432],[-5.63283,36.9506],[-5.62614,36.95444],[-5.61854,36.94049],[-5.61057,36.94134],[-5.60589,36.95085],[-5.59556,36.94488],[-5.58711,36.94701],[-5.58568,36.92283],[-5.58369,36.91546],[-5.56404,36.90763],[-5.54732,36.89894],[-5.53469,36.8942],[-5.5394,36.90539],[-5.5506,36.92052],[-5.54612,36.93018],[-5.53635,36.92984],[-5.53212,36.93604],[-5.52479,36.93733],[-5.52096,36.94754],[-5.51528,36.95022],[-5.51153,36.95795],[-5.50234,36.95832],[-5.49888,36.96587],[-5.49019,36.97275],[-5.48097,36.97269],[-5.46973,36.98395],[-5.47024,36.99164],[-5.49505,37.01125],[-5.51049,37.03252],[-5.50011,37.03909],[-5.47311,37.04294],[-5.45945,37.04214],[-5.44791,37.05022],[-5.43369,37.05245],[-5.42774,37.04457],[-5.42714,37.03789],[-5.42143,37.02446],[-5.42011,37.01321],[-5.42599,37.0057],[-5.427,36.99963],[-5.43524,36.99112],[-5.45244,36.98259],[-5.45699,36.97069],[-5.45426,36.96089],[-5.4464,36.95719],[-5.44634,36.94682],[-5.44126,36.94396],[-5.43895,36.93529],[-5.41382,36.94167],[-5.41664,36.94619],[-5.41156,36.95605],[-5.40097,36.96273],[-5.39239,36.97328],[-5.38272,36.97908],[-5.37593,36.98],[-5.3653,36.98566],[-5.35937,36.99272],[-5.34535,36.99739],[-5.3375,37.01174],[-5.30929,37.0331],[-5.30211,37.03736],[-5.30203,37.01923],[-5.28588,37.00064],[-5.27381,36.99019],[-5.26805,36.97823],[-5.26201,36.97507],[-5.25674,36.96404],[-5.23453,36.94105],[-5.22522,36.9423],[-5.2073,36.96178],[-5.19166,36.96641],[-5.17322,36.97786],[-5.16264,36.98142],[-5.1584,36.98932],[-5.14238,37.00386]],[[-5.02458,37.59367],[-5.03023,37.60384],[-5.03089,37.61045],[-5.04791,37.60814],[-5.0401,37.62564],[-5.04529,37.62988],[-5.08497,37.64379],[-5.08432,37.64808],[-5.05379,37.64237],[-5.0457,37.63208],[-5.03425,37.63852],[-5.0265,37.63516],[-5.03362,37.62073],[-5.02958,37.61294],[-5.02458,37.59367]]]},"properties":{"codi_prov":"41","provincia":"Sevilla","codi_ccaa":"01"}},{"type":"Feature","geometry":{"type":"Polygon","coordinates":[[[-3.54157,41.57761],[-3.54372,41.5713],[-3.53624,41.55727],[-3.53491,41.54866],[-3.52554,41.54542],[-3.51674,41.53797],[-3.50136,41.52891],[-3.47968,41.52091],[-3.46435,41.52779],[-3.45806,41.53685],[-3.44084,41.52329],[-3.42368,41.51628],[-3.42046,41.5121],[-3.42647,41.49779],[-3.42403,41.48273],[-3.41331,41.47612],[-3.40567,41.47653],[-3.3909,41.47104],[-3.3841,41.46566],[-3.36753,41.46507],[-3.35568,41.46221],[-3.35002,41.45723],[-3.33037,41.46072],[-3.33895,41.45294],[-3.3401,41.44446],[-3.34603,41.42902],[-3.34135,41.42332],[-3.34166,41.41702],[-3.34928,41.4072],[-3.34717,41.397],[-3.32922,41.37627],[-3.30597,41.36832],[-3.30278,41.36305],[-3.28829,41.36023],[-3.28109,41.35194],[-3.27213,41.35273],[-3.26933,41.34154],[-3.24813,41.3301],[-3.23629,41.33028],[-3.23686,41.31853],[-3.22112,41.31097],[-3.20866,41.30776],[-3.20735,41.30424],[-3.18855,41.30392],[-3.16489,41.29536],[-3.14129,41.29218],[-3.13005,41.28815],[-3.12505,41.29089],[-3.10866,41.28789],[-3.10017,41.28008],[-3.09388,41.28401],[-3.06197,41.27333],[-3.03213,41.28243],[-3.01875,41.28906],[-3.00599,41.2844],[-2.96612,41.29323],[-2.95352,41.29194],[-2.94406,41.29748],[-2.93407,41.31343],[-2.92251,41.31926],[-2.91027,41.32162],[-2.90667,41.32763],[-2.89794,41.32481],[-2.88843,41.32524],[-2.87546,41.32138],[-2.86762,41.31294],[-2.87304,41.2985],[-2.8659,41.29179],[-2.8637,41.28128],[-2.86649,41.27478],[-2.83246,41.26358],[-2.81959,41.25734],[-2.80354,41.25651],[-2.77798,41.25202],[-2.77574,41.25875],[-2.7654,41.27086],[-2.75934,41.27333],[-2.73009,41.27167],[-2.71677,41.27567],[-2.71362,41.2597],[-2.70955,41.25198],[-2.69231,41.24371],[-2.66854,41.23712],[-2.65483,41.24065],[-2.64512,41.23792],[-2.6347,41.23193],[-2.63625,41.22381],[-2.6292,41.21521],[-2.6239,41.22374],[-2.61697,41.21944],[-2.59233,41.22444],[-2.58842,41.22312],[-2.5876,41.21307],[-2.59178,41.20313],[-2.60087,41.19481],[-2.62001,41.19537],[-2.61934,41.18329],[-2.60257,41.18866],[-2.58434,41.18219],[-2.57721,41.17782],[-2.58488,41.16137],[-2.59309,41.15712],[-2.59495,41.1499],[-2.58295,41.14184],[-2.57558,41.13947],[-2.56831,41.14464],[-2.54253,41.15067],[-2.53556,41.16141],[-2.51755,41.14812],[-2.5174,41.13695],[-2.51163,41.1315],[-2.50885,41.11886],[-2.48226,41.11627],[-2.47756,41.10915],[-2.47439,41.09802],[-2.46944,41.08984],[-2.46947,41.07811],[-2.44227,41.0773],[-2.43823,41.07079],[-2.42049,41.06023],[-2.40213,41.06166],[-2.38307,41.07415],[-2.35533,41.08645],[-2.34924,41.07741],[-2.33071,41.06675],[-2.32341,41.05651],[-2.31559,41.06162],[-2.30225,41.06542],[-2.29358,41.07125],[-2.28401,41.06505],[-2.26354,41.06754],[-2.23215,41.09701],[-2.22256,41.09343],[-2.19857,41.08928],[-2.1753,41.08375],[-2.16733,41.09541],[-2.14344,41.10257],[-2.13591,41.11669],[-2.12825,41.1139],[-2.11744,41.10294],[-2.09748,41.09244],[-2.0897,41.09113],[-2.07669,41.08194],[-2.07868,41.07742],[-2.07169,41.07249],[-2.05665,41.06956],[-2.04893,41.07781],[-2.05757,41.0835],[-2.06572,41.09589],[-2.06056,41.10454],[-2.06251,41.1133],[-2.05913,41.11964],[-2.05101,41.12538],[-2.05169,41.14685],[-2.07734,41.16313],[-2.0799,41.17098],[-2.10676,41.17522],[-2.14624,41.18439],[-2.149,41.21881],[-2.15489,41.24039],[-2.15645,41.25864],[-2.16351,41.28319],[-2.17367,41.28808],[-2.16714,41.31199],[-2.17049,41.31883],[-2.15665,41.33741],[-2.16249,41.34787],[-2.16314,41.35535],[-2.14984,41.35588],[-2.13127,41.36848],[-2.1258,41.36964],[-2.11979,41.38],[-2.12053,41.39432],[-2.11607,41.40871],[-2.11677,41.42495],[-2.11177,41.43419],[-2.10311,41.43966],[-2.10152,41.44579],[-2.04725,41.43398],[-2.036,41.42642],[-2.03495,41.40414],[-2.04379,41.39703],[-2.04243,41.38862],[-2.02927,41.38416],[-2.01651,41.38355],[-2.00965,41.38584],[-2.00194,41.39377],[-1.98741,41.39591],[-1.98188,41.40232],[-1.9706,41.40099],[-1.95369,41.40863],[-1.93796,41.40747],[-1.93961,41.41858],[-1.95393,41.42406],[-1.94874,41.42964],[-1.9524,41.44551],[-1.95328,41.46245],[-1.96663,41.47894],[-1.98111,41.48644],[-1.97664,41.49671],[-1.97879,41.50409],[-1.97499,41.51606],[-1.97837,41.52455],[-1.96717,41.54548],[-1.96883,41.55249],[-1.99348,41.5769],[-1.99197,41.59036],[-1.99303,41.6008],[-1.98451,41.60707],[-1.976,41.60293],[-1.9693,41.60564],[-1.95802,41.60484],[-1.9231,41.59833],[-1.91386,41.60968],[-1.91361,41.61625],[-1.89957,41.62742],[-1.8979,41.63241],[-1.87882,41.64105],[-1.87398,41.63798],[-1.85899,41.66153],[-1.83459,41.66065],[-1.82915,41.6626],[-1.81311,41.66056],[-1.80622,41.66426],[-1.80908,41.68468],[-1.81259,41.68607],[-1.79847,41.6985],[-1.79123,41.69995],[-1.78641,41.70745],[-1.78558,41.71716],[-1.77537,41.72479],[-1.78324,41.72722],[-1.7882,41.73377],[-1.79779,41.73202],[-1.8091,41.73637],[-1.80258,41.75085],[-1.82114,41.7661],[-1.82599,41.77864],[-1.83971,41.78719],[-1.85212,41.78826],[-1.85167,41.79328],[-1.84401,41.80591],[-1.83466,41.81553],[-1.82579,41.81901],[-1.81918,41.82832],[-1.82058,41.84874],[-1.81751,41.85307],[-1.8226,41.86544],[-1.83213,41.86333],[-1.84044,41.87612],[-1.83878,41.88902],[-1.85728,41.90952],[-1.8586,41.93284],[-1.85495,41.93678],[-1.85656,41.94725],[-1.85475,41.95915],[-1.85654,41.9664],[-1.87759,41.95243],[-1.8907,41.9478],[-1.90667,41.94559],[-1.915,41.93383],[-1.92149,41.93427],[-1.94056,41.92545],[-1.95486,41.92744],[-1.96134,41.9203],[-1.98144,41.91903],[-1.99835,41.93071],[-2.00134,41.93851],[-2.01308,41.94081],[-2.02831,41.95339],[-2.03741,41.94147],[-2.04529,41.95007],[-2.06224,41.95443],[-2.07622,41.95088],[-2.09112,41.95633],[-2.10044,41.95527],[-2.10996,41.95787],[-2.1161,41.96357],[-2.12407,41.99531],[-2.11211,41.99702],[-2.10763,42.00277],[-2.11524,42.01145],[-2.11701,42.02151],[-2.1289,42.02618],[-2.13839,42.03615],[-2.15477,42.04704],[-2.16191,42.06673],[-2.15204,42.06871],[-2.14262,42.07409],[-2.13541,42.07463],[-2.12724,42.08046],[-2.12732,42.09717],[-2.1355,42.10166],[-2.15888,42.10493],[-2.17134,42.10517],[-2.19688,42.10242],[-2.20888,42.10466],[-2.22408,42.09815],[-2.23784,42.10222],[-2.25889,42.08728],[-2.26959,42.08855],[-2.28205,42.10997],[-2.28257,42.11883],[-2.27891,42.12243],[-2.28216,42.1317],[-2.28839,42.13499],[-2.30783,42.14025],[-2.3182,42.14518],[-2.33215,42.14603],[-2.38787,42.14248],[-2.39721,42.13695],[-2.4014,42.13958],[-2.41763,42.13902],[-2.42816,42.13647],[-2.43846,42.13727],[-2.44649,42.13223],[-2.44915,42.12567],[-2.45862,42.11532],[-2.47177,42.11431],[-2.48437,42.10635],[-2.4959,42.11295],[-2.51468,42.11454],[-2.51826,42.09077],[-2.52266,42.08288],[-2.51474,42.07422],[-2.51488,42.06886],[-2.53539,42.05415],[-2.54443,42.05407],[-2.55203,42.0456],[-2.55128,42.03886],[-2.55602,42.03485],[-2.5653,42.01395],[-2.57525,42.00666],[-2.57991,41.99626],[-2.59661,42.00194],[-2.60969,42.00291],[-2.62664,42.0065],[-2.64251,42.00389],[-2.65979,42.00536],[-2.67358,41.99806],[-2.68465,42.00066],[-2.69627,42.0107],[-2.70514,42.01514],[-2.72717,42.01497],[-2.74617,42.00868],[-2.75574,42.02393],[-2.75202,42.03639],[-2.73849,42.04971],[-2.7346,42.06001],[-2.70842,42.08629],[-2.71043,42.09635],[-2.70672,42.10567],[-2.73467,42.12495],[-2.74549,42.12429],[-2.75117,42.11777],[-2.76542,42.12485],[-2.77485,42.12354],[-2.78214,42.11414],[-2.79161,42.10875],[-2.79236,42.09089],[-2.80157,42.0834],[-2.80286,42.07782],[-2.79683,42.07255],[-2.79495,42.06355],[-2.79838,42.05931],[-2.79834,42.04733],[-2.80638,42.04462],[-2.81515,42.0366],[-2.82287,42.04091],[-2.84464,42.03447],[-2.85678,42.02885],[-2.8583,42.02269],[-2.87286,42.01324],[-2.88383,42.00949],[-2.89118,42.01701],[-2.91362,42.02285],[-2.93168,42.01803],[-2.93747,42.00797],[-2.94598,42.0002],[-2.95181,41.9881],[-2.96551,41.96668],[-2.96762,41.95801],[-2.96003,41.95191],[-2.96452,41.93684],[-2.97079,41.92927],[-2.98247,41.9282],[-2.9975,41.93285],[-3.00807,41.92222],[-3.01106,41.91529],[-3.00773,41.90879],[-3.01651,41.89843],[-3.01677,41.88691],[-3.05863,41.89132],[-3.06362,41.88337],[-3.07545,41.88312],[-3.09181,41.8759],[-3.10141,41.87692],[-3.09772,41.86624],[-3.10078,41.85666],[-3.10823,41.85442],[-3.12734,41.83048],[-3.13559,41.81849],[-3.13374,41.81593],[-3.15822,41.79934],[-3.17135,41.79301],[-3.18859,41.80166],[-3.19822,41.81721],[-3.1945,41.82893],[-3.20679,41.8316],[-3.22435,41.8404],[-3.23439,41.84064],[-3.2426,41.84723],[-3.24681,41.85632],[-3.24334,41.864],[-3.25683,41.87064],[-3.2695,41.86929],[-3.27103,41.87876],[-3.27965,41.88378],[-3.28957,41.87641],[-3.27904,41.86791],[-3.28901,41.84246],[-3.28874,41.82856],[-3.28114,41.8229],[-3.28671,41.80535],[-3.27538,41.7999],[-3.27538,41.79432],[-3.28586,41.78825],[-3.28357,41.77824],[-3.27545,41.76867],[-3.28706,41.76013],[-3.29616,41.76199],[-3.30722,41.76015],[-3.30968,41.751],[-3.32168,41.74918],[-3.32329,41.74187],[-3.3398,41.74073],[-3.35438,41.73725],[-3.35246,41.72914],[-3.36066,41.72158],[-3.36181,41.7103],[-3.3584,41.69342],[-3.36962,41.69176],[-3.38514,41.69297],[-3.3934,41.69061],[-3.39621,41.6846],[-3.40485,41.67773],[-3.41464,41.66483],[-3.41772,41.65624],[-3.4166,41.64788],[-3.42975,41.64628],[-3.44047,41.62946],[-3.43535,41.62203],[-3.44979,41.60577],[-3.45968,41.58927],[-3.46847,41.58897],[-3.47074,41.59503],[-3.48163,41.59745],[-3.50514,41.59728],[-3.52915,41.61263],[-3.53968,41.6076],[-3.54068,41.59777],[-3.54582,41.59422],[-3.53614,41.58647],[-3.54157,41.57761]]]},"properties":{"codi_prov":"42","provincia":"Soria","codi_ccaa":"07"}},{"type":"Feature","geometry":{"type":"Polygon","coordinates":[[[1.39253,41.5752],[1.39501,41.56768],[1.40223,41.56471],[1.40319,41.55788],[1.38415,41.55592],[1.38043,41.56136],[1.37173,41.56526],[1.34537,41.56802],[1.32885,41.56697],[1.31221,41.56876],[1.30426,41.57142],[1.29405,41.56639],[1.27091,41.57205],[1.25869,41.56756],[1.25534,41.57125],[1.24403,41.56833],[1.23394,41.57138],[1.21574,41.56716],[1.21069,41.54869],[1.19769,41.54371],[1.18088,41.54329],[1.16801,41.54029],[1.1759,41.53452],[1.17139,41.52781],[1.17007,41.51924],[1.16362,41.5132],[1.16716,41.50503],[1.1757,41.50118],[1.17978,41.48843],[1.16184,41.48246],[1.13086,41.47732],[1.12964,41.47425],[1.10807,41.46717],[1.10458,41.47535],[1.08557,41.47832],[1.0754,41.48529],[1.06426,41.48739],[1.05627,41.4939],[1.03945,41.50138],[1.03847,41.4966],[1.04851,41.48754],[1.03746,41.47999],[1.05667,41.46642],[1.06885,41.464],[1.0755,41.45997],[1.07056,41.45364],[1.06367,41.45355],[1.05866,41.44418],[1.04641,41.44065],[1.04746,41.43722],[1.04004,41.42774],[1.03852,41.42156],[1.03142,41.4209],[1.02772,41.40926],[1.01283,41.40346],[1.0062,41.40557],[0.99297,41.3934],[0.98196,41.39175],[0.97468,41.38286],[0.97263,41.37329],[0.96208,41.36749],[0.95874,41.35491],[0.94523,41.34975],[0.91673,41.34944],[0.90147,41.34746],[0.88461,41.34128],[0.86327,41.33811],[0.84716,41.35473],[0.845,41.3623],[0.83077,41.35863],[0.8249,41.33904],[0.81915,41.3283],[0.81485,41.32684],[0.8028,41.33031],[0.77976,41.33202],[0.76274,41.3346],[0.75056,41.32459],[0.74982,41.31733],[0.74003,41.31786],[0.72422,41.31343],[0.71291,41.31463],[0.70648,41.31232],[0.69496,41.31401],[0.68831,41.31043],[0.66956,41.30977],[0.65767,41.3017],[0.63632,41.2975],[0.62901,41.29298],[0.61353,41.29076],[0.59706,41.29345],[0.58244,41.31087],[0.58085,41.31989],[0.57419,41.31814],[0.55448,41.32659],[0.54549,41.32275],[0.54205,41.31058],[0.53031,41.30025],[0.52621,41.2902],[0.51873,41.29169],[0.50516,41.28967],[0.49566,41.30403],[0.48099,41.31743],[0.48054,41.32238],[0.46162,41.33507],[0.45579,41.32978],[0.44132,41.32556],[0.43462,41.3203],[0.43225,41.31166],[0.43592,41.29723],[0.43304,41.27721],[0.42562,41.27426],[0.38569,41.27855],[0.37958,41.27059],[0.37696,41.26068],[0.37804,41.25282],[0.37351,41.24866],[0.37967,41.23631],[0.3646,41.23868],[0.3638,41.22697],[0.35759,41.22556],[0.34031,41.23106],[0.33215,41.223],[0.3224,41.22524],[0.31844,41.22009],[0.31722,41.20971],[0.3095,41.19426],[0.30332,41.16438],[0.29199,41.15636],[0.27301,41.14881],[0.26047,41.14916],[0.25026,41.13792],[0.24987,41.13009],[0.23787,41.12984],[0.21979,41.13421],[0.21863,41.13071],[0.20331,41.1284],[0.20037,41.12424],[0.20929,41.11687],[0.2004,41.10222],[0.20138,41.08419],[0.21952,41.08333],[0.21663,41.07562],[0.22075,41.07133],[0.2174,41.06683],[0.2197,41.06006],[0.22894,41.0588],[0.22837,41.05155],[0.21933,41.0489],[0.22331,41.042],[0.23272,41.03468],[0.25263,41.03262],[0.26584,41.02521],[0.25867,41.01538],[0.27219,41.00872],[0.26885,41.00111],[0.27281,40.99281],[0.28109,40.98716],[0.28098,40.97623],[0.29336,40.97107],[0.28425,40.96466],[0.28092,40.95116],[0.272,40.94515],[0.27427,40.93662],[0.26732,40.929],[0.26053,40.92848],[0.25303,40.918],[0.25426,40.91238],[0.24932,40.90722],[0.25035,40.89549],[0.24071,40.88201],[0.25053,40.87887],[0.25546,40.8732],[0.25134,40.85666],[0.25911,40.84555],[0.25983,40.83857],[0.27737,40.82356],[0.2729,40.81722],[0.26417,40.81202],[0.25776,40.80023],[0.24983,40.79852],[0.2444,40.79209],[0.23357,40.78699],[0.23352,40.77827],[0.22968,40.76731],[0.22528,40.7655],[0.21213,40.76755],[0.2014,40.75757],[0.19577,40.75815],[0.19063,40.75167],[0.17776,40.7549],[0.17412,40.74806],[0.16409,40.74003],[0.17025,40.73274],[0.18173,40.72815],[0.19104,40.7311],[0.19814,40.72488],[0.2151,40.73188],[0.22381,40.73225],[0.22737,40.71495],[0.24204,40.70018],[0.25163,40.70488],[0.26173,40.70602],[0.26932,40.70349],[0.28617,40.68981],[0.2912,40.68372],[0.28243,40.6722],[0.27512,40.67008],[0.26842,40.65952],[0.26931,40.64783],[0.2656,40.64513],[0.27877,40.63033],[0.29178,40.62321],[0.30001,40.62324],[0.31538,40.61395],[0.33647,40.60891],[0.35409,40.60793],[0.37187,40.60502],[0.38859,40.6068],[0.40194,40.60277],[0.40482,40.59593],[0.43198,40.57933],[0.44218,40.57924],[0.4336,40.56563],[0.43877,40.54637],[0.46197,40.53716],[0.48667,40.52938],[0.49833,40.52793],[0.51462,40.52297],[0.52263,40.54306],[0.53203,40.55312],[0.53798,40.56734],[0.56057,40.58447],[0.57174,40.5962],[0.58886,40.61156],[0.60212,40.62072],[0.61194,40.62337],[0.62574,40.62225],[0.64363,40.6235],[0.654,40.62666],[0.66321,40.6265],[0.67994,40.63366],[0.69598,40.63715],[0.72707,40.63918],[0.74442,40.63638],[0.73907,40.62546],[0.73044,40.61685],[0.71109,40.59371],[0.70366,40.58968],[0.6835,40.589],[0.6725,40.59293],[0.65637,40.58897],[0.6529,40.5758],[0.64812,40.57294],[0.63455,40.57629],[0.62999,40.58161],[0.61654,40.58558],[0.61544,40.57794],[0.60176,40.57538],[0.59241,40.57763],[0.60148,40.56111],[0.61375,40.55368],[0.62363,40.55134],[0.6506,40.55422],[0.66221,40.55723],[0.67839,40.56388],[0.68965,40.57058],[0.70657,40.5854],[0.72803,40.61149],[0.74773,40.63281],[0.75739,40.64064],[0.84742,40.67977],[0.8617,40.6898],[0.8661,40.6949],[0.8754,40.71694],[0.87243,40.72889],[0.86753,40.72918],[0.86107,40.73703],[0.85579,40.73741],[0.84365,40.73078],[0.83642,40.73099],[0.82029,40.73981],[0.80733,40.75357],[0.79582,40.76337],[0.78161,40.78073],[0.76772,40.7918],[0.75606,40.79417],[0.73259,40.79258],[0.72949,40.79031],[0.7679,40.77869],[0.78311,40.77267],[0.77134,40.76337],[0.75471,40.76296],[0.72884,40.77029],[0.72275,40.77724],[0.71297,40.78336],[0.70405,40.79268],[0.70078,40.80451],[0.71151,40.81213],[0.73224,40.81869],[0.74134,40.82332],[0.7451,40.83887],[0.75217,40.84626],[0.76379,40.8508],[0.76987,40.85774],[0.77888,40.85931],[0.79576,40.87115],[0.8025,40.88251],[0.82505,40.90142],[0.82632,40.90654],[0.85012,40.92704],[0.85731,40.93647],[0.86231,40.94715],[0.87542,40.95196],[0.8982,40.97499],[0.90416,40.97732],[0.91468,40.98687],[0.93246,40.99179],[0.94218,41.00746],[0.96097,41.02422],[0.98284,41.03865],[0.99201,41.04274],[1.00375,41.04327],[1.01483,41.05064],[1.02262,41.05167],[1.04604,41.0629],[1.07067,41.06605],[1.08341,41.06356],[1.10465,41.07062],[1.12895,41.07484],[1.14386,41.0719],[1.15824,41.06381],[1.16074,41.05578],[1.1717,41.05502],[1.18163,41.06515],[1.17929,41.06964],[1.19068,41.08657],[1.19887,41.09402],[1.21261,41.0991],[1.23004,41.10088],[1.23203,41.09477],[1.24575,41.10006],[1.25552,41.11169],[1.27044,41.11312],[1.27911,41.1204],[1.29792,41.12777],[1.31935,41.12958],[1.35245,41.12712],[1.38221,41.13444],[1.39495,41.13165],[1.40762,41.14085],[1.42632,41.14943],[1.46281,41.16451],[1.48817,41.16951],[1.49549,41.17312],[1.51925,41.17868],[1.52546,41.17815],[1.54249,41.18305],[1.57002,41.18629],[1.61251,41.18988],[1.64574,41.19486],[1.64081,41.20375],[1.64124,41.21175],[1.64608,41.22881],[1.64098,41.23537],[1.62401,41.22294],[1.60256,41.23482],[1.59355,41.23394],[1.58164,41.23717],[1.57554,41.24968],[1.57647,41.25874],[1.5936,41.2579],[1.60605,41.24991],[1.61989,41.2535],[1.6275,41.26967],[1.62367,41.2763],[1.6301,41.28291],[1.62743,41.29414],[1.61657,41.29332],[1.61313,41.28639],[1.60228,41.287],[1.58864,41.29761],[1.59671,41.30712],[1.59495,41.31008],[1.57289,41.31839],[1.57363,41.32554],[1.56634,41.33915],[1.55998,41.34522],[1.57886,41.35829],[1.56962,41.36817],[1.55124,41.36841],[1.54752,41.37668],[1.53702,41.38534],[1.51858,41.38886],[1.51172,41.39405],[1.49481,41.38921],[1.48805,41.38361],[1.47838,41.38125],[1.48176,41.39777],[1.49001,41.40282],[1.4827,41.41543],[1.48253,41.42217],[1.47578,41.42845],[1.47614,41.43554],[1.46906,41.44479],[1.47972,41.45324],[1.48699,41.46452],[1.48297,41.47469],[1.47459,41.4783],[1.47392,41.48593],[1.46561,41.48394],[1.45354,41.48769],[1.44604,41.49482],[1.43699,41.4983],[1.42254,41.49966],[1.41532,41.50535],[1.40461,41.50661],[1.39745,41.51868],[1.40102,41.5288],[1.40872,41.53493],[1.42516,41.53186],[1.43618,41.53924],[1.44858,41.53707],[1.44672,41.55239],[1.43368,41.55043],[1.43103,41.55566],[1.43961,41.56299],[1.45448,41.56919],[1.44748,41.57382],[1.41968,41.58261],[1.41056,41.57548],[1.39636,41.57716],[1.39253,41.5752]]]},"properties":{"codi_prov":"43","provincia":"Tarragona","codi_ccaa":"09"}},{"type":"Feature","geometry":{"type":"Polygon","coordinates":[[[0.17025,40.73274],[0.16409,40.74003],[0.17412,40.74806],[0.17776,40.7549],[0.19063,40.75167],[0.19577,40.75815],[0.2014,40.75757],[0.21213,40.76755],[0.22528,40.7655],[0.22968,40.76731],[0.23352,40.77827],[0.23357,40.78699],[0.2444,40.79209],[0.24983,40.79852],[0.25776,40.80023],[0.26417,40.81202],[0.2729,40.81722],[0.27737,40.82356],[0.25983,40.83857],[0.25911,40.84555],[0.25134,40.85666],[0.25546,40.8732],[0.25053,40.87887],[0.24071,40.88201],[0.25035,40.89549],[0.24932,40.90722],[0.25426,40.91238],[0.25303,40.918],[0.26053,40.92848],[0.26732,40.929],[0.27427,40.93662],[0.272,40.94515],[0.28092,40.95116],[0.28425,40.96466],[0.29336,40.97107],[0.28098,40.97623],[0.28109,40.98716],[0.27281,40.99281],[0.26885,41.00111],[0.27219,41.00872],[0.25867,41.01538],[0.26584,41.02521],[0.25263,41.03262],[0.23272,41.03468],[0.22331,41.042],[0.21933,41.0489],[0.22837,41.05155],[0.22894,41.0588],[0.2197,41.06006],[0.2174,41.06683],[0.22075,41.07133],[0.1969,41.06797],[0.16724,41.07075],[0.14693,41.06358],[0.12677,41.07176],[0.11905,41.07653],[0.09323,41.0801],[0.07863,41.08034],[0.05754,41.07505],[0.0557,41.06629],[0.04616,41.05322],[0.03741,41.04707],[0.02505,41.06477],[0.01899,41.06822],[0.01136,41.07895],[-0.00065,41.09041],[-0.00862,41.104],[-0.01177,41.11942],[-0.02579,41.12808],[-0.03827,41.12905],[-0.05329,41.13864],[-0.07095,41.14371],[-0.07844,41.15055],[-0.1035,41.14962],[-0.1326,41.1615],[-0.15048,41.17424],[-0.18095,41.18814],[-0.20547,41.19201],[-0.22247,41.18886],[-0.23218,41.19588],[-0.247,41.21218],[-0.26857,41.21482],[-0.27845,41.22655],[-0.3091,41.25277],[-0.31608,41.25686],[-0.32485,41.2539],[-0.32473,41.2455],[-0.34318,41.24018],[-0.34682,41.24595],[-0.36886,41.26086],[-0.40586,41.27236],[-0.41131,41.27908],[-0.42875,41.29407],[-0.42427,41.31353],[-0.44282,41.31299],[-0.45926,41.31843],[-0.47016,41.31825],[-0.47707,41.32931],[-0.47993,41.34593],[-0.50256,41.35439],[-0.51086,41.35398],[-0.52254,41.34837],[-0.54341,41.34897],[-0.55359,41.34709],[-0.55892,41.3543],[-0.56927,41.35359],[-0.58179,41.34812],[-0.58248,41.32683],[-0.57861,41.3156],[-0.56706,41.30425],[-0.55248,41.30309],[-0.53514,41.29472],[-0.52715,41.28822],[-0.51533,41.26968],[-0.50618,41.25025],[-0.50969,41.23828],[-0.51414,41.23463],[-0.53158,41.22781],[-0.53917,41.23963],[-0.54616,41.25746],[-0.54849,41.26774],[-0.57494,41.2952],[-0.59503,41.31475],[-0.60552,41.32221],[-0.62972,41.31176],[-0.63197,41.3018],[-0.62726,41.28],[-0.62875,41.25982],[-0.62546,41.24818],[-0.64278,41.23836],[-0.66315,41.23941],[-0.66887,41.23626],[-0.66056,41.22968],[-0.64082,41.21853],[-0.62876,41.20443],[-0.6099,41.19168],[-0.62188,41.18429],[-0.62411,41.17986],[-0.63754,41.17347],[-0.64651,41.1632],[-0.665,41.14596],[-0.67209,41.13418],[-0.67193,41.13002],[-0.68037,41.1208],[-0.69397,41.11229],[-0.71554,41.12467],[-0.72582,41.138],[-0.72775,41.14391],[-0.73464,41.14664],[-0.75301,41.16684],[-0.76141,41.16966],[-0.76484,41.15891],[-0.77636,41.15256],[-0.78485,41.13627],[-0.7824,41.126],[-0.78379,41.11755],[-0.79158,41.11151],[-0.79462,41.10475],[-0.81784,41.10025],[-0.82853,41.09642],[-0.85989,41.10801],[-0.87135,41.1165],[-0.88366,41.13011],[-0.88608,41.14083],[-0.89362,41.13249],[-0.89027,41.12607],[-0.89778,41.12149],[-0.90168,41.11185],[-0.91531,41.10516],[-0.91255,41.09301],[-0.93772,41.08343],[-0.94494,41.07532],[-0.96069,41.07806],[-0.96237,41.08164],[-0.98181,41.09216],[-0.98959,41.09114],[-0.9986,41.09523],[-1.00056,41.11484],[-0.99214,41.12414],[-0.98072,41.14512],[-1.00086,41.13401],[-1.01252,41.13467],[-1.02451,41.13805],[-1.03931,41.13472],[-1.0467,41.14245],[-1.05985,41.15098],[-1.0862,41.16413],[-1.09327,41.16246],[-1.1065,41.16701],[-1.11706,41.15548],[-1.11312,41.14276],[-1.1216,41.13493],[-1.15633,41.12903],[-1.17399,41.12369],[-1.17702,41.12805],[-1.19246,41.12701],[-1.20998,41.1388],[-1.22712,41.13022],[-1.24932,41.12562],[-1.2544,41.12294],[-1.27081,41.10109],[-1.25865,41.08901],[-1.2533,41.07733],[-1.2638,41.06149],[-1.27093,41.05478],[-1.2815,41.05593],[-1.28743,41.04886],[-1.30344,41.05227],[-1.31911,41.0498],[-1.32719,41.05515],[-1.33395,41.0514],[-1.35417,41.05753],[-1.35314,41.06237],[-1.36013,41.07159],[-1.3579,41.08019],[-1.36072,41.08793],[-1.37815,41.07307],[-1.39732,41.06595],[-1.40522,41.06631],[-1.41002,41.05791],[-1.40483,41.05063],[-1.41559,41.04335],[-1.41115,41.0351],[-1.42231,41.02716],[-1.44004,41.02617],[-1.45794,41.01836],[-1.4764,41.01494],[-1.47068,41.00947],[-1.45935,41.00676],[-1.44919,40.99108],[-1.44692,40.97654],[-1.45668,40.97045],[-1.47145,40.958],[-1.47299,40.9488],[-1.50534,40.96412],[-1.51204,40.95636],[-1.55739,40.93949],[-1.57596,40.93858],[-1.58189,40.94152],[-1.5899,40.93624],[-1.61745,40.94373],[-1.61185,40.93756],[-1.6079,40.92762],[-1.61045,40.91682],[-1.61564,40.90814],[-1.62597,40.89868],[-1.62031,40.87949],[-1.60314,40.85953],[-1.59368,40.85326],[-1.58878,40.84503],[-1.57049,40.83008],[-1.55927,40.83076],[-1.54468,40.81619],[-1.53924,40.79264],[-1.53933,40.78082],[-1.54299,40.76843],[-1.53991,40.76073],[-1.5553,40.75008],[-1.56068,40.7381],[-1.55887,40.71926],[-1.55413,40.71558],[-1.55141,40.70555],[-1.53564,40.68702],[-1.54034,40.68134],[-1.53899,40.65809],[-1.54909,40.64716],[-1.55471,40.63567],[-1.55475,40.63042],[-1.56486,40.61474],[-1.55596,40.60775],[-1.54552,40.5952],[-1.55569,40.58599],[-1.58289,40.56945],[-1.59875,40.56205],[-1.62971,40.57606],[-1.63425,40.57979],[-1.66646,40.58204],[-1.67433,40.59217],[-1.6781,40.59095],[-1.68582,40.57991],[-1.69328,40.57765],[-1.68964,40.56649],[-1.70162,40.5411],[-1.70138,40.53248],[-1.69711,40.52291],[-1.69498,40.49275],[-1.69251,40.48682],[-1.73504,40.47203],[-1.7486,40.4629],[-1.777,40.42976],[-1.78543,40.41318],[-1.7934,40.41785],[-1.80064,40.41422],[-1.80566,40.398],[-1.79536,40.38687],[-1.78879,40.38421],[-1.77768,40.37197],[-1.76805,40.35419],[-1.75623,40.34044],[-1.73492,40.32686],[-1.72341,40.32486],[-1.72126,40.31897],[-1.71145,40.31402],[-1.72594,40.30791],[-1.7294,40.30097],[-1.7234,40.28464],[-1.71427,40.27679],[-1.7099,40.28078],[-1.71058,40.29206],[-1.7004,40.30707],[-1.68966,40.30933],[-1.67987,40.30078],[-1.66561,40.29455],[-1.65895,40.28203],[-1.64509,40.27288],[-1.63676,40.26392],[-1.62933,40.25962],[-1.60868,40.24277],[-1.5932,40.23651],[-1.57147,40.21367],[-1.56696,40.21227],[-1.54047,40.19136],[-1.53153,40.19291],[-1.52216,40.20204],[-1.5109,40.20372],[-1.47442,40.18504],[-1.43996,40.19683],[-1.4427,40.1668],[-1.44237,40.1576],[-1.44886,40.14534],[-1.43332,40.13948],[-1.42173,40.1423],[-1.40458,40.13917],[-1.39127,40.13451],[-1.3777,40.14024],[-1.36366,40.13861],[-1.36174,40.12964],[-1.3546,40.12947],[-1.33606,40.14215],[-1.31972,40.14639],[-1.31729,40.16412],[-1.32256,40.17163],[-1.32299,40.18486],[-1.31699,40.19913],[-1.31096,40.20391],[-1.29332,40.20656],[-1.29682,40.19904],[-1.28687,40.18235],[-1.28454,40.17125],[-1.2767,40.1672],[-1.2764,40.16199],[-1.26804,40.15642],[-1.24614,40.13837],[-1.2457,40.12969],[-1.25064,40.123],[-1.24551,40.11668],[-1.23682,40.11298],[-1.22188,40.11547],[-1.20875,40.11019],[-1.19537,40.10996],[-1.185,40.11255],[-1.15676,40.11552],[-1.14725,40.11347],[-1.13475,40.10312],[-1.13355,40.09747],[-1.11146,40.09287],[-1.08814,40.07603],[-1.07213,40.06048],[-1.0717,40.05159],[-1.08423,40.03621],[-1.0979,40.03268],[-1.10352,40.02807],[-1.11668,40.02376],[-1.1362,40.01509],[-1.14627,40.01675],[-1.15344,40.01262],[-1.16519,40.0101],[-1.16332,39.99982],[-1.14735,39.9886],[-1.14255,39.97195],[-1.12987,39.9696],[-1.1269,39.96302],[-1.11272,39.97314],[-1.10501,39.97497],[-1.09215,39.9678],[-1.08594,39.97633],[-1.07276,39.97952],[-1.05758,39.98048],[-1.02569,39.9746],[-1.00252,39.98183],[-0.98788,39.98134],[-0.97793,39.97611],[-0.96729,39.97405],[-0.94547,39.9634],[-0.93525,39.9602],[-0.92415,39.95977],[-0.91033,39.94919],[-0.90266,39.93185],[-0.91382,39.91801],[-0.90758,39.90043],[-0.90024,39.89183],[-0.90815,39.88603],[-0.91264,39.87423],[-0.91023,39.86811],[-0.88857,39.85211],[-0.87929,39.85228],[-0.86742,39.84678],[-0.85805,39.85052],[-0.85645,39.8555],[-0.83904,39.86244],[-0.82813,39.87144],[-0.81426,39.8738],[-0.79769,39.88107],[-0.8046,39.89211],[-0.82999,39.90678],[-0.83765,39.92358],[-0.8368,39.93333],[-0.83983,39.94207],[-0.8463,39.9477],[-0.83609,39.96281],[-0.84143,39.96911],[-0.83481,39.97934],[-0.81698,39.98223],[-0.80007,39.99133],[-0.79015,39.98978],[-0.76783,40.0092],[-0.76285,40.03027],[-0.76254,40.03969],[-0.7545,40.04564],[-0.74768,40.03782],[-0.73157,40.04218],[-0.71868,40.03924],[-0.70275,40.04657],[-0.68143,40.04513],[-0.66419,40.05115],[-0.64784,40.06462],[-0.63686,40.0674],[-0.63132,40.07344],[-0.62337,40.06898],[-0.61347,40.06959],[-0.61835,40.08207],[-0.6287,40.1021],[-0.60741,40.12798],[-0.58698,40.13143],[-0.57965,40.13883],[-0.57896,40.14789],[-0.57086,40.15519],[-0.56965,40.16285],[-0.57397,40.17296],[-0.57227,40.18117],[-0.56282,40.18887],[-0.55748,40.20079],[-0.55871,40.20976],[-0.54795,40.24417],[-0.54419,40.25166],[-0.5259,40.23732],[-0.51059,40.23178],[-0.50157,40.23319],[-0.49452,40.22873],[-0.48664,40.23417],[-0.47136,40.23837],[-0.46159,40.23445],[-0.45181,40.23532],[-0.42807,40.2438],[-0.38823,40.26143],[-0.38373,40.26423],[-0.38222,40.27666],[-0.38957,40.28692],[-0.39871,40.29396],[-0.38961,40.29999],[-0.39007,40.30565],[-0.3615,40.31462],[-0.35251,40.31362],[-0.34974,40.32297],[-0.34109,40.32887],[-0.34134,40.33834],[-0.33275,40.34082],[-0.32426,40.34701],[-0.31869,40.35451],[-0.3048,40.36247],[-0.29881,40.36081],[-0.29198,40.36626],[-0.28126,40.37051],[-0.28342,40.38318],[-0.2888,40.38938],[-0.30132,40.39738],[-0.30722,40.40919],[-0.31668,40.41717],[-0.33283,40.42554],[-0.34441,40.44155],[-0.335,40.45716],[-0.32367,40.4592],[-0.30896,40.46551],[-0.29313,40.46625],[-0.29007,40.47039],[-0.27151,40.47846],[-0.28015,40.4883],[-0.27517,40.4957],[-0.28755,40.50955],[-0.29836,40.50567],[-0.30216,40.51493],[-0.30147,40.52185],[-0.29033,40.54393],[-0.29035,40.55303],[-0.29619,40.56084],[-0.29495,40.57039],[-0.29915,40.57323],[-0.29349,40.59146],[-0.29447,40.61217],[-0.31158,40.61145],[-0.32209,40.60284],[-0.33773,40.60729],[-0.34401,40.6112],[-0.36025,40.61551],[-0.37048,40.61359],[-0.37967,40.62353],[-0.37641,40.63635],[-0.37115,40.64354],[-0.37096,40.6511],[-0.38151,40.66158],[-0.37051,40.67228],[-0.35617,40.67769],[-0.32882,40.68028],[-0.32211,40.67772],[-0.31657,40.66332],[-0.30731,40.662],[-0.27939,40.67986],[-0.26356,40.68413],[-0.25044,40.69077],[-0.23599,40.69111],[-0.23753,40.69794],[-0.23357,40.70855],[-0.23936,40.71745],[-0.23207,40.7273],[-0.23051,40.73854],[-0.22403,40.75416],[-0.21284,40.75827],[-0.21045,40.76738],[-0.20079,40.77718],[-0.19718,40.78446],[-0.1705,40.78627],[-0.16496,40.78863],[-0.14531,40.78593],[-0.14718,40.77512],[-0.14224,40.76711],[-0.13563,40.76352],[-0.12684,40.75332],[-0.1129,40.74831],[-0.11034,40.74483],[-0.09604,40.74181],[-0.07985,40.73334],[-0.0647,40.72741],[-0.04887,40.72729],[-0.03198,40.72244],[-0.02264,40.73021],[-0.00299,40.7305],[0.01661,40.72771],[0.01852,40.71981],[0.02862,40.71417],[0.02451,40.70698],[0.02663,40.6948],[0.04217,40.69101],[0.0725,40.71397],[0.11502,40.72774],[0.12382,40.72081],[0.14456,40.71833],[0.1622,40.7226],[0.17025,40.73274]]]},"properties":{"codi_prov":"44","provincia":"Teruel","codi_ccaa":"02"}},{"type":"Feature","geometry":{"type":"Polygon","coordinates":[[[-4.95295,39.39439],[-4.94074,39.39512],[-4.94217,39.39935],[-4.93101,39.42707],[-4.92665,39.43425],[-4.91877,39.45951],[-4.91098,39.47916],[-4.90821,39.49369],[-4.89804,39.51261],[-4.89162,39.51913],[-4.88895,39.52657],[-4.87974,39.53836],[-4.87216,39.54395],[-4.86312,39.55615],[-4.84812,39.55212],[-4.81097,39.52981],[-4.78605,39.52525],[-4.77977,39.5201],[-4.76247,39.51404],[-4.75171,39.50183],[-4.74285,39.48755],[-4.74995,39.46835],[-4.74051,39.45617],[-4.7522,39.44858],[-4.76626,39.43432],[-4.7662,39.42391],[-4.75371,39.42542],[-4.75537,39.41571],[-4.7127,39.43569],[-4.69028,39.45179],[-4.68694,39.44973],[-4.65967,39.45392],[-4.64051,39.44983],[-4.61813,39.4544],[-4.61159,39.46014],[-4.6147,39.46593],[-4.614,39.48526],[-4.61184,39.48841],[-4.59028,39.49974],[-4.58548,39.49688],[-4.56783,39.49739],[-4.56857,39.50122],[-4.55463,39.51078],[-4.55972,39.51653],[-4.56144,39.53314],[-4.54268,39.544],[-4.54249,39.53827],[-4.53472,39.53733],[-4.52837,39.54726],[-4.5313,39.55568],[-4.52142,39.5559],[-4.50439,39.54649],[-4.49386,39.54492],[-4.4929,39.53818],[-4.50167,39.5351],[-4.50635,39.52185],[-4.50073,39.51855],[-4.49608,39.50812],[-4.48817,39.50193],[-4.48028,39.48582],[-4.46775,39.48038],[-4.46087,39.48028],[-4.46265,39.48932],[-4.45948,39.49248],[-4.45308,39.51729],[-4.44086,39.52299],[-4.43072,39.51867],[-4.42125,39.50701],[-4.40927,39.50628],[-4.37721,39.49598],[-4.36417,39.49638],[-4.33141,39.48738],[-4.32065,39.48341],[-4.29647,39.4841],[-4.272,39.4795],[-4.25179,39.48044],[-4.24209,39.4779],[-4.20499,39.4879],[-4.1961,39.49281],[-4.1926,39.49824],[-4.16646,39.56689],[-4.15873,39.57676],[-4.14975,39.57363],[-4.13585,39.56518],[-4.12435,39.56356],[-4.10469,39.56536],[-4.08946,39.5692],[-4.08186,39.56807],[-4.07228,39.57216],[-4.04178,39.57535],[-4.03784,39.56565],[-4.03884,39.55395],[-4.03627,39.54899],[-4.03008,39.52197],[-4.04336,39.52066],[-4.05943,39.52206],[-4.06824,39.50255],[-4.06507,39.49351],[-4.06774,39.48574],[-4.05883,39.47219],[-4.06813,39.45705],[-4.07926,39.45128],[-4.09984,39.45496],[-4.10403,39.45914],[-4.11236,39.4598],[-4.12028,39.44523],[-4.12008,39.43632],[-4.12354,39.42951],[-4.12664,39.40809],[-4.13477,39.40034],[-4.13239,39.39677],[-4.13868,39.38441],[-4.14404,39.369],[-4.14816,39.3627],[-4.12802,39.36532],[-4.12027,39.36236],[-4.10815,39.34901],[-4.10402,39.34169],[-4.08577,39.34983],[-4.08622,39.35494],[-4.07305,39.36577],[-4.03896,39.35754],[-4.03156,39.35892],[-4.0041,39.35187],[-3.9722,39.35218],[-3.96807,39.34306],[-3.96829,39.32348],[-3.95886,39.31016],[-3.96686,39.29855],[-3.92863,39.28427],[-3.91461,39.28424],[-3.90241,39.28028],[-3.87604,39.26206],[-3.85736,39.2585],[-3.84149,39.25968],[-3.83733,39.26688],[-3.82831,39.26897],[-3.8152,39.2796],[-3.80912,39.28835],[-3.79121,39.2929],[-3.76569,39.29332],[-3.74344,39.282],[-3.74066,39.27632],[-3.73009,39.2748],[-3.72252,39.26961],[-3.69614,39.28009],[-3.68814,39.28486],[-3.67462,39.29665],[-3.65148,39.29988],[-3.64234,39.29949],[-3.62389,39.3027],[-3.60743,39.30202],[-3.58618,39.30738],[-3.5769,39.30495],[-3.57367,39.30068],[-3.55617,39.29905],[-3.54835,39.30209],[-3.53259,39.30416],[-3.52502,39.31499],[-3.51474,39.32019],[-3.49218,39.33506],[-3.48499,39.34152],[-3.47688,39.34314],[-3.47357,39.35248],[-3.47048,39.37214],[-3.44792,39.38701],[-3.42702,39.39436],[-3.41028,39.40459],[-3.40161,39.40417],[-3.36611,39.40748],[-3.34306,39.40807],[-3.32966,39.4055],[-3.3091,39.39868],[-3.31015,39.41564],[-3.31622,39.42577],[-3.3147,39.43802],[-3.30414,39.44879],[-3.29663,39.45981],[-3.29425,39.47077],[-3.27911,39.46972],[-3.25534,39.47075],[-3.20795,39.47628],[-3.18516,39.475],[-3.18414,39.48818],[-3.15679,39.49612],[-3.14332,39.49556],[-3.11036,39.47589],[-3.09588,39.47317],[-3.07561,39.45778],[-3.06988,39.45006],[-3.05016,39.45039],[-3.0227,39.45714],[-3.01485,39.44507],[-2.9994,39.44159],[-3.00063,39.44868],[-2.99505,39.45126],[-2.97798,39.44474],[-2.96733,39.44792],[-2.957,39.4472],[-2.95551,39.45486],[-2.93177,39.47145],[-2.93497,39.48205],[-2.93435,39.50477],[-2.93638,39.5112],[-2.93164,39.51871],[-2.93529,39.52568],[-2.92912,39.52992],[-2.92739,39.5499],[-2.92065,39.55914],[-2.92275,39.57016],[-2.92052,39.58184],[-2.92504,39.60122],[-2.91373,39.61362],[-2.91804,39.6228],[-2.90823,39.64233],[-2.91925,39.64627],[-2.93821,39.66681],[-2.94939,39.67696],[-2.95444,39.68671],[-2.96988,39.6897],[-2.97752,39.69666],[-2.97669,39.70283],[-2.99349,39.71404],[-2.99955,39.72183],[-3.00934,39.74513],[-3.01536,39.76441],[-3.04054,39.78758],[-3.03769,39.7902],[-3.05184,39.81256],[-3.05569,39.82917],[-3.05968,39.83747],[-3.07629,39.85571],[-3.08227,39.85788],[-3.09627,39.86911],[-3.10685,39.87111],[-3.11206,39.87497],[-3.12523,39.87797],[-3.12218,39.88593],[-3.11292,39.8943],[-3.11328,39.89948],[-3.10688,39.90314],[-3.10685,39.91642],[-3.10035,39.92166],[-3.09706,39.93347],[-3.09891,39.95257],[-3.09502,39.97163],[-3.09881,39.975],[-3.09667,39.9869],[-3.11007,39.98759],[-3.13021,39.98429],[-3.14257,39.98496],[-3.15048,40.01082],[-3.1608,40.02628],[-3.1655,40.0282],[-3.16643,40.05196],[-3.16158,40.06493],[-3.16317,40.08371],[-3.16984,40.0906],[-3.18064,40.09009],[-3.18918,40.07737],[-3.20177,40.06629],[-3.21048,40.06166],[-3.229,40.05605],[-3.24362,40.05342],[-3.24569,40.05721],[-3.2565,40.05654],[-3.2573,40.05069],[-3.27422,40.05273],[-3.27621,40.04725],[-3.29001,40.05274],[-3.30249,40.05331],[-3.31179,40.06825],[-3.32775,40.07914],[-3.34617,40.08016],[-3.36049,40.07551],[-3.37771,40.07477],[-3.37913,40.06617],[-3.37473,40.05962],[-3.37692,40.04999],[-3.38505,40.05187],[-3.39424,40.04539],[-3.39393,40.03559],[-3.40226,40.03431],[-3.40994,40.04179],[-3.42598,40.04659],[-3.42933,40.03888],[-3.44787,40.03854],[-3.44677,40.04784],[-3.45556,40.04642],[-3.47007,40.0407],[-3.47237,40.04571],[-3.49032,40.04737],[-3.51531,40.04333],[-3.52207,40.02609],[-3.51971,40.02109],[-3.53061,40.01812],[-3.55119,40.01814],[-3.59001,40.01322],[-3.59458,40.0017],[-3.61037,39.99828],[-3.62249,39.99106],[-3.62925,39.99267],[-3.63799,39.98838],[-3.63138,39.9696],[-3.6345,39.96589],[-3.65905,39.9659],[-3.67764,39.96077],[-3.69759,39.94672],[-3.71111,39.95471],[-3.73058,39.94442],[-3.74387,39.9408],[-3.74846,39.92942],[-3.75937,39.91907],[-3.7788,39.91085],[-3.78978,39.89912],[-3.80642,39.88739],[-3.81489,39.88574],[-3.83455,39.89993],[-3.84488,39.90264],[-3.85979,39.90255],[-3.86894,39.90524],[-3.87543,39.91069],[-3.86745,39.91704],[-3.87548,39.9269],[-3.86916,39.93148],[-3.85932,39.93286],[-3.85282,39.93943],[-3.84004,39.94196],[-3.83589,39.93168],[-3.83013,39.93344],[-3.82932,39.94054],[-3.82438,39.94729],[-3.81767,39.94674],[-3.81033,39.95376],[-3.8017,39.95205],[-3.80122,39.94731],[-3.78642,39.94467],[-3.78215,39.94796],[-3.7868,39.95393],[-3.76317,39.96711],[-3.75797,39.95834],[-3.77023,39.95404],[-3.76662,39.94729],[-3.75449,39.9504],[-3.75113,39.95451],[-3.75888,39.96887],[-3.74656,39.96236],[-3.73531,39.96188],[-3.73716,39.96841],[-3.74675,39.97947],[-3.72534,39.98841],[-3.72175,40.00111],[-3.71462,40.00451],[-3.70799,40.01392],[-3.69989,40.01954],[-3.68683,40.02171],[-3.6768,40.02091],[-3.66774,40.02782],[-3.6635,40.03663],[-3.65555,40.03288],[-3.64923,40.0388],[-3.63559,40.04364],[-3.63966,40.05002],[-3.62309,40.05411],[-3.62424,40.0606],[-3.61657,40.06881],[-3.62822,40.07545],[-3.62334,40.08119],[-3.61036,40.08187],[-3.60373,40.09367],[-3.61615,40.09646],[-3.60763,40.10897],[-3.62121,40.11519],[-3.65633,40.12534],[-3.66583,40.13529],[-3.66731,40.14329],[-3.67789,40.13916],[-3.68372,40.13227],[-3.70293,40.1371],[-3.71981,40.14712],[-3.72989,40.14387],[-3.74626,40.13216],[-3.77143,40.13978],[-3.77856,40.14887],[-3.7791,40.15625],[-3.78455,40.16281],[-3.80004,40.1754],[-3.80675,40.17722],[-3.81036,40.169],[-3.81819,40.17104],[-3.83419,40.16135],[-3.8528,40.16924],[-3.85145,40.17751],[-3.86663,40.18808],[-3.89417,40.18871],[-3.91618,40.1916],[-3.93129,40.20397],[-3.93862,40.20263],[-3.94747,40.19407],[-3.9563,40.19908],[-3.95618,40.21147],[-3.97693,40.21193],[-3.991,40.20948],[-4.00144,40.21771],[-4.00617,40.21825],[-4.02616,40.23561],[-4.02596,40.24958],[-4.05208,40.25153],[-4.07289,40.26545],[-4.08046,40.26694],[-4.08575,40.25599],[-4.10427,40.24183],[-4.11965,40.24359],[-4.13147,40.24898],[-4.14373,40.24483],[-4.15073,40.24923],[-4.14399,40.26462],[-4.16701,40.27275],[-4.1752,40.289],[-4.17952,40.2934],[-4.19087,40.29735],[-4.20381,40.2873],[-4.20469,40.26903],[-4.22831,40.27487],[-4.24616,40.27421],[-4.2537,40.26289],[-4.25944,40.25861],[-4.26198,40.24757],[-4.26965,40.23602],[-4.28667,40.22793],[-4.29519,40.21888],[-4.30611,40.22178],[-4.31118,40.23452],[-4.32039,40.22761],[-4.33335,40.23822],[-4.34173,40.24045],[-4.34818,40.23798],[-4.34527,40.25288],[-4.35693,40.27034],[-4.35834,40.29467],[-4.35639,40.30862],[-4.36804,40.31384],[-4.38134,40.31249],[-4.38451,40.28827],[-4.39262,40.28694],[-4.40059,40.28192],[-4.40768,40.2737],[-4.43636,40.25511],[-4.43453,40.24431],[-4.43875,40.23721],[-4.44751,40.23365],[-4.4724,40.23143],[-4.4975,40.22162],[-4.50979,40.21919],[-4.51693,40.21472],[-4.51991,40.20222],[-4.53536,40.19934],[-4.55826,40.20283],[-4.57505,40.20673],[-4.57268,40.21265],[-4.57908,40.2172],[-4.61356,40.20113],[-4.62981,40.20185],[-4.63994,40.19704],[-4.65807,40.19945],[-4.66282,40.20592],[-4.67394,40.20951],[-4.68011,40.207],[-4.68689,40.21051],[-4.68565,40.21845],[-4.68852,40.22586],[-4.68681,40.23577],[-4.6935,40.2411],[-4.6872,40.24961],[-4.70107,40.25668],[-4.70305,40.26294],[-4.69397,40.26598],[-4.69814,40.28219],[-4.71368,40.28084],[-4.71956,40.27549],[-4.73218,40.27091],[-4.74263,40.27528],[-4.75332,40.26409],[-4.76119,40.26094],[-4.77812,40.2656],[-4.78333,40.27022],[-4.80347,40.27527],[-4.81781,40.25531],[-4.81061,40.24481],[-4.80864,40.23683],[-4.82126,40.23009],[-4.82083,40.22274],[-4.83997,40.20964],[-4.86205,40.20504],[-4.87335,40.19988],[-4.87666,40.19194],[-4.88645,40.19114],[-4.90658,40.17775],[-4.92411,40.17057],[-4.91807,40.15236],[-4.92529,40.13627],[-4.9452,40.13242],[-4.95296,40.13423],[-4.95959,40.13052],[-4.96373,40.12205],[-4.98226,40.1157],[-4.98764,40.11645],[-5.00555,40.11003],[-5.01273,40.11163],[-5.0063,40.12635],[-5.01266,40.14449],[-5.01539,40.14635],[-5.01688,40.15911],[-5.02917,40.15796],[-5.04147,40.15141],[-5.06177,40.15169],[-5.07022,40.149],[-5.07827,40.14192],[-5.07718,40.13677],[-5.08617,40.13464],[-5.08918,40.1237],[-5.10147,40.12712],[-5.10867,40.11636],[-5.12932,40.10168],[-5.1408,40.09726],[-5.14241,40.09158],[-5.1548,40.0932],[-5.17331,40.08541],[-5.18479,40.08907],[-5.19957,40.08193],[-5.20741,40.0859],[-5.21067,40.09526],[-5.21014,40.10513],[-5.2172,40.10795],[-5.23827,40.10718],[-5.26295,40.10917],[-5.26591,40.11154],[-5.29722,40.10937],[-5.31584,40.10703],[-5.33569,40.11515],[-5.35944,40.10841],[-5.36901,40.10009],[-5.36724,40.08677],[-5.37358,40.05744],[-5.36547,40.03671],[-5.36238,40.01282],[-5.36567,39.99276],[-5.36514,39.98292],[-5.38028,39.95181],[-5.38286,39.94099],[-5.39483,39.91843],[-5.40108,39.88566],[-5.40611,39.87773],[-5.3939,39.87905],[-5.36948,39.88838],[-5.35129,39.8892],[-5.32645,39.89197],[-5.31752,39.89079],[-5.31085,39.88649],[-5.31009,39.88016],[-5.29428,39.87488],[-5.29214,39.86589],[-5.28405,39.86387],[-5.28352,39.85721],[-5.29529,39.84401],[-5.30647,39.83631],[-5.31276,39.82307],[-5.31229,39.81495],[-5.31626,39.79746],[-5.31151,39.78745],[-5.31622,39.77212],[-5.30883,39.76039],[-5.29587,39.76097],[-5.27655,39.75675],[-5.26692,39.75244],[-5.25721,39.75207],[-5.2447,39.76093],[-5.24435,39.7665],[-5.23167,39.77462],[-5.20787,39.79651],[-5.20184,39.79869],[-5.18628,39.79773],[-5.16714,39.79875],[-5.16585,39.78064],[-5.16076,39.77119],[-5.15846,39.75966],[-5.16441,39.75589],[-5.1744,39.75521],[-5.16811,39.74438],[-5.15512,39.73592],[-5.14517,39.72654],[-5.13779,39.715],[-5.14632,39.70604],[-5.15186,39.69601],[-5.1564,39.6739],[-5.14884,39.66811],[-5.15142,39.66129],[-5.16414,39.64716],[-5.16148,39.64309],[-5.17265,39.6354],[-5.17706,39.6257],[-5.19305,39.60757],[-5.20524,39.59991],[-5.20207,39.59202],[-5.16396,39.56262],[-5.15541,39.55404],[-5.14596,39.54952],[-5.12274,39.52099],[-5.11646,39.51791],[-5.09522,39.5023],[-5.08389,39.49013],[-5.07616,39.48697],[-5.05987,39.48885],[-5.04528,39.47744],[-5.02652,39.45273],[-5.00905,39.43508],[-4.99692,39.42532],[-4.97757,39.41425],[-4.9711,39.40789],[-4.95433,39.39818],[-4.95295,39.39439]]]},"properties":{"codi_prov":"45","provincia":"Toledo","codi_ccaa":"08"}},{"type":"Feature","geometry":{"type":"MultiPolygon","coordinates":[[[[-0.79769,39.88107],[-0.81426,39.8738],[-0.82813,39.87144],[-0.83904,39.86244],[-0.85645,39.8555],[-0.85805,39.85052],[-0.86742,39.84678],[-0.87929,39.85228],[-0.88857,39.85211],[-0.91023,39.86811],[-0.91264,39.87423],[-0.90815,39.88603],[-0.90024,39.89183],[-0.90758,39.90043],[-0.91382,39.91801],[-0.90266,39.93185],[-0.91033,39.94919],[-0.92415,39.95977],[-0.93525,39.9602],[-0.94547,39.9634],[-0.96729,39.97405],[-0.97793,39.97611],[-0.98788,39.98134],[-1.00252,39.98183],[-1.02569,39.9746],[-1.05758,39.98048],[-1.07276,39.97952],[-1.08594,39.97633],[-1.09215,39.9678],[-1.10501,39.97497],[-1.11272,39.97314],[-1.1269,39.96302],[-1.12987,39.9696],[-1.14255,39.97195],[-1.15295,39.96414],[-1.20412,39.94937],[-1.20832,39.94391],[-1.20894,39.92813],[-1.20113,39.9239],[-1.19816,39.90916],[-1.20027,39.89099],[-1.19998,39.85943],[-1.21088,39.83818],[-1.21171,39.8203],[-1.21689,39.81439],[-1.215,39.80877],[-1.22119,39.80318],[-1.23411,39.78283],[-1.2492,39.7725],[-1.27541,39.73864],[-1.27095,39.73118],[-1.27137,39.71349],[-1.262,39.69891],[-1.27958,39.67789],[-1.29198,39.67254],[-1.31283,39.67048],[-1.3258,39.67309],[-1.34271,39.68159],[-1.36853,39.68961],[-1.40401,39.66598],[-1.41793,39.65494],[-1.43652,39.62881],[-1.44568,39.61122],[-1.45298,39.5915],[-1.46208,39.57662],[-1.4768,39.56912],[-1.48349,39.56916],[-1.50436,39.5639],[-1.50087,39.55802],[-1.50341,39.55194],[-1.5142,39.55156],[-1.51151,39.54571],[-1.50105,39.53487],[-1.50632,39.51986],[-1.50431,39.50311],[-1.5005,39.49493],[-1.51206,39.48271],[-1.50853,39.47749],[-1.51325,39.47092],[-1.51349,39.45758],[-1.52777,39.45688],[-1.52449,39.44309],[-1.52014,39.43962],[-1.52154,39.43239],[-1.51403,39.42839],[-1.50886,39.4333],[-1.50121,39.42552],[-1.50524,39.41764],[-1.49662,39.41534],[-1.48858,39.41705],[-1.48982,39.40677],[-1.48178,39.40135],[-1.47651,39.408],[-1.47002,39.40781],[-1.46622,39.40149],[-1.47681,39.39479],[-1.46721,39.39027],[-1.4617,39.40031],[-1.45398,39.4003],[-1.45343,39.38603],[-1.46124,39.38707],[-1.46332,39.37947],[-1.44851,39.37868],[-1.45155,39.37232],[-1.44281,39.36699],[-1.43167,39.3774],[-1.42252,39.36495],[-1.42196,39.38181],[-1.41272,39.38044],[-1.40632,39.37183],[-1.40616,39.36568],[-1.39402,39.36718],[-1.3831,39.36554],[-1.38426,39.35366],[-1.36586,39.35511],[-1.35142,39.33962],[-1.34385,39.34032],[-1.33628,39.3338],[-1.32821,39.34123],[-1.31186,39.34272],[-1.30762,39.33921],[-1.28563,39.33181],[-1.27868,39.33243],[-1.26769,39.32823],[-1.25531,39.32724],[-1.25237,39.32313],[-1.23918,39.32234],[-1.22364,39.31607],[-1.21535,39.3191],[-1.20966,39.32629],[-1.1925,39.31646],[-1.16962,39.31332],[-1.16193,39.30557],[-1.17482,39.27928],[-1.17689,39.24667],[-1.17638,39.23025],[-1.18083,39.21182],[-1.18939,39.20083],[-1.1945,39.18041],[-1.21053,39.16222],[-1.227,39.15171],[-1.23083,39.13736],[-1.24051,39.11374],[-1.25572,39.10617],[-1.25582,39.08402],[-1.2657,39.07547],[-1.26377,39.06834],[-1.26675,39.05102],[-1.25926,39.04135],[-1.25205,39.03955],[-1.23955,39.03056],[-1.22654,39.02467],[-1.2086,39.00505],[-1.20181,38.993],[-1.19326,38.98821],[-1.17478,38.96768],[-1.16089,38.95482],[-1.14741,38.93105],[-1.13864,38.92752],[-1.12712,38.92963],[-1.10737,38.92854],[-1.06906,38.93414],[-1.04296,38.93658],[-1.03687,38.93417],[-1.01584,38.93809],[-1.00053,38.94965],[-0.9744,38.94217],[-0.95939,38.94429],[-0.95701,38.92071],[-0.95163,38.91141],[-0.94158,38.90008],[-0.92432,38.89159],[-0.93138,38.87949],[-0.93001,38.86344],[-0.93516,38.85563],[-0.93061,38.82984],[-0.92449,38.82377],[-0.92745,38.81577],[-0.93306,38.81087],[-0.93405,38.79363],[-0.92914,38.78365],[-0.91532,38.78137],[-0.91772,38.77604],[-0.91369,38.76967],[-0.90512,38.76724],[-0.8877,38.7692],[-0.88539,38.77162],[-0.86197,38.77122],[-0.83549,38.74064],[-0.83023,38.73248],[-0.81742,38.73795],[-0.80664,38.73531],[-0.79245,38.73939],[-0.78759,38.74654],[-0.77959,38.74669],[-0.77048,38.75061],[-0.76146,38.74906],[-0.75208,38.75538],[-0.73716,38.75667],[-0.73329,38.7517],[-0.72221,38.75367],[-0.71719,38.75058],[-0.70469,38.73412],[-0.68878,38.74127],[-0.67757,38.72911],[-0.67106,38.73164],[-0.6532,38.73055],[-0.64344,38.72777],[-0.64355,38.71833],[-0.63812,38.69768],[-0.6287,38.68655],[-0.61805,38.68665],[-0.60893,38.69442],[-0.60373,38.69539],[-0.58416,38.70856],[-0.55226,38.71678],[-0.53494,38.73304],[-0.50712,38.74297],[-0.50747,38.75526],[-0.52088,38.75669],[-0.52963,38.76709],[-0.53791,38.76571],[-0.54734,38.76004],[-0.56564,38.75543],[-0.57561,38.76421],[-0.58426,38.76836],[-0.58865,38.77448],[-0.59522,38.7951],[-0.58056,38.80032],[-0.54882,38.8057],[-0.53531,38.81036],[-0.52564,38.81058],[-0.51583,38.80683],[-0.47449,38.80386],[-0.46204,38.80728],[-0.46062,38.81486],[-0.44431,38.8205],[-0.44027,38.82382],[-0.40407,38.83312],[-0.40221,38.83979],[-0.38291,38.83448],[-0.358,38.84916],[-0.35207,38.8596],[-0.33571,38.86404],[-0.32367,38.86349],[-0.31271,38.87499],[-0.31081,38.88151],[-0.29925,38.88169],[-0.28911,38.87262],[-0.27338,38.86402],[-0.25955,38.85978],[-0.23927,38.85755],[-0.23054,38.85349],[-0.19632,38.85944],[-0.19764,38.86632],[-0.18007,38.87876],[-0.16756,38.87989],[-0.15968,38.88351],[-0.15376,38.87189],[-0.15509,38.86048],[-0.14808,38.85843],[-0.12239,38.86711],[-0.10209,38.87503],[-0.09085,38.87313],[-0.08929,38.87816],[-0.07879,38.884],[-0.06798,38.88357],[-0.06571,38.87601],[-0.05695,38.86906],[-0.04589,38.86458],[-0.04213,38.85789],[-0.03346,38.85745],[-0.02711,38.86154],[-0.02959,38.87446],[-0.03712,38.88196],[-0.03757,38.88676],[-0.07419,38.9142],[-0.10707,38.94211],[-0.14299,38.97846],[-0.15608,38.99562],[-0.1566,38.99941],[-0.17973,39.02898],[-0.19843,39.05684],[-0.20986,39.0783],[-0.23864,39.14318],[-0.24094,39.16714],[-0.23494,39.17988],[-0.21886,39.18198],[-0.22354,39.19151],[-0.24218,39.22114],[-0.25599,39.24463],[-0.26101,39.25551],[-0.28001,39.28708],[-0.29492,39.31399],[-0.31223,39.35105],[-0.32598,39.3885],[-0.33368,39.41709],[-0.32926,39.42787],[-0.31566,39.42295],[-0.31487,39.43016],[-0.3197,39.43738],[-0.31862,39.44409],[-0.32509,39.44628],[-0.32651,39.45558],[-0.32308,39.45835],[-0.31447,39.44616],[-0.30502,39.44447],[-0.31853,39.46137],[-0.32284,39.47553],[-0.3227,39.50181],[-0.31801,39.51832],[-0.30697,39.53649],[-0.29601,39.54962],[-0.28525,39.5588],[-0.27609,39.57298],[-0.26635,39.60392],[-0.26118,39.61279],[-0.24684,39.62851],[-0.23695,39.63661],[-0.22763,39.63477],[-0.21559,39.62919],[-0.21215,39.63349],[-0.22404,39.63949],[-0.21579,39.65515],[-0.20987,39.65273],[-0.20793,39.66315],[-0.20178,39.67615],[-0.19822,39.69755],[-0.1885,39.72194],[-0.22577,39.7354],[-0.23396,39.74006],[-0.24622,39.7429],[-0.25714,39.74267],[-0.27195,39.75101],[-0.27156,39.76036],[-0.27653,39.77054],[-0.29748,39.78518],[-0.30857,39.79699],[-0.32873,39.80143],[-0.33926,39.79973],[-0.37813,39.80039],[-0.38986,39.78801],[-0.3918,39.77989],[-0.38586,39.77644],[-0.38694,39.76918],[-0.4096,39.7452],[-0.41919,39.746],[-0.43908,39.73686],[-0.43943,39.72835],[-0.44838,39.71642],[-0.461,39.71535],[-0.46367,39.72057],[-0.47512,39.73184],[-0.4827,39.73419],[-0.49825,39.74756],[-0.50586,39.75948],[-0.50852,39.77076],[-0.51401,39.77928],[-0.5309,39.79623],[-0.5484,39.79573],[-0.55855,39.79054],[-0.57705,39.7732],[-0.57715,39.76802],[-0.58814,39.74168],[-0.63081,39.7463],[-0.65243,39.7541],[-0.64705,39.78787],[-0.645,39.79197],[-0.65098,39.81201],[-0.65615,39.83598],[-0.66855,39.8404],[-0.69111,39.85246],[-0.69512,39.85006],[-0.70705,39.83513],[-0.71248,39.8167],[-0.72252,39.81323],[-0.73572,39.81934],[-0.73774,39.82848],[-0.75366,39.84295],[-0.77356,39.8698],[-0.79377,39.88143],[-0.79769,39.88107]]],[[[-1.16519,40.0101],[-1.15344,40.01262],[-1.14627,40.01675],[-1.1362,40.01509],[-1.11668,40.02376],[-1.10352,40.02807],[-1.0979,40.03268],[-1.08423,40.03621],[-1.0717,40.05159],[-1.07213,40.06048],[-1.08814,40.07603],[-1.11146,40.09287],[-1.13355,40.09747],[-1.13475,40.10312],[-1.14725,40.11347],[-1.15676,40.11552],[-1.185,40.11255],[-1.19537,40.10996],[-1.20875,40.11019],[-1.22188,40.11547],[-1.23682,40.11298],[-1.24551,40.11668],[-1.25064,40.123],[-1.2457,40.12969],[-1.24614,40.13837],[-1.26804,40.15642],[-1.2764,40.16199],[-1.2767,40.1672],[-1.28454,40.17125],[-1.28687,40.18235],[-1.29682,40.19904],[-1.29332,40.20656],[-1.31096,40.20391],[-1.31699,40.19913],[-1.32299,40.18486],[-1.32256,40.17163],[-1.31729,40.16412],[-1.31972,40.14639],[-1.33606,40.14215],[-1.3546,40.12947],[-1.36174,40.12964],[-1.36366,40.13861],[-1.3777,40.14024],[-1.39127,40.13451],[-1.40458,40.13917],[-1.42173,40.1423],[-1.43332,40.13948],[-1.44886,40.14534],[-1.45724,40.13506],[-1.45621,40.13095],[-1.44281,40.11804],[-1.42932,40.11359],[-1.4102,40.1045],[-1.4076,40.1014],[-1.42029,40.09351],[-1.41423,40.08818],[-1.41312,40.08122],[-1.39839,40.06324],[-1.39374,40.05311],[-1.38314,40.03897],[-1.38128,40.02716],[-1.37686,40.0165],[-1.36434,40.01218],[-1.33578,40.01667],[-1.32834,40.01341],[-1.28639,40.00818],[-1.26421,39.99846],[-1.24683,39.99518],[-1.23667,39.99806],[-1.19955,40.00345],[-1.19171,40.00228],[-1.17295,40.01085],[-1.16519,40.0101]]]]},"properties":{"codi_prov":"46","provincia":"Valencia/València","codi_ccaa":"10"}},{"type":"Feature","geometry":{"type":"MultiPolygon","coordinates":[[[[-4.04088,41.76835],[-4.06146,41.77473],[-4.07163,41.77062],[-4.08909,41.77963],[-4.10091,41.77519],[-4.10838,41.7849],[-4.11036,41.79436],[-4.1232,41.80731],[-4.15148,41.79847],[-4.17883,41.80352],[-4.19036,41.80163],[-4.19441,41.80403],[-4.21512,41.79958],[-4.23293,41.80812],[-4.2349,41.81227],[-4.24744,41.80293],[-4.26023,41.80526],[-4.27129,41.79206],[-4.27874,41.7886],[-4.28658,41.77488],[-4.30679,41.77592],[-4.31842,41.76679],[-4.35393,41.77398],[-4.37909,41.7815],[-4.38767,41.78778],[-4.40396,41.78317],[-4.42142,41.76813],[-4.44331,41.75831],[-4.45424,41.75917],[-4.48463,41.76953],[-4.50118,41.77141],[-4.49366,41.78036],[-4.48734,41.8201],[-4.47401,41.81854],[-4.46285,41.82169],[-4.47831,41.82859],[-4.47334,41.83205],[-4.47938,41.83819],[-4.49188,41.83841],[-4.50367,41.83207],[-4.50618,41.82618],[-4.52096,41.82318],[-4.53824,41.82932],[-4.5455,41.82612],[-4.55331,41.81627],[-4.56465,41.81838],[-4.5721,41.81586],[-4.58381,41.824],[-4.59105,41.83681],[-4.60379,41.83864],[-4.61846,41.85201],[-4.62406,41.85398],[-4.63198,41.86277],[-4.6373,41.88811],[-4.65151,41.89151],[-4.65843,41.89681],[-4.66968,41.90051],[-4.67791,41.89801],[-4.68614,41.89101],[-4.70109,41.88728],[-4.7173,41.87431],[-4.72825,41.86883],[-4.7323,41.86178],[-4.72644,41.85452],[-4.74806,41.84055],[-4.75842,41.82579],[-4.78925,41.81802],[-4.80716,41.84825],[-4.81383,41.863],[-4.82289,41.86744],[-4.83238,41.8804],[-4.83246,41.88681],[-4.83827,41.89853],[-4.86302,41.91828],[-4.8677,41.9176],[-4.86909,41.93173],[-4.88978,41.93278],[-4.89985,41.92824],[-4.91036,41.91828],[-4.92794,41.91503],[-4.93245,41.92665],[-4.94959,41.93383],[-4.96626,41.92506],[-4.97645,41.9136],[-4.98532,41.91075],[-4.98678,41.92109],[-4.99635,41.92817],[-5.00485,41.93795],[-5.00246,41.94797],[-4.99407,41.96257],[-4.98327,41.96668],[-4.97611,41.97361],[-4.97168,41.98725],[-4.97549,41.99355],[-4.96554,42.00706],[-4.94033,42.01599],[-4.93813,42.01988],[-4.9497,42.05102],[-4.92775,42.0735],[-4.91676,42.07831],[-4.90418,42.07839],[-4.91782,42.09079],[-4.92426,42.11055],[-4.92508,42.12069],[-4.92899,42.13051],[-4.9298,42.14461],[-4.9275,42.15022],[-4.94424,42.15274],[-4.9799,42.15103],[-4.98848,42.14438],[-5.0024,42.14909],[-5.00854,42.14865],[-5.01864,42.1565],[-5.02697,42.15391],[-5.02631,42.1656],[-5.02986,42.17394],[-5.0195,42.17881],[-5.01239,42.18976],[-5.01295,42.19463],[-5.02177,42.20847],[-5.02467,42.21989],[-5.01034,42.22812],[-5.00897,42.24225],[-5.01881,42.25386],[-5.01655,42.25897],[-5.00866,42.26146],[-5.00991,42.26657],[-5.00214,42.28913],[-5.03835,42.29713],[-5.03695,42.28912],[-5.0416,42.26756],[-5.04592,42.26142],[-5.05481,42.25752],[-5.06819,42.26119],[-5.06404,42.27379],[-5.07071,42.27916],[-5.08705,42.29748],[-5.09375,42.30929],[-5.10878,42.31065],[-5.11958,42.30769],[-5.14432,42.28155],[-5.15611,42.27772],[-5.16424,42.27108],[-5.17816,42.27111],[-5.18272,42.26421],[-5.19791,42.26054],[-5.21314,42.27613],[-5.22031,42.27792],[-5.22845,42.26247],[-5.23872,42.26618],[-5.24469,42.26387],[-5.24812,42.24632],[-5.254,42.23978],[-5.24255,42.23174],[-5.22952,42.23132],[-5.22599,42.22672],[-5.23271,42.21936],[-5.24148,42.21452],[-5.25715,42.21076],[-5.26564,42.2109],[-5.2767,42.2164],[-5.28693,42.22993],[-5.29699,42.22536],[-5.29979,42.21544],[-5.31157,42.19957],[-5.31734,42.2053],[-5.33212,42.20863],[-5.34355,42.21873],[-5.35214,42.21917],[-5.36123,42.22515],[-5.37559,42.22243],[-5.38082,42.2254],[-5.3881,42.22144],[-5.38851,42.20529],[-5.38023,42.19789],[-5.38711,42.18942],[-5.38887,42.17254],[-5.37959,42.16334],[-5.38024,42.14663],[-5.37589,42.14198],[-5.37152,42.13006],[-5.37519,42.12672],[-5.37273,42.1183],[-5.38,42.1128],[-5.37639,42.09951],[-5.39012,42.08981],[-5.37804,42.07506],[-5.37314,42.06406],[-5.37119,42.05143],[-5.37629,42.04147],[-5.3683,42.03333],[-5.34895,42.02259],[-5.32552,42.0204],[-5.31784,42.00662],[-5.30947,42.00283],[-5.30178,41.99133],[-5.28065,41.9788],[-5.28845,41.968],[-5.29965,41.96132],[-5.30566,41.95355],[-5.33476,41.94012],[-5.33202,41.93686],[-5.32087,41.93751],[-5.30989,41.93226],[-5.29373,41.91994],[-5.29591,41.91117],[-5.30657,41.90034],[-5.31045,41.89336],[-5.31151,41.88234],[-5.30534,41.86709],[-5.30647,41.85784],[-5.33043,41.8318],[-5.32654,41.82907],[-5.30774,41.82572],[-5.28715,41.82769],[-5.27682,41.82289],[-5.27962,41.81345],[-5.30618,41.79899],[-5.32265,41.78821],[-5.34154,41.78917],[-5.3495,41.78087],[-5.36506,41.77935],[-5.3821,41.76884],[-5.39138,41.76051],[-5.39069,41.75257],[-5.37148,41.72134],[-5.37003,41.72701],[-5.36169,41.72885],[-5.35616,41.71705],[-5.35814,41.69969],[-5.3457,41.70203],[-5.34082,41.69911],[-5.33842,41.6868],[-5.32735,41.68053],[-5.32236,41.66257],[-5.32476,41.64339],[-5.32014,41.63828],[-5.32526,41.63014],[-5.32421,41.62513],[-5.32889,41.61592],[-5.32021,41.61085],[-5.30858,41.61169],[-5.30574,41.60833],[-5.29248,41.6089],[-5.27747,41.60508],[-5.27054,41.60114],[-5.26795,41.59005],[-5.2793,41.58551],[-5.29307,41.57437],[-5.2832,41.56862],[-5.28051,41.56215],[-5.27262,41.55919],[-5.27411,41.5531],[-5.26401,41.55165],[-5.24765,41.54513],[-5.23434,41.53504],[-5.23011,41.52717],[-5.23384,41.51773],[-5.24168,41.51979],[-5.24725,41.51387],[-5.26188,41.50368],[-5.27716,41.50636],[-5.2896,41.50106],[-5.30174,41.49908],[-5.32087,41.48177],[-5.33502,41.4752],[-5.34187,41.47416],[-5.33913,41.46337],[-5.32479,41.45534],[-5.33222,41.4502],[-5.33328,41.43624],[-5.33924,41.4256],[-5.31835,41.42085],[-5.30754,41.41405],[-5.32049,41.40145],[-5.32146,41.3959],[-5.33185,41.38391],[-5.33462,41.37064],[-5.33313,41.35821],[-5.32443,41.34042],[-5.32212,41.32633],[-5.31593,41.32044],[-5.30585,41.31894],[-5.30368,41.30033],[-5.29727,41.29234],[-5.29495,41.28254],[-5.29657,41.27071],[-5.30152,41.26282],[-5.29644,41.23909],[-5.29637,41.22723],[-5.30762,41.22479],[-5.31538,41.21191],[-5.32751,41.20567],[-5.3403,41.19411],[-5.32558,41.17801],[-5.30174,41.18543],[-5.29698,41.18117],[-5.28874,41.18199],[-5.2919,41.18732],[-5.28847,41.19562],[-5.26862,41.19925],[-5.25297,41.19977],[-5.23075,41.19002],[-5.22494,41.18146],[-5.22227,41.17056],[-5.21734,41.16756],[-5.2005,41.16646],[-5.19126,41.16211],[-5.18506,41.16672],[-5.16609,41.16026],[-5.14508,41.14763],[-5.13617,41.14401],[-5.13235,41.13612],[-5.12493,41.13205],[-5.12404,41.1356],[-5.11015,41.13691],[-5.10013,41.1471],[-5.07599,41.1394],[-5.05986,41.13862],[-5.02178,41.15355],[-5.01559,41.16234],[-5.00445,41.15893],[-4.98974,41.1608],[-4.98454,41.15224],[-4.96761,41.1523],[-4.96297,41.14011],[-4.95081,41.14071],[-4.93929,41.13187],[-4.92383,41.12414],[-4.89411,41.11314],[-4.87211,41.09789],[-4.86306,41.09521],[-4.85798,41.0996],[-4.84656,41.10047],[-4.82796,41.09915],[-4.81497,41.10345],[-4.8189,41.10795],[-4.81339,41.12202],[-4.81352,41.12938],[-4.80416,41.13573],[-4.79613,41.13579],[-4.78619,41.14356],[-4.77876,41.145],[-4.76708,41.14236],[-4.74893,41.14974],[-4.729,41.15077],[-4.7221,41.14932],[-4.72134,41.15697],[-4.70234,41.17451],[-4.68444,41.18068],[-4.68056,41.18574],[-4.66591,41.18033],[-4.64369,41.1681],[-4.62775,41.1708],[-4.63193,41.18483],[-4.63635,41.19061],[-4.65063,41.2001],[-4.64645,41.20914],[-4.65086,41.22142],[-4.62393,41.23434],[-4.6033,41.25405],[-4.59867,41.26417],[-4.58788,41.2705],[-4.57488,41.27382],[-4.57562,41.28374],[-4.5902,41.29195],[-4.60198,41.30265],[-4.60515,41.31314],[-4.59685,41.32059],[-4.58669,41.31709],[-4.57678,41.30823],[-4.56526,41.30279],[-4.5575,41.30265],[-4.53402,41.31929],[-4.52428,41.32009],[-4.50538,41.31129],[-4.5001,41.30226],[-4.49029,41.30118],[-4.48168,41.29495],[-4.47146,41.29156],[-4.46779,41.29589],[-4.47059,41.31665],[-4.47389,41.32226],[-4.48228,41.32616],[-4.49391,41.32641],[-4.50224,41.3428],[-4.49669,41.34961],[-4.50005,41.35763],[-4.4959,41.36393],[-4.484,41.3668],[-4.51528,41.39409],[-4.51496,41.40966],[-4.5018,41.41086],[-4.48633,41.40879],[-4.48277,41.41198],[-4.46582,41.41444],[-4.46366,41.41913],[-4.43635,41.42703],[-4.4256,41.43279],[-4.4189,41.43983],[-4.41062,41.44165],[-4.38106,41.43844],[-4.36493,41.43888],[-4.35789,41.4492],[-4.33554,41.44816],[-4.33168,41.44498],[-4.32043,41.44843],[-4.31922,41.45332],[-4.30004,41.45772],[-4.28781,41.45825],[-4.26438,41.4562],[-4.24824,41.46209],[-4.23349,41.45574],[-4.22784,41.45997],[-4.19746,41.4711],[-4.17834,41.47539],[-4.16942,41.47577],[-4.15832,41.4821],[-4.14249,41.46994],[-4.1365,41.477],[-4.1087,41.48327],[-4.07866,41.4954],[-4.06528,41.49475],[-4.05803,41.49732],[-4.04855,41.50788],[-4.03643,41.50995],[-4.0274,41.5178],[-4.01832,41.5187],[-3.9999,41.5161],[-3.99468,41.52417],[-3.99309,41.537],[-3.99386,41.55601],[-3.98546,41.56495],[-3.98067,41.58337],[-3.98355,41.58597],[-3.98503,41.5983],[-3.99244,41.60044],[-3.99286,41.60866],[-4.00873,41.61003],[-4.00312,41.6172],[-4.01866,41.62012],[-4.02871,41.6144],[-4.03528,41.62062],[-4.03036,41.63049],[-4.02723,41.65712],[-4.02383,41.67133],[-4.02637,41.69298],[-4.04206,41.71109],[-4.06812,41.72655],[-4.0767,41.73356],[-4.0691,41.74117],[-4.05579,41.74068],[-4.0532,41.75737],[-4.04958,41.7682],[-4.04088,41.76835]]],[[[-5.52089,42.09714],[-5.51839,42.08469],[-5.50764,42.07541],[-5.50158,42.06652],[-5.50774,42.05751],[-5.49622,42.04919],[-5.48651,42.0388],[-5.49271,42.03329],[-5.48767,42.02586],[-5.47281,42.01358],[-5.47173,42.00629],[-5.47851,42.00012],[-5.48841,41.99554],[-5.4848,41.98457],[-5.4608,41.97472],[-5.45489,41.97546],[-5.43828,41.96739],[-5.43352,41.98307],[-5.43117,42.00246],[-5.43638,42.00903],[-5.44744,42.01366],[-5.42159,42.03068],[-5.42477,42.03564],[-5.43868,42.0315],[-5.45464,42.04068],[-5.46421,42.04364],[-5.48092,42.05243],[-5.49092,42.07513],[-5.50348,42.08758],[-5.52089,42.09714]]],[[[-5.31395,42.26918],[-5.32206,42.26773],[-5.32851,42.27415],[-5.34534,42.26777],[-5.34604,42.25104],[-5.34126,42.24627],[-5.34132,42.23275],[-5.33284,42.23872],[-5.31644,42.24112],[-5.31676,42.24956],[-5.30332,42.252],[-5.30068,42.26536],[-5.30644,42.27158],[-5.31395,42.26918]]]]},"properties":{"codi_prov":"47","provincia":"Valladolid","codi_ccaa":"07"}},{"type":"Feature","geometry":{"type":"MultiPolygon","coordinates":[[[[-3.14189,43.16115],[-3.1331,43.15598],[-3.12349,43.15412],[-3.11224,43.14354],[-3.09374,43.15095],[-3.07469,43.14635],[-3.06615,43.15551],[-3.02666,43.1611],[-3.02813,43.16944],[-3.01858,43.18221],[-3.02185,43.19964],[-3.03972,43.21067],[-3.02827,43.21665],[-3.0191,43.21112],[-3.00646,43.19601],[-2.98753,43.20088],[-2.9799,43.19929],[-2.97295,43.18623],[-2.96002,43.17501],[-2.94632,43.17043],[-2.95392,43.15945],[-2.94977,43.15711],[-2.93736,43.14251],[-2.93553,43.13602],[-2.94129,43.1322],[-2.96524,43.10355],[-2.97471,43.09877],[-2.95811,43.09018],[-2.93853,43.07627],[-2.92992,43.07216],[-2.91935,43.06023],[-2.89018,43.04572],[-2.88009,43.05111],[-2.86417,43.05174],[-2.84797,43.04449],[-2.83611,43.04168],[-2.82171,43.0356],[-2.78118,43.03392],[-2.76972,43.02686],[-2.74931,43.0273],[-2.74553,43.03352],[-2.73861,43.03334],[-2.72894,43.02398],[-2.71496,43.03071],[-2.70663,43.02989],[-2.69331,43.02248],[-2.68661,43.02186],[-2.66688,43.03143],[-2.65344,43.02713],[-2.6433,43.02137],[-2.63362,43.01991],[-2.63059,43.02871],[-2.63387,43.03363],[-2.63329,43.04321],[-2.64819,43.05805],[-2.65992,43.06512],[-2.66124,43.07391],[-2.63269,43.08701],[-2.61139,43.08568],[-2.59256,43.08123],[-2.56701,43.08377],[-2.54639,43.08801],[-2.54431,43.09163],[-2.52565,43.09565],[-2.51368,43.09002],[-2.50505,43.09476],[-2.50134,43.11874],[-2.49622,43.12341],[-2.50354,43.13996],[-2.5006,43.1513],[-2.50844,43.15856],[-2.50754,43.16437],[-2.48411,43.1709],[-2.49248,43.18088],[-2.48858,43.18886],[-2.48818,43.1991],[-2.49948,43.20976],[-2.49557,43.22457],[-2.48322,43.2244],[-2.47328,43.22183],[-2.46325,43.22347],[-2.43679,43.2435],[-2.43901,43.25183],[-2.42436,43.25953],[-2.41806,43.2676],[-2.42514,43.27989],[-2.44008,43.28816],[-2.43743,43.29888],[-2.42863,43.3089],[-2.42089,43.31272],[-2.4126,43.32127],[-2.42252,43.32536],[-2.4227,43.32991],[-2.43537,43.33428],[-2.44123,43.33244],[-2.46372,43.339],[-2.47246,43.35083],[-2.4852,43.35777],[-2.48749,43.36336],[-2.49872,43.36234],[-2.50947,43.37723],[-2.52042,43.37498],[-2.53452,43.37627],[-2.54456,43.37345],[-2.55082,43.37556],[-2.55255,43.38203],[-2.56269,43.39102],[-2.58031,43.3867],[-2.60354,43.39422],[-2.61723,43.39153],[-2.62791,43.39516],[-2.6382,43.40308],[-2.63767,43.413],[-2.64631,43.41594],[-2.65239,43.41098],[-2.66139,43.40919],[-2.66987,43.41246],[-2.679,43.41155],[-2.68809,43.40527],[-2.69616,43.40699],[-2.70181,43.4152],[-2.70838,43.41857],[-2.71837,43.41801],[-2.72034,43.42604],[-2.73585,43.42773],[-2.74302,43.4352],[-2.74802,43.44559],[-2.74674,43.45201],[-2.75206,43.45695],[-2.761,43.44982],[-2.77612,43.44518],[-2.78466,43.44525],[-2.79627,43.43953],[-2.80021,43.4329],[-2.82656,43.43189],[-2.84761,43.43298],[-2.85039,43.43032],[-2.86697,43.43152],[-2.86991,43.43501],[-2.88851,43.43636],[-2.90017,43.43325],[-2.90492,43.43857],[-2.91876,43.43892],[-2.93485,43.43449],[-2.94544,43.43567],[-2.9539,43.42694],[-2.94511,43.41684],[-2.95274,43.41123],[-2.96263,43.41413],[-2.97104,43.41275],[-2.9743,43.40464],[-2.98503,43.39946],[-2.99123,43.39249],[-3.00657,43.38362],[-3.02237,43.37841],[-3.03246,43.37768],[-3.03683,43.37396],[-3.03387,43.36751],[-3.01941,43.35839],[-3.01932,43.35113],[-3.01259,43.34774],[-3.0155,43.34074],[-3.01025,43.33724],[-3.02072,43.32554],[-3.02866,43.33336],[-3.04042,43.34973],[-3.04617,43.34332],[-3.07083,43.3545],[-3.09351,43.36273],[-3.11121,43.36173],[-3.11331,43.35144],[-3.12083,43.34905],[-3.12892,43.35446],[-3.14419,43.35137],[-3.15329,43.35332],[-3.15076,43.34871],[-3.15436,43.34102],[-3.14963,43.31928],[-3.15146,43.30717],[-3.15733,43.30132],[-3.19321,43.29845],[-3.20528,43.29095],[-3.20945,43.28361],[-3.22107,43.28734],[-3.25746,43.29208],[-3.2645,43.29602],[-3.27945,43.29005],[-3.29112,43.29037],[-3.29494,43.30076],[-3.31341,43.29745],[-3.32156,43.29245],[-3.33108,43.30062],[-3.34313,43.29428],[-3.33887,43.27834],[-3.35979,43.27191],[-3.36915,43.27453],[-3.3831,43.27037],[-3.39012,43.26248],[-3.3931,43.25146],[-3.39944,43.24628],[-3.4104,43.24702],[-3.41253,43.24177],[-3.43085,43.24036],[-3.44176,43.2351],[-3.45015,43.23621],[-3.44429,43.22114],[-3.43312,43.20662],[-3.43602,43.1914],[-3.4322,43.16698],[-3.42195,43.15233],[-3.41761,43.13332],[-3.39108,43.13971],[-3.36483,43.15098],[-3.35021,43.15375],[-3.34118,43.16702],[-3.33422,43.16546],[-3.31156,43.17169],[-3.2974,43.18249],[-3.27732,43.191],[-3.27815,43.19433],[-3.25464,43.19493],[-3.2503,43.19689],[-3.23607,43.18172],[-3.2235,43.17225],[-3.20478,43.17445],[-3.19711,43.17048],[-3.18564,43.16923],[-3.17908,43.17523],[-3.16804,43.17858],[-3.15863,43.17813],[-3.14829,43.174],[-3.14103,43.16502],[-3.14189,43.16115]],[[-3.27722,43.26351],[-3.27014,43.2666],[-3.24918,43.25965],[-3.25202,43.24612],[-3.2575,43.23966],[-3.2697,43.23272],[-3.26679,43.22329],[-3.27124,43.21917],[-3.26549,43.20647],[-3.27552,43.20091],[-3.28779,43.20059],[-3.29681,43.20602],[-3.29268,43.21896],[-3.29729,43.22218],[-3.29339,43.24265],[-3.30572,43.2527],[-3.30453,43.25826],[-3.27722,43.26351]]],[[[-3.03753,42.98244],[-3.00909,42.98165],[-3.00108,42.9895],[-2.98425,42.98821],[-2.97057,42.98981],[-2.95823,42.99441],[-2.96628,43.00122],[-2.97095,42.99678],[-2.98571,42.99217],[-2.99164,43.00056],[-2.98422,43.00792],[-2.98579,43.01163],[-2.99733,43.01398],[-3.00787,43.01329],[-3.0181,43.01774],[-3.029,43.01854],[-3.03259,43.02309],[-3.0208,43.03212],[-3.0292,43.0368],[-3.02847,43.04621],[-3.04184,43.04364],[-3.05004,43.04671],[-3.06249,43.03559],[-3.06533,43.023],[-3.09048,43.00947],[-3.08915,43.0015],[-3.07951,43.00462],[-3.06152,43.00357],[-3.06145,42.9995],[-3.04825,42.99053],[-3.04309,42.98341],[-3.03753,42.98244]]]]},"properties":{"codi_prov":"48","provincia":"Bizkaia","codi_ccaa":"16"}},{"type":"Feature","geometry":{"type":"Polygon","coordinates":[[[-5.42159,42.03068],[-5.44744,42.01366],[-5.43638,42.00903],[-5.43117,42.00246],[-5.43352,41.98307],[-5.43828,41.96739],[-5.45489,41.97546],[-5.4608,41.97472],[-5.4848,41.98457],[-5.48841,41.99554],[-5.47851,42.00012],[-5.47173,42.00629],[-5.47281,42.01358],[-5.48767,42.02586],[-5.49271,42.03329],[-5.48651,42.0388],[-5.49622,42.04919],[-5.50774,42.05751],[-5.50158,42.06652],[-5.50764,42.07541],[-5.51839,42.08469],[-5.52089,42.09714],[-5.527,42.1043],[-5.54336,42.09938],[-5.54402,42.08622],[-5.54825,42.07913],[-5.55349,42.06304],[-5.56146,42.05786],[-5.58017,42.05845],[-5.5865,42.07119],[-5.59734,42.07944],[-5.60624,42.0795],[-5.62487,42.08355],[-5.6342,42.0814],[-5.63663,42.0858],[-5.62554,42.09282],[-5.61956,42.10302],[-5.62234,42.10939],[-5.63818,42.12214],[-5.64291,42.13056],[-5.66591,42.13687],[-5.66534,42.14115],[-5.67963,42.14023],[-5.67677,42.12034],[-5.6978,42.12077],[-5.71751,42.115],[-5.74323,42.11343],[-5.75208,42.12135],[-5.75513,42.13436],[-5.77671,42.13581],[-5.78794,42.13344],[-5.79034,42.12777],[-5.80533,42.12458],[-5.81215,42.12654],[-5.83208,42.11937],[-5.83807,42.11877],[-5.84485,42.11072],[-5.86927,42.12217],[-5.88482,42.13845],[-5.881,42.14532],[-5.89717,42.15537],[-5.90607,42.14393],[-5.9116,42.14059],[-5.94812,42.14192],[-5.95372,42.12831],[-5.9609,42.12718],[-5.9743,42.1302],[-5.99258,42.14499],[-6.021,42.15384],[-6.02878,42.1576],[-6.0493,42.15986],[-6.07756,42.15904],[-6.0896,42.16165],[-6.10552,42.16199],[-6.12471,42.15887],[-6.13727,42.16472],[-6.14341,42.15882],[-6.15405,42.16132],[-6.16021,42.16577],[-6.17039,42.15818],[-6.2124,42.14808],[-6.2187,42.15097],[-6.22582,42.16195],[-6.24221,42.16763],[-6.25412,42.16704],[-6.25196,42.17306],[-6.27787,42.17896],[-6.29373,42.17803],[-6.29848,42.18362],[-6.31028,42.20605],[-6.32353,42.20355],[-6.32786,42.2004],[-6.34171,42.20509],[-6.34712,42.20053],[-6.38049,42.2015],[-6.3975,42.20079],[-6.41027,42.19576],[-6.4279,42.20194],[-6.43802,42.19834],[-6.44221,42.19353],[-6.45986,42.19714],[-6.47348,42.18861],[-6.47825,42.18223],[-6.49045,42.18409],[-6.49756,42.18202],[-6.50852,42.18499],[-6.50606,42.194],[-6.51425,42.19894],[-6.52962,42.20272],[-6.55776,42.20711],[-6.57371,42.20491],[-6.58764,42.20798],[-6.59718,42.20352],[-6.60712,42.20588],[-6.61327,42.20321],[-6.62346,42.21218],[-6.62994,42.21199],[-6.63865,42.2173],[-6.64795,42.21689],[-6.6551,42.21321],[-6.67096,42.2125],[-6.68932,42.21474],[-6.70379,42.20937],[-6.71147,42.21405],[-6.72114,42.21396],[-6.72286,42.21974],[-6.73329,42.22402],[-6.73484,42.2356],[-6.74299,42.24017],[-6.75718,42.2385],[-6.76596,42.24555],[-6.78437,42.25373],[-6.79078,42.25296],[-6.79607,42.24238],[-6.80308,42.23904],[-6.79436,42.22808],[-6.79609,42.22179],[-6.79031,42.21694],[-6.79664,42.20897],[-6.80249,42.21875],[-6.81657,42.22094],[-6.83017,42.22632],[-6.84364,42.22831],[-6.85558,42.22687],[-6.88656,42.21454],[-6.89273,42.20766],[-6.88824,42.20227],[-6.90085,42.18947],[-6.91464,42.18904],[-6.93858,42.17684],[-6.94559,42.14442],[-6.94865,42.13559],[-6.95552,42.12927],[-6.97176,42.12461],[-6.98918,42.12175],[-6.98884,42.10824],[-7.00275,42.09649],[-7.00247,42.08436],[-7.01972,42.08329],[-7.03358,42.07424],[-7.03101,42.0633],[-7.02206,42.06087],[-7.01615,42.05477],[-7.00778,42.05156],[-6.99469,42.05144],[-6.97479,42.05516],[-6.9731,42.03911],[-6.96467,42.03368],[-6.96114,42.0272],[-6.96645,42.02385],[-6.97091,42.01352],[-6.97631,42.00905],[-6.97951,42.00021],[-6.98648,41.99484],[-6.99166,41.98605],[-6.98642,41.97872],[-6.98576,41.97104],[-6.97935,41.97378],[-6.9578,41.96894],[-6.9443,41.94466],[-6.93502,41.9463],[-6.92588,41.94392],[-6.91145,41.94411],[-6.90363,41.94143],[-6.88507,41.94031],[-6.86952,41.94846],[-6.84885,41.94239],[-6.8216,41.94601],[-6.81001,41.96954],[-6.81134,41.99252],[-6.79789,41.9886],[-6.78553,41.98874],[-6.76868,41.98409],[-6.76735,41.9747],[-6.75886,41.96074],[-6.75057,41.94364],[-6.72931,41.93843],[-6.71445,41.93758],[-6.7,41.93332],[-6.63575,41.94205],[-6.62546,41.93975],[-6.6173,41.94106],[-6.6138,41.94626],[-6.59945,41.9483],[-6.58917,41.96293],[-6.57491,41.96084],[-6.54938,41.94454],[-6.54596,41.93088],[-6.54877,41.92336],[-6.5577,41.91035],[-6.56133,41.89594],[-6.56592,41.89401],[-6.57117,41.88349],[-6.53781,41.87673],[-6.51763,41.87509],[-6.51586,41.87004],[-6.52493,41.86109],[-6.52239,41.85406],[-6.52845,41.84745],[-6.52627,41.84274],[-6.53247,41.83465],[-6.52884,41.82863],[-6.53232,41.8199],[-6.54272,41.80571],[-6.54659,41.79358],[-6.54346,41.78915],[-6.55572,41.76429],[-6.55481,41.75822],[-6.5648,41.75149],[-6.56904,41.7434],[-6.56137,41.74178],[-6.55451,41.72474],[-6.55388,41.7175],[-6.54288,41.70376],[-6.55459,41.70063],[-6.55351,41.69308],[-6.54827,41.68559],[-6.53431,41.67661],[-6.52765,41.67527],[-6.51255,41.66122],[-6.49838,41.65702],[-6.48872,41.65751],[-6.46938,41.66624],[-6.45736,41.66659],[-6.45235,41.68091],[-6.44055,41.68441],[-6.42562,41.67945],[-6.4113,41.67856],[-6.40603,41.6809],[-6.39503,41.67699],[-6.37452,41.67375],[-6.35466,41.6764],[-6.31633,41.66507],[-6.30229,41.66181],[-6.28908,41.65582],[-6.25445,41.633],[-6.2358,41.60705],[-6.23008,41.60367],[-6.20871,41.59912],[-6.19695,41.5895],[-6.18917,41.57483],[-6.21181,41.55916],[-6.21738,41.55049],[-6.21735,41.5431],[-6.22672,41.53458],[-6.23694,41.52136],[-6.24655,41.51564],[-6.258,41.51193],[-6.25079,41.50088],[-6.25457,41.49742],[-6.26427,41.49887],[-6.27007,41.48657],[-6.28404,41.47902],[-6.28708,41.46542],[-6.29519,41.46075],[-6.30542,41.44967],[-6.29489,41.43521],[-6.30994,41.41936],[-6.31904,41.41547],[-6.32973,41.41459],[-6.33331,41.40657],[-6.32008,41.40095],[-6.31541,41.39007],[-6.34136,41.37997],[-6.3525,41.37846],[-6.365,41.38683],[-6.3761,41.38745],[-6.39051,41.38406],[-6.39348,41.36986],[-6.38612,41.36339],[-6.37634,41.36161],[-6.37973,41.35632],[-6.39317,41.34988],[-6.4067,41.35013],[-6.41527,41.34796],[-6.42604,41.33488],[-6.41815,41.32616],[-6.43315,41.32076],[-6.43839,41.315],[-6.43701,41.30587],[-6.4493,41.29885],[-6.45851,41.2977],[-6.46885,41.30128],[-6.47964,41.29422],[-6.47756,41.28758],[-6.46478,41.28644],[-6.45551,41.29182],[-6.44651,41.28434],[-6.42448,41.27973],[-6.42084,41.2829],[-6.40404,41.27882],[-6.39137,41.27892],[-6.38263,41.28572],[-6.37228,41.2863],[-6.35447,41.27915],[-6.34763,41.27268],[-6.33492,41.27163],[-6.32948,41.26836],[-6.31768,41.27089],[-6.31144,41.2634],[-6.29895,41.25732],[-6.28227,41.25394],[-6.26817,41.25561],[-6.25111,41.24174],[-6.23888,41.2401],[-6.22518,41.22773],[-6.19665,41.21823],[-6.19093,41.21367],[-6.17591,41.20797],[-6.16344,41.20741],[-6.14356,41.19779],[-6.1345,41.19039],[-6.12115,41.20373],[-6.10931,41.21261],[-6.1004,41.21024],[-6.09249,41.2125],[-6.07404,41.21132],[-6.06201,41.22105],[-6.05849,41.21471],[-6.04672,41.20901],[-6.02441,41.20305],[-6.00883,41.2005],[-6.01097,41.19379],[-6.01824,41.19026],[-6.02805,41.17571],[-6.0282,41.16652],[-6.02183,41.15526],[-6.0098,41.15206],[-6.00257,41.15314],[-5.98505,41.17334],[-5.97922,41.17457],[-5.97144,41.1688],[-5.97212,41.16263],[-5.96326,41.1501],[-5.96317,41.14604],[-5.95131,41.14027],[-5.94508,41.14418],[-5.9441,41.15049],[-5.93387,41.15146],[-5.93061,41.15956],[-5.93257,41.16607],[-5.92209,41.17583],[-5.91393,41.17934],[-5.91707,41.1924],[-5.91783,41.20486],[-5.92133,41.21815],[-5.91351,41.23077],[-5.89767,41.23859],[-5.89131,41.23583],[-5.87796,41.23739],[-5.86467,41.228],[-5.83522,41.22034],[-5.8087,41.22447],[-5.79083,41.21602],[-5.76438,41.21609],[-5.75125,41.22586],[-5.73246,41.22722],[-5.70122,41.23438],[-5.67894,41.23187],[-5.66342,41.24572],[-5.65574,41.24515],[-5.63276,41.22898],[-5.62832,41.21446],[-5.6106,41.21384],[-5.60462,41.20802],[-5.58793,41.20244],[-5.57233,41.21591],[-5.5564,41.21428],[-5.52519,41.19583],[-5.51808,41.19487],[-5.5132,41.1851],[-5.49658,41.17733],[-5.48815,41.17933],[-5.48821,41.15475],[-5.48434,41.1455],[-5.46983,41.15795],[-5.47556,41.16861],[-5.47504,41.17567],[-5.46844,41.17942],[-5.4431,41.18524],[-5.4181,41.18766],[-5.40759,41.18559],[-5.4026,41.17003],[-5.39658,41.16304],[-5.39998,41.15961],[-5.40155,41.1478],[-5.39109,41.14211],[-5.38377,41.13433],[-5.35699,41.14082],[-5.34771,41.13345],[-5.34077,41.12345],[-5.33255,41.12458],[-5.32895,41.11717],[-5.31605,41.1191],[-5.29786,41.12588],[-5.29151,41.15151],[-5.29861,41.16211],[-5.2917,41.16962],[-5.28874,41.18199],[-5.29698,41.18117],[-5.30174,41.18543],[-5.32558,41.17801],[-5.3403,41.19411],[-5.32751,41.20567],[-5.31538,41.21191],[-5.30762,41.22479],[-5.29637,41.22723],[-5.29644,41.23909],[-5.30152,41.26282],[-5.29657,41.27071],[-5.29495,41.28254],[-5.29727,41.29234],[-5.30368,41.30033],[-5.30585,41.31894],[-5.31593,41.32044],[-5.32212,41.32633],[-5.32443,41.34042],[-5.33313,41.35821],[-5.33462,41.37064],[-5.33185,41.38391],[-5.32146,41.3959],[-5.32049,41.40145],[-5.30754,41.41405],[-5.31835,41.42085],[-5.33924,41.4256],[-5.33328,41.43624],[-5.33222,41.4502],[-5.32479,41.45534],[-5.33913,41.46337],[-5.34187,41.47416],[-5.33502,41.4752],[-5.32087,41.48177],[-5.30174,41.49908],[-5.2896,41.50106],[-5.27716,41.50636],[-5.26188,41.50368],[-5.24725,41.51387],[-5.24168,41.51979],[-5.23384,41.51773],[-5.23011,41.52717],[-5.23434,41.53504],[-5.24765,41.54513],[-5.26401,41.55165],[-5.27411,41.5531],[-5.27262,41.55919],[-5.28051,41.56215],[-5.2832,41.56862],[-5.29307,41.57437],[-5.2793,41.58551],[-5.26795,41.59005],[-5.27054,41.60114],[-5.27747,41.60508],[-5.29248,41.6089],[-5.30574,41.60833],[-5.30858,41.61169],[-5.32021,41.61085],[-5.32889,41.61592],[-5.32421,41.62513],[-5.32526,41.63014],[-5.32014,41.63828],[-5.32476,41.64339],[-5.32236,41.66257],[-5.32735,41.68053],[-5.33842,41.6868],[-5.34082,41.69911],[-5.3457,41.70203],[-5.35814,41.69969],[-5.35616,41.71705],[-5.36169,41.72885],[-5.37003,41.72701],[-5.37148,41.72134],[-5.39069,41.75257],[-5.39138,41.76051],[-5.3821,41.76884],[-5.36506,41.77935],[-5.3495,41.78087],[-5.34154,41.78917],[-5.32265,41.78821],[-5.30618,41.79899],[-5.27962,41.81345],[-5.27682,41.82289],[-5.28715,41.82769],[-5.30774,41.82572],[-5.32654,41.82907],[-5.33043,41.8318],[-5.30647,41.85784],[-5.30534,41.86709],[-5.31151,41.88234],[-5.31045,41.89336],[-5.30657,41.90034],[-5.29591,41.91117],[-5.29373,41.91994],[-5.30989,41.93226],[-5.32087,41.93751],[-5.33202,41.93686],[-5.33476,41.94012],[-5.30566,41.95355],[-5.29965,41.96132],[-5.28845,41.968],[-5.28065,41.9788],[-5.30178,41.99133],[-5.30947,42.00283],[-5.31784,42.00662],[-5.32552,42.0204],[-5.34895,42.02259],[-5.3683,42.03333],[-5.37629,42.04147],[-5.38441,42.04211],[-5.3978,42.03462],[-5.40961,42.03104],[-5.42159,42.03068]]]},"properties":{"codi_prov":"49","provincia":"Zamora","codi_ccaa":"07"}},{"type":"Feature","geometry":{"type":"Polygon","coordinates":[[[-1.61745,40.94373],[-1.5899,40.93624],[-1.58189,40.94152],[-1.57596,40.93858],[-1.55739,40.93949],[-1.51204,40.95636],[-1.50534,40.96412],[-1.47299,40.9488],[-1.47145,40.958],[-1.45668,40.97045],[-1.44692,40.97654],[-1.44919,40.99108],[-1.45935,41.00676],[-1.47068,41.00947],[-1.4764,41.01494],[-1.45794,41.01836],[-1.44004,41.02617],[-1.42231,41.02716],[-1.41115,41.0351],[-1.41559,41.04335],[-1.40483,41.05063],[-1.41002,41.05791],[-1.40522,41.06631],[-1.39732,41.06595],[-1.37815,41.07307],[-1.36072,41.08793],[-1.3579,41.08019],[-1.36013,41.07159],[-1.35314,41.06237],[-1.35417,41.05753],[-1.33395,41.0514],[-1.32719,41.05515],[-1.31911,41.0498],[-1.30344,41.05227],[-1.28743,41.04886],[-1.2815,41.05593],[-1.27093,41.05478],[-1.2638,41.06149],[-1.2533,41.07733],[-1.25865,41.08901],[-1.27081,41.10109],[-1.2544,41.12294],[-1.24932,41.12562],[-1.22712,41.13022],[-1.20998,41.1388],[-1.19246,41.12701],[-1.17702,41.12805],[-1.17399,41.12369],[-1.15633,41.12903],[-1.1216,41.13493],[-1.11312,41.14276],[-1.11706,41.15548],[-1.1065,41.16701],[-1.09327,41.16246],[-1.0862,41.16413],[-1.05985,41.15098],[-1.0467,41.14245],[-1.03931,41.13472],[-1.02451,41.13805],[-1.01252,41.13467],[-1.00086,41.13401],[-0.98072,41.14512],[-0.99214,41.12414],[-1.00056,41.11484],[-0.9986,41.09523],[-0.98959,41.09114],[-0.98181,41.09216],[-0.96237,41.08164],[-0.96069,41.07806],[-0.94494,41.07532],[-0.93772,41.08343],[-0.91255,41.09301],[-0.91531,41.10516],[-0.90168,41.11185],[-0.89778,41.12149],[-0.89027,41.12607],[-0.89362,41.13249],[-0.88608,41.14083],[-0.88366,41.13011],[-0.87135,41.1165],[-0.85989,41.10801],[-0.82853,41.09642],[-0.81784,41.10025],[-0.79462,41.10475],[-0.79158,41.11151],[-0.78379,41.11755],[-0.7824,41.126],[-0.78485,41.13627],[-0.77636,41.15256],[-0.76484,41.15891],[-0.76141,41.16966],[-0.75301,41.16684],[-0.73464,41.14664],[-0.72775,41.14391],[-0.72582,41.138],[-0.71554,41.12467],[-0.69397,41.11229],[-0.68037,41.1208],[-0.67193,41.13002],[-0.67209,41.13418],[-0.665,41.14596],[-0.64651,41.1632],[-0.63754,41.17347],[-0.62411,41.17986],[-0.62188,41.18429],[-0.6099,41.19168],[-0.62876,41.20443],[-0.64082,41.21853],[-0.66056,41.22968],[-0.66887,41.23626],[-0.66315,41.23941],[-0.64278,41.23836],[-0.62546,41.24818],[-0.62875,41.25982],[-0.62726,41.28],[-0.63197,41.3018],[-0.62972,41.31176],[-0.60552,41.32221],[-0.59503,41.31475],[-0.57494,41.2952],[-0.54849,41.26774],[-0.54616,41.25746],[-0.53917,41.23963],[-0.53158,41.22781],[-0.51414,41.23463],[-0.50969,41.23828],[-0.50618,41.25025],[-0.51533,41.26968],[-0.52715,41.28822],[-0.53514,41.29472],[-0.55248,41.30309],[-0.56706,41.30425],[-0.57861,41.3156],[-0.58248,41.32683],[-0.58179,41.34812],[-0.56927,41.35359],[-0.55892,41.3543],[-0.55359,41.34709],[-0.54341,41.34897],[-0.52254,41.34837],[-0.51086,41.35398],[-0.50256,41.35439],[-0.47993,41.34593],[-0.47707,41.32931],[-0.47016,41.31825],[-0.45926,41.31843],[-0.44282,41.31299],[-0.42427,41.31353],[-0.42875,41.29407],[-0.41131,41.27908],[-0.40586,41.27236],[-0.36886,41.26086],[-0.34682,41.24595],[-0.34318,41.24018],[-0.32473,41.2455],[-0.32485,41.2539],[-0.31608,41.25686],[-0.3091,41.25277],[-0.27845,41.22655],[-0.26857,41.21482],[-0.247,41.21218],[-0.23218,41.19588],[-0.22247,41.18886],[-0.20547,41.19201],[-0.18095,41.18814],[-0.15048,41.17424],[-0.1326,41.1615],[-0.1035,41.14962],[-0.07844,41.15055],[-0.07095,41.14371],[-0.05329,41.13864],[-0.03827,41.12905],[-0.02579,41.12808],[-0.01177,41.11942],[-0.00862,41.104],[-0.00065,41.09041],[0.01136,41.07895],[0.01899,41.06822],[0.02505,41.06477],[0.03741,41.04707],[0.04616,41.05322],[0.0557,41.06629],[0.05754,41.07505],[0.07863,41.08034],[0.09323,41.0801],[0.11905,41.07653],[0.12677,41.07176],[0.14693,41.06358],[0.16724,41.07075],[0.1969,41.06797],[0.22075,41.07133],[0.21663,41.07562],[0.21952,41.08333],[0.20138,41.08419],[0.2004,41.10222],[0.20929,41.11687],[0.20037,41.12424],[0.20331,41.1284],[0.21863,41.13071],[0.21979,41.13421],[0.23787,41.12984],[0.24987,41.13009],[0.25026,41.13792],[0.26047,41.14916],[0.27301,41.14881],[0.29199,41.15636],[0.30332,41.16438],[0.3095,41.19426],[0.31722,41.20971],[0.31844,41.22009],[0.3224,41.22524],[0.33215,41.223],[0.34031,41.23106],[0.35759,41.22556],[0.3638,41.22697],[0.3646,41.23868],[0.37967,41.23631],[0.37351,41.24866],[0.37804,41.25282],[0.37696,41.26068],[0.37958,41.27059],[0.38569,41.27855],[0.36994,41.29599],[0.36565,41.30397],[0.3699,41.31577],[0.36459,41.32127],[0.35166,41.32429],[0.34845,41.32809],[0.35979,41.34128],[0.37283,41.3476],[0.37397,41.35154],[0.35829,41.37199],[0.35203,41.37402],[0.32004,41.39418],[0.33585,41.40746],[0.31627,41.41693],[0.27133,41.425],[0.24059,41.42835],[0.2249,41.41448],[0.21909,41.40357],[0.19816,41.40289],[0.18913,41.39617],[0.17542,41.39693],[0.17371,41.40272],[0.16365,41.4065],[0.15737,41.39774],[0.13265,41.38979],[0.12271,41.38155],[0.11764,41.36862],[0.11845,41.36392],[0.1063,41.35082],[0.09336,41.34997],[0.07113,41.35356],[0.04304,41.35572],[0.03676,41.35506],[0.00969,41.36043],[-0.00298,41.38792],[-0.0234,41.39699],[-0.0241,41.38633],[-0.02928,41.37782],[-0.00793,41.34781],[-0.03339,41.35804],[-0.04944,41.36046],[-0.05401,41.36665],[-0.07,41.37296],[-0.07271,41.37716],[-0.0739,41.39276],[-0.08404,41.41532],[-0.08446,41.43144],[-0.10385,41.48025],[-0.10497,41.48548],[-0.13008,41.51457],[-0.13479,41.52239],[-0.15666,41.53529],[-0.15934,41.54823],[-0.15748,41.56838],[-0.16735,41.58111],[-0.15645,41.58997],[-0.18213,41.59805],[-0.20574,41.60226],[-0.22781,41.58647],[-0.24292,41.57261],[-0.26318,41.5885],[-0.27231,41.58992],[-0.28347,41.59536],[-0.30231,41.60792],[-0.30527,41.61625],[-0.31259,41.6241],[-0.32717,41.62426],[-0.33621,41.63015],[-0.35556,41.63234],[-0.36231,41.63782],[-0.36076,41.64512],[-0.36592,41.65974],[-0.36808,41.68194],[-0.37726,41.68945],[-0.38483,41.68756],[-0.40312,41.69622],[-0.41045,41.70135],[-0.432,41.70621],[-0.44735,41.70564],[-0.44903,41.70931],[-0.46437,41.71515],[-0.46715,41.72156],[-0.48225,41.72431],[-0.48994,41.73177],[-0.51697,41.72846],[-0.51962,41.73144],[-0.51127,41.74159],[-0.50399,41.74615],[-0.50528,41.75266],[-0.50069,41.76132],[-0.50499,41.76459],[-0.50695,41.77932],[-0.51145,41.7826],[-0.50884,41.79147],[-0.51244,41.79828],[-0.51055,41.80658],[-0.51653,41.8136],[-0.51831,41.82462],[-0.51675,41.83678],[-0.52714,41.85287],[-0.54296,41.85821],[-0.55521,41.87133],[-0.57046,41.87553],[-0.58491,41.87577],[-0.59279,41.88248],[-0.60331,41.88283],[-0.5951,41.89746],[-0.59971,41.90223],[-0.61593,41.90572],[-0.63014,41.91254],[-0.63232,41.91951],[-0.65124,41.94373],[-0.65783,41.9575],[-0.68868,41.95867],[-0.69591,41.9566],[-0.72876,41.96022],[-0.73703,41.95332],[-0.77821,41.9574],[-0.79637,41.9626],[-0.81331,41.97355],[-0.84488,41.98458],[-0.85771,41.99162],[-0.86325,41.99815],[-0.8821,42.0021],[-0.88078,42.00838],[-0.86879,42.01311],[-0.85418,42.02233],[-0.8496,42.02851],[-0.84879,42.04154],[-0.85628,42.04698],[-0.85334,42.05479],[-0.84497,42.0586],[-0.82817,42.08255],[-0.80508,42.09643],[-0.80512,42.07347],[-0.79822,42.06003],[-0.78792,42.05189],[-0.77631,42.0555],[-0.77371,42.06135],[-0.76371,42.06622],[-0.76663,42.07398],[-0.76105,42.07793],[-0.77001,42.08548],[-0.75881,42.08788],[-0.76231,42.10272],[-0.7545,42.10764],[-0.75812,42.11456],[-0.7534,42.12157],[-0.76007,42.12886],[-0.75533,42.13672],[-0.75872,42.14696],[-0.74954,42.15983],[-0.75566,42.16192],[-0.7598,42.17023],[-0.75976,42.17786],[-0.75367,42.18313],[-0.7513,42.20169],[-0.75835,42.20396],[-0.76154,42.21586],[-0.76198,42.22851],[-0.75967,42.24832],[-0.75938,42.26365],[-0.75196,42.26362],[-0.74849,42.27754],[-0.74238,42.27986],[-0.73038,42.29117],[-0.72886,42.29632],[-0.73884,42.31921],[-0.74417,42.34084],[-0.73763,42.34409],[-0.73512,42.35334],[-0.74372,42.35916],[-0.73643,42.36988],[-0.74827,42.37793],[-0.75576,42.38004],[-0.77794,42.39126],[-0.78095,42.37672],[-0.77706,42.3655],[-0.7719,42.36269],[-0.77181,42.34671],[-0.78182,42.31583],[-0.79379,42.29197],[-0.80504,42.27205],[-0.8131,42.26449],[-0.82825,42.27405],[-0.83234,42.27371],[-0.84393,42.28283],[-0.85818,42.27479],[-0.86874,42.28112],[-0.87696,42.28165],[-0.88343,42.27531],[-0.89078,42.25956],[-0.88709,42.25568],[-0.89092,42.24892],[-0.88651,42.2446],[-0.89311,42.24001],[-0.90165,42.25086],[-0.91801,42.2555],[-0.91804,42.25942],[-0.90895,42.26742],[-0.90312,42.2762],[-0.88898,42.28698],[-0.89209,42.29692],[-0.88218,42.31323],[-0.86584,42.33291],[-0.85566,42.33992],[-0.84997,42.35908],[-0.84276,42.36634],[-0.84389,42.38492],[-0.83313,42.38199],[-0.82167,42.38456],[-0.81531,42.39523],[-0.8226,42.39783],[-0.82802,42.39431],[-0.84057,42.39878],[-0.84209,42.40739],[-0.87653,42.41774],[-0.89602,42.42808],[-0.90551,42.43681],[-0.89628,42.4438],[-0.90637,42.44976],[-0.90376,42.45324],[-0.88955,42.45965],[-0.8819,42.45706],[-0.87772,42.46164],[-0.8796,42.46973],[-0.89695,42.48073],[-0.89178,42.48731],[-0.89385,42.51045],[-0.89914,42.51208],[-0.91155,42.50807],[-0.91325,42.50384],[-0.92666,42.5028],[-0.93343,42.50588],[-0.9278,42.52275],[-0.91645,42.53732],[-0.89826,42.53896],[-0.89515,42.55085],[-0.89935,42.55998],[-0.9186,42.55528],[-0.92161,42.57124],[-0.93417,42.57265],[-0.92479,42.58797],[-0.90867,42.58713],[-0.90485,42.60084],[-0.91082,42.6041],[-0.90466,42.61294],[-0.91051,42.63194],[-0.92338,42.64697],[-0.92764,42.65624],[-0.90215,42.65689],[-0.89287,42.66677],[-0.88773,42.66762],[-0.88012,42.69396],[-0.88963,42.69466],[-0.90271,42.70217],[-0.91696,42.70077],[-0.91179,42.70928],[-0.90387,42.71449],[-0.90684,42.72661],[-0.89687,42.73566],[-0.90109,42.74272],[-0.92298,42.744],[-0.92477,42.73888],[-0.93588,42.73427],[-0.9355,42.72989],[-0.94462,42.721],[-0.94624,42.71408],[-0.95868,42.71167],[-0.96868,42.70535],[-1.00149,42.69995],[-1.01681,42.70226],[-1.02798,42.70006],[-1.03343,42.69286],[-1.03919,42.69163],[-1.03249,42.6756],[-1.03962,42.6642],[-1.0386,42.64833],[-1.05193,42.64259],[-1.0694,42.64157],[-1.08369,42.64586],[-1.09284,42.64648],[-1.12043,42.64503],[-1.14383,42.64823],[-1.15241,42.64757],[-1.15701,42.62367],[-1.15712,42.61089],[-1.16891,42.61659],[-1.17878,42.61513],[-1.18004,42.60786],[-1.15845,42.59987],[-1.17068,42.59683],[-1.20192,42.57824],[-1.20452,42.5683],[-1.20274,42.54936],[-1.21832,42.54883],[-1.2265,42.54186],[-1.26498,42.55635],[-1.27282,42.54273],[-1.28864,42.52236],[-1.28992,42.51443],[-1.28673,42.49853],[-1.27511,42.49576],[-1.27278,42.4819],[-1.28136,42.46445],[-1.28984,42.45737],[-1.31521,42.44922],[-1.34151,42.42394],[-1.34295,42.40814],[-1.34961,42.394],[-1.35977,42.37836],[-1.35061,42.37007],[-1.33672,42.37237],[-1.32979,42.36131],[-1.32908,42.35539],[-1.33747,42.34555],[-1.35228,42.33952],[-1.37515,42.31572],[-1.38366,42.30373],[-1.39908,42.2913],[-1.38989,42.27853],[-1.3955,42.26946],[-1.39497,42.26377],[-1.39976,42.25642],[-1.39988,42.24551],[-1.41636,42.222],[-1.41753,42.21237],[-1.41337,42.20222],[-1.39521,42.19065],[-1.39191,42.18142],[-1.39455,42.16433],[-1.39837,42.15639],[-1.39282,42.14959],[-1.39999,42.12868],[-1.39888,42.12622],[-1.36676,42.10696],[-1.36525,42.09316],[-1.35228,42.07307],[-1.34421,42.07101],[-1.33522,42.07279],[-1.31059,42.07231],[-1.31274,42.06502],[-1.30332,42.0518],[-1.30482,42.04295],[-1.3282,42.02798],[-1.33952,42.01801],[-1.34108,42.01239],[-1.35149,42.00243],[-1.36627,41.98221],[-1.37435,41.962],[-1.38599,41.95725],[-1.38028,41.95089],[-1.38223,41.94334],[-1.39599,41.93925],[-1.40672,41.92879],[-1.41076,41.91896],[-1.42178,41.91307],[-1.44072,41.91642],[-1.45329,41.91573],[-1.47305,41.92448],[-1.50176,41.92428],[-1.50612,41.91586],[-1.52331,41.90989],[-1.55926,41.91394],[-1.57336,41.9179],[-1.59625,41.92709],[-1.60626,41.9415],[-1.61482,41.95053],[-1.644,41.95907],[-1.65415,41.96535],[-1.6592,41.96095],[-1.67366,41.96643],[-1.68682,41.95285],[-1.70078,41.95394],[-1.70444,41.95723],[-1.71522,41.95696],[-1.7343,41.9639],[-1.75203,41.97998],[-1.7669,41.99579],[-1.77407,41.99551],[-1.79234,41.98969],[-1.81035,41.99802],[-1.8337,41.99506],[-1.84037,42.00417],[-1.84718,42.008],[-1.85132,41.99807],[-1.84446,41.98695],[-1.86519,41.9776],[-1.85654,41.9664],[-1.85475,41.95915],[-1.85656,41.94725],[-1.85495,41.93678],[-1.8586,41.93284],[-1.85728,41.90952],[-1.83878,41.88902],[-1.84044,41.87612],[-1.83213,41.86333],[-1.8226,41.86544],[-1.81751,41.85307],[-1.82058,41.84874],[-1.81918,41.82832],[-1.82579,41.81901],[-1.83466,41.81553],[-1.84401,41.80591],[-1.85167,41.79328],[-1.85212,41.78826],[-1.83971,41.78719],[-1.82599,41.77864],[-1.82114,41.7661],[-1.80258,41.75085],[-1.8091,41.73637],[-1.79779,41.73202],[-1.7882,41.73377],[-1.78324,41.72722],[-1.77537,41.72479],[-1.78558,41.71716],[-1.78641,41.70745],[-1.79123,41.69995],[-1.79847,41.6985],[-1.81259,41.68607],[-1.80908,41.68468],[-1.80622,41.66426],[-1.81311,41.66056],[-1.82915,41.6626],[-1.83459,41.66065],[-1.85899,41.66153],[-1.87398,41.63798],[-1.87882,41.64105],[-1.8979,41.63241],[-1.89957,41.62742],[-1.91361,41.61625],[-1.91386,41.60968],[-1.9231,41.59833],[-1.95802,41.60484],[-1.9693,41.60564],[-1.976,41.60293],[-1.98451,41.60707],[-1.99303,41.6008],[-1.99197,41.59036],[-1.99348,41.5769],[-1.96883,41.55249],[-1.96717,41.54548],[-1.97837,41.52455],[-1.97499,41.51606],[-1.97879,41.50409],[-1.97664,41.49671],[-1.98111,41.48644],[-1.96663,41.47894],[-1.95328,41.46245],[-1.9524,41.44551],[-1.94874,41.42964],[-1.95393,41.42406],[-1.93961,41.41858],[-1.93796,41.40747],[-1.95369,41.40863],[-1.9706,41.40099],[-1.98188,41.40232],[-1.98741,41.39591],[-2.00194,41.39377],[-2.00965,41.38584],[-2.01651,41.38355],[-2.02927,41.38416],[-2.04243,41.38862],[-2.04379,41.39703],[-2.03495,41.40414],[-2.036,41.42642],[-2.04725,41.43398],[-2.10152,41.44579],[-2.10311,41.43966],[-2.11177,41.43419],[-2.11677,41.42495],[-2.11607,41.40871],[-2.12053,41.39432],[-2.11979,41.38],[-2.1258,41.36964],[-2.13127,41.36848],[-2.14984,41.35588],[-2.16314,41.35535],[-2.16249,41.34787],[-2.15665,41.33741],[-2.17049,41.31883],[-2.16714,41.31199],[-2.17367,41.28808],[-2.16351,41.28319],[-2.15645,41.25864],[-2.15489,41.24039],[-2.149,41.21881],[-2.14624,41.18439],[-2.10676,41.17522],[-2.0799,41.17098],[-2.07734,41.16313],[-2.05169,41.14685],[-2.04762,41.15265],[-2.02946,41.15627],[-2.00843,41.15644],[-1.9878,41.16114],[-1.98281,41.16506],[-1.95902,41.17249],[-1.94833,41.16685],[-1.9468,41.1599],[-1.93916,41.15247],[-1.93916,41.14734],[-1.93245,41.13859],[-1.92165,41.13429],[-1.89639,41.13519],[-1.87916,41.12373],[-1.87291,41.11087],[-1.85913,41.10368],[-1.83592,41.09951],[-1.82527,41.09496],[-1.81738,41.09517],[-1.80321,41.08998],[-1.79463,41.07875],[-1.7704,41.06645],[-1.75775,41.05507],[-1.75938,41.0482],[-1.74861,41.04126],[-1.7454,41.03259],[-1.73769,41.0313],[-1.71655,41.01356],[-1.69185,40.99563],[-1.67922,40.98933],[-1.67478,40.98403],[-1.66101,40.97832],[-1.65408,40.969],[-1.635,40.95272],[-1.61745,40.94373]],[[-1.18047,42.4256],[-1.16344,42.43224],[-1.15228,42.44202],[-1.1453,42.43649],[-1.15415,42.42779],[-1.15471,42.41378],[-1.15928,42.40946],[-1.17169,42.40653],[-1.18467,42.40085],[-1.18899,42.40418],[-1.18424,42.41016],[-1.18047,42.4256]],[[-1.12939,42.4474],[-1.12586,42.4569],[-1.11918,42.46119],[-1.10758,42.47868],[-1.09891,42.48611],[-1.0852,42.48357],[-1.08766,42.47566],[-1.06965,42.46649],[-1.06389,42.45329],[-1.05247,42.44535],[-1.05712,42.43386],[-1.0669,42.43432],[-1.09029,42.43953],[-1.10757,42.44075],[-1.11693,42.44511],[-1.12939,42.4474]]]},"properties":{"codi_prov":"50","provincia":"Zaragoza","codi_ccaa":"02"}},{"type":"Feature","geometry":{"type":"Polygon","coordinates":[[[-5.38206,35.9124],[-5.37673,35.90416],[-5.37782,35.89598],[-5.37184,35.88143],[-5.36075,35.87749],[-5.35559,35.87281],[-5.34349,35.87074],[-5.3406,35.87595],[-5.32796,35.87828],[-5.31798,35.8874],[-5.30731,35.88424],[-5.2868,35.89096],[-5.2783,35.89797],[-5.28582,35.9035],[-5.2955,35.90272],[-5.30244,35.89276],[-5.31352,35.88907],[-5.32471,35.89681],[-5.33494,35.89408],[-5.34321,35.8997],[-5.34817,35.90782],[-5.3649,35.91727],[-5.37882,35.91621],[-5.38206,35.9124]]]},"properties":{"codi_prov":"51","provincia":"Ceuta","codi_ccaa":"18"}},{"type":"Feature","geometry":{"type":"Polygon","coordinates":[[[-2.95264,35.3203],[-2.96005,35.31595],[-2.96758,35.30167],[-2.9703,35.28868],[-2.9668,35.28177],[-2.95415,35.27274],[-2.95054,35.26549],[-2.93882,35.26745],[-2.92947,35.2718],[-2.93703,35.28152],[-2.93473,35.29524],[-2.93745,35.30227],[-2.94716,35.30889],[-2.94446,35.31435],[-2.95264,35.3203]]]},"properties":{"codi_prov":"52","provincia":"Melilla","codi_ccaa":"19"}}]}